timestamp,gym_name,crowd_value
2026-09-10T08:20:35.729033+00:00,ActiveSG Gym @ Ang Mo Kio Community Centre,32%
2026-09-10T08:20:35.729033+00:00,ActiveSG Gym @ Enabling Village,18%
2026-09-10T08:20:35.729033+00:00,ActiveSG Gym @ Fernvale Square,37%
2026-09-10T08:20:35.729033+00:00,ActiveSG Gym @ Serangoon Central,37%
2026-09-10T08:20:35.729033+00:00,ActiveSG Gym @ Toa Payoh,56%
2026-09-10T08:20:35.729033+00:00,ActiveSG Gym @ Toa Payoh West Community Centre,19%
2026-09-10T08:20:35.729033+00:00,ActiveSG Hockey Village @ Boon Lay Gym,26%
2026-09-10T08:20:35.729033+00:00,ActiveSG Sport Park @ Teck Ghee ActiveSG Gym,40%
2026-09-10T08:20:35.729033+00:00,Bishan ActiveSG Gym,46%
2026-09-10T08:20:35.729033+00:00,Bukit Batok ActiveSG Gym,45%
2026-09-10T08:20:35.729033+00:00,Bukit Canberra ActiveSG Gym,42%
2026-09-10T08:20:35.729033+00:00,Bukit Gombak ActiveSG Gym,79%
2026-09-10T08:20:35.729033+00:00,Choa Chu Kang ActiveSG Gym,58%
2026-09-10T08:20:35.729033+00:00,Clementi ActiveSG Gym,41%
2026-09-10T08:20:35.729033+00:00,Delta ActiveSG Gym,31%
2026-09-10T08:20:35.729033+00:00,Heartbeat @ Bedok ActiveSG Gym,54%
2026-09-10T08:20:35.729033+00:00,Hougang ActiveSG Gym,50%
2026-09-10T08:20:35.729033+00:00,Jalan Besar ActiveSG Gym,72%
2026-09-10T08:20:35.729033+00:00,Jurong East ActiveSG Gym,33%
2026-09-10T08:20:35.729033+00:00,Jurong Lake Gardens ActiveSG Gym,26%
2026-09-10T08:20:35.729033+00:00,Jurong West ActiveSG Gym,22%
2026-09-10T08:20:35.729033+00:00,Katong ActiveSG Gym,51%
2026-09-10T08:20:35.729033+00:00,Pasir Ris ActiveSG Gym,39%
2026-09-10T08:20:35.729033+00:00,Queenstown ActiveSG Gym,50%
2026-09-10T08:20:35.729033+00:00,Sengkang ActiveSG Gym,74%
2026-09-10T08:20:35.729033+00:00,Senja-Cashew ActiveSG Gym,69%
2026-09-10T08:20:35.729033+00:00,Tampines ActiveSG Gym,66%
2026-09-10T08:20:35.729033+00:00,Woodlands ActiveSG Gym,43%
2026-09-10T08:20:35.729033+00:00,Yio Chu Kang ActiveSG Gym,23%
2026-09-10T08:20:35.729033+00:00,Yishun ActiveSG Gym,36%
2026-09-10T08:27:33.388522+00:00,ActiveSG Gym @ Ang Mo Kio Community Centre,32%
2026-09-10T08:27:33.388522+00:00,ActiveSG Gym @ Enabling Village,18%
2026-09-10T08:27:33.388522+00:00,ActiveSG Gym @ Fernvale Square,42%
2026-09-10T08:27:33.388522+00:00,ActiveSG Gym @ Serangoon Central,37%
2026-09-10T08:27:33.388522+00:00,ActiveSG Gym @ Toa Payoh,53%
2026-09-10T08:27:33.388522+00:00,ActiveSG Gym @ Toa Payoh West Community Centre,20%
2026-09-10T08:27:33.388522+00:00,ActiveSG Hockey Village @ Boon Lay Gym,26%
2026-09-10T08:27:33.388522+00:00,ActiveSG Sport Park @ Teck Ghee ActiveSG Gym,41%
2026-09-10T08:27:33.388522+00:00,Bishan ActiveSG Gym,46%
2026-09-10T08:27:33.388522+00:00,Bukit Batok ActiveSG Gym,48%
2026-09-10T08:27:33.388522+00:00,Bukit Canberra ActiveSG Gym,45%
2026-09-10T08:27:33.388522+00:00,Bukit Gombak ActiveSG Gym,79%
2026-09-10T08:27:33.388522+00:00,Choa Chu Kang ActiveSG Gym,57%
2026-09-10T08:27:33.388522+00:00,Clementi ActiveSG Gym,33%
2026-09-10T08:27:33.388522+00:00,Delta ActiveSG Gym,31%
2026-09-10T08:27:33.388522+00:00,Heartbeat @ Bedok ActiveSG Gym,53%
2026-09-10T08:27:33.388522+00:00,Hougang ActiveSG Gym,50%
2026-09-10T08:27:33.388522+00:00,Jalan Besar ActiveSG Gym,73%
2026-09-10T08:27:33.388522+00:00,Jurong East ActiveSG Gym,34%
2026-09-10T08:27:33.388522+00:00,Jurong Lake Gardens ActiveSG Gym,26%
2026-09-10T08:27:33.388522+00:00,Jurong West ActiveSG Gym,22%
2026-09-10T08:27:33.388522+00:00,Katong ActiveSG Gym,55%
2026-09-10T08:27:33.388522+00:00,Pasir Ris ActiveSG Gym,40%
2026-09-10T08:27:33.388522+00:00,Queenstown ActiveSG Gym,48%
2026-09-10T08:27:33.388522+00:00,Sengkang ActiveSG Gym,71%
2026-09-10T08:27:33.388522+00:00,Senja-Cashew ActiveSG Gym,72%
2026-09-10T08:27:33.388522+00:00,Tampines ActiveSG Gym,64%
2026-09-10T08:27:33.388522+00:00,Woodlands ActiveSG Gym,42%
2026-09-10T08:27:33.388522+00:00,Yio Chu Kang ActiveSG Gym,24%
2026-09-10T08:27:33.388522+00:00,Yishun ActiveSG Gym,40%
2026-09-10T10:06:16.287892+00:00,ActiveSG Gym @ Ang Mo Kio Community Centre,35%
2026-09-10T10:06:16.287892+00:00,ActiveSG Gym @ Enabling Village,44%
2026-09-10T10:06:16.287892+00:00,ActiveSG Gym @ Fernvale Square,55%
2026-09-10T10:06:16.287892+00:00,ActiveSG Gym @ Serangoon Central,47%
2026-09-10T10:06:16.287892+00:00,ActiveSG Gym @ Toa Payoh,63%
2026-09-10T10:06:16.287892+00:00,ActiveSG Gym @ Toa Payoh West Community Centre,21%
2026-09-10T10:06:16.287892+00:00,ActiveSG Hockey Village @ Boon Lay Gym,26%
2026-09-10T10:06:16.287892+00:00,ActiveSG Sport Park @ Teck Ghee ActiveSG Gym,42%
2026-09-10T10:06:16.287892+00:00,Bishan ActiveSG Gym,51%
2026-09-10T10:06:16.287892+00:00,Bukit Batok ActiveSG Gym,78%
2026-09-10T10:06:16.287892+00:00,Bukit Canberra ActiveSG Gym,64%
2026-09-10T10:06:16.287892+00:00,Bukit Gombak ActiveSG Gym,87%
2026-09-10T10:06:16.287892+00:00,Choa Chu Kang ActiveSG Gym,56%
2026-09-10T10:06:16.287892+00:00,Clementi ActiveSG Gym,51%
2026-09-10T10:06:16.287892+00:00,Delta ActiveSG Gym,47%
2026-09-10T10:06:16.287892+00:00,Heartbeat @ Bedok ActiveSG Gym,56%
2026-09-10T10:06:16.287892+00:00,Hougang ActiveSG Gym,53%
2026-09-10T10:06:16.287892+00:00,Jalan Besar ActiveSG Gym,69%
2026-09-10T10:06:16.287892+00:00,Jurong East ActiveSG Gym,43%
2026-09-10T10:06:16.287892+00:00,Jurong Lake Gardens ActiveSG Gym,33%
2026-09-10T10:06:16.287892+00:00,Jurong West ActiveSG Gym,24%
2026-09-10T10:06:16.287892+00:00,Katong ActiveSG Gym,60%
2026-09-10T10:06:16.287892+00:00,Pasir Ris ActiveSG Gym,42%
2026-09-10T10:06:16.287892+00:00,Queenstown ActiveSG Gym,58%
2026-09-10T10:06:16.287892+00:00,Sengkang ActiveSG Gym,79%
2026-09-10T10:06:16.287892+00:00,Senja-Cashew ActiveSG Gym,66%
2026-09-10T10:06:16.287892+00:00,Tampines ActiveSG Gym,45%
2026-09-10T10:06:16.287892+00:00,Woodlands ActiveSG Gym,41%
2026-09-10T10:06:16.287892+00:00,Yio Chu Kang ActiveSG Gym,48%
2026-09-10T10:06:16.287892+00:00,Yishun ActiveSG Gym,71%
2026-09-10T12:23:59.068164+00:00,ActiveSG Gym @ Ang Mo Kio Community Centre,43%
2026-09-10T12:23:59.068164+00:00,ActiveSG Gym @ Enabling Village,22%
2026-09-10T12:23:59.068164+00:00,ActiveSG Gym @ Fernvale Square,67%
2026-09-10T12:23:59.068164+00:00,ActiveSG Gym @ Serangoon Central,83%
2026-09-10T12:23:59.068164+00:00,ActiveSG Gym @ Toa Payoh,63%
2026-09-10T12:23:59.068164+00:00,ActiveSG Gym @ Toa Payoh West Community Centre,21%
2026-09-10T12:23:59.068164+00:00,ActiveSG Hockey Village @ Boon Lay Gym,34%
2026-09-10T12:23:59.068164+00:00,ActiveSG Sport Park @ Teck Ghee ActiveSG Gym,41%
2026-09-10T12:23:59.068164+00:00,Bishan ActiveSG Gym,64%
2026-09-10T12:23:59.068164+00:00,Bukit Batok ActiveSG Gym,63%
2026-09-10T12:23:59.068164+00:00,Bukit Canberra ActiveSG Gym,82%
2026-09-10T12:23:59.068164+00:00,Bukit Gombak ActiveSG Gym,93%
2026-09-10T12:23:59.068164+00:00,Choa Chu Kang ActiveSG Gym,83%
2026-09-10T12:23:59.068164+00:00,Clementi ActiveSG Gym,47%
2026-09-10T12:23:59.068164+00:00,Delta ActiveSG Gym,72%
2026-09-10T12:23:59.068164+00:00,Heartbeat @ Bedok ActiveSG Gym,58%
2026-09-10T12:23:59.068164+00:00,Hougang ActiveSG Gym,68%
2026-09-10T12:23:59.068164+00:00,Jalan Besar ActiveSG Gym,69%
2026-09-10T12:23:59.068164+00:00,Jurong East ActiveSG Gym,56%
2026-09-10T12:23:59.068164+00:00,Jurong Lake Gardens ActiveSG Gym,35%
2026-09-10T12:23:59.068164+00:00,Jurong West ActiveSG Gym,39%
2026-09-10T12:23:59.068164+00:00,Katong ActiveSG Gym,54%
2026-09-10T12:23:59.068164+00:00,Pasir Ris ActiveSG Gym,53%
2026-09-10T12:23:59.068164+00:00,Queenstown ActiveSG Gym,72%
2026-09-10T12:23:59.068164+00:00,Sengkang ActiveSG Gym,80%
2026-09-10T12:23:59.068164+00:00,Senja-Cashew ActiveSG Gym,88%
2026-09-10T12:23:59.068164+00:00,Tampines ActiveSG Gym,62%
2026-09-10T12:23:59.068164+00:00,Woodlands ActiveSG Gym,57%
2026-09-10T12:23:59.068164+00:00,Yio Chu Kang ActiveSG Gym,56%
2026-09-10T12:23:59.068164+00:00,Yishun ActiveSG Gym,62%
2026-09-11T05:41:53.328739+00:00,ActiveSG Gym @ Ang Mo Kio Community Centre,23%
2026-09-11T05:41:53.328739+00:00,ActiveSG Gym @ Enabling Village,18%
2026-09-11T05:41:53.328739+00:00,ActiveSG Gym @ Fernvale Square,42%
2026-09-11T05:41:53.328739+00:00,ActiveSG Gym @ Serangoon Central,43%
2026-09-11T05:41:53.328739+00:00,ActiveSG Gym @ Toa Payoh,44%
2026-09-11T05:41:53.328739+00:00,ActiveSG Gym @ Toa Payoh West Community Centre,27%
2026-09-11T05:41:53.328739+00:00,ActiveSG Hockey Village @ Boon Lay Gym,19%
2026-09-11T05:41:53.328739+00:00,ActiveSG Sport Park @ Teck Ghee ActiveSG Gym,31%
2026-09-11T05:41:53.328739+00:00,Bishan ActiveSG Gym,41%
2026-09-11T05:41:53.328739+00:00,Bukit Batok ActiveSG Gym,43%
2026-09-11T05:41:53.328739+00:00,Bukit Canberra ActiveSG Gym,48%
2026-09-11T05:41:53.328739+00:00,Bukit Gombak ActiveSG Gym,44%
2026-09-11T05:41:53.328739+00:00,Choa Chu Kang ActiveSG Gym,27%
2026-09-11T05:41:53.328739+00:00,Clementi ActiveSG Gym,56%
2026-09-11T05:41:53.328739+00:00,Delta ActiveSG Gym,38%
2026-09-11T05:41:53.328739+00:00,Heartbeat @ Bedok ActiveSG Gym,57%
2026-09-11T05:41:53.328739+00:00,Hougang ActiveSG Gym,46%
2026-09-11T05:41:53.328739+00:00,Jalan Besar ActiveSG Gym,32%
2026-09-11T05:41:53.328739+00:00,Jurong East ActiveSG Gym,20%
2026-09-11T05:41:53.328739+00:00,Jurong Lake Gardens ActiveSG Gym,24%
2026-09-11T05:41:53.328739+00:00,Jurong West ActiveSG Gym,30%
2026-09-11T05:41:53.328739+00:00,Katong ActiveSG Gym,34%
2026-09-11T05:41:53.328739+00:00,Pasir Ris ActiveSG Gym,21%
2026-09-11T05:41:53.328739+00:00,Queenstown ActiveSG Gym,40%
2026-09-11T05:41:53.328739+00:00,Sengkang ActiveSG Gym,65%
2026-09-11T05:41:53.328739+00:00,Senja-Cashew ActiveSG Gym,37%
2026-09-11T05:41:53.328739+00:00,Tampines ActiveSG Gym,44%
2026-09-11T05:41:53.328739+00:00,Woodlands ActiveSG Gym,38%
2026-09-11T05:41:53.328739+00:00,Yio Chu Kang ActiveSG Gym,11%
2026-09-11T05:41:53.328739+00:00,Yishun ActiveSG Gym,43%
2026-09-11T10:01:51.502331+00:00,ActiveSG Gym @ Ang Mo Kio Community Centre,22%
2026-09-11T10:01:51.502331+00:00,ActiveSG Gym @ Enabling Village,33%
2026-09-11T10:01:51.502331+00:00,ActiveSG Gym @ Fernvale Square,52%
2026-09-11T10:01:51.502331+00:00,ActiveSG Gym @ Serangoon Central,57%
2026-09-11T10:01:51.502331+00:00,ActiveSG Gym @ Toa Payoh,77%
2026-09-11T10:01:51.502331+00:00,ActiveSG Gym @ Toa Payoh West Community Centre,25%
2026-09-11T10:01:51.502331+00:00,ActiveSG Hockey Village @ Boon Lay Gym,44%
2026-09-11T10:01:51.502331+00:00,ActiveSG Sport Park @ Teck Ghee ActiveSG Gym,42%
2026-09-11T10:01:51.502331+00:00,Bishan ActiveSG Gym,28%
2026-09-11T10:01:51.502331+00:00,Bukit Batok ActiveSG Gym,30%
2026-09-11T10:01:51.502331+00:00,Bukit Canberra ActiveSG Gym,61%
2026-09-11T10:01:51.502331+00:00,Bukit Gombak ActiveSG Gym,52%
2026-09-11T10:01:51.502331+00:00,Choa Chu Kang ActiveSG Gym,45%
2026-09-11T10:01:51.502331+00:00,Clementi ActiveSG Gym,74%
2026-09-11T10:01:51.502331+00:00,Delta ActiveSG Gym,39%
2026-09-11T10:01:51.502331+00:00,Heartbeat @ Bedok ActiveSG Gym,57%
2026-09-11T10:01:51.502331+00:00,Hougang ActiveSG Gym,47%
2026-09-11T10:01:51.502331+00:00,Jalan Besar ActiveSG Gym,65%
2026-09-11T10:01:51.502331+00:00,Jurong East ActiveSG Gym,46%
2026-09-11T10:01:51.502331+00:00,Jurong Lake Gardens ActiveSG Gym,29%
2026-09-11T10:01:51.502331+00:00,Jurong West ActiveSG Gym,27%
2026-09-11T10:01:51.502331+00:00,Katong ActiveSG Gym,29%
2026-09-11T10:01:51.502331+00:00,Pasir Ris ActiveSG Gym,43%
2026-09-11T10:01:51.502331+00:00,Queenstown ActiveSG Gym,50%
2026-09-11T10:01:51.502331+00:00,Sengkang ActiveSG Gym,81%
2026-09-11T10:01:51.502331+00:00,Senja-Cashew ActiveSG Gym,72%
2026-09-11T10:01:51.502331+00:00,Tampines ActiveSG Gym,44%
2026-09-11T10:01:51.502331+00:00,Woodlands ActiveSG Gym,51%
2026-09-11T10:01:51.502331+00:00,Yio Chu Kang ActiveSG Gym,35%
2026-09-11T10:01:51.502331+00:00,Yishun ActiveSG Gym,34%
2026-09-12T05:36:16.815387+00:00,ActiveSG Gym @ Ang Mo Kio Community Centre,27%
2026-09-12T05:36:16.815387+00:00,ActiveSG Gym @ Enabling Village,18%
2026-09-12T05:36:16.815387+00:00,ActiveSG Gym @ Fernvale Square,45%
2026-09-12T05:36:16.815387+00:00,ActiveSG Gym @ Serangoon Central,43%
2026-09-12T05:36:16.815387+00:00,ActiveSG Gym @ Toa Payoh,50%
2026-09-12T05:36:16.815387+00:00,ActiveSG Gym @ Toa Payoh West Community Centre,21%
2026-09-12T05:36:16.815387+00:00,ActiveSG Hockey Village @ Boon Lay Gym,21%
2026-09-12T05:36:16.815387+00:00,ActiveSG Sport Park @ Teck Ghee ActiveSG Gym,24%
2026-09-12T05:36:16.815387+00:00,Bishan ActiveSG Gym,39%
2026-09-12T05:36:16.815387+00:00,Bukit Batok ActiveSG Gym,50%
2026-09-12T05:36:16.815387+00:00,Bukit Canberra ActiveSG Gym,52%
2026-09-12T05:36:16.815387+00:00,Bukit Gombak ActiveSG Gym,47%
2026-09-12T05:36:16.815387+00:00,Choa Chu Kang ActiveSG Gym,61%
2026-09-12T05:36:16.815387+00:00,Clementi ActiveSG Gym,46%
2026-09-12T05:36:16.815387+00:00,Delta ActiveSG Gym,40%
2026-09-12T05:36:16.815387+00:00,Heartbeat @ Bedok ActiveSG Gym,53%
2026-09-12T05:36:16.815387+00:00,Hougang ActiveSG Gym,32%
2026-09-12T05:36:16.815387+00:00,Jalan Besar ActiveSG Gym,38%
2026-09-12T05:36:16.815387+00:00,Jurong East ActiveSG Gym,19%
2026-09-12T05:36:16.815387+00:00,Jurong Lake Gardens ActiveSG Gym,30%
2026-09-12T05:36:16.815387+00:00,Jurong West ActiveSG Gym,18%
2026-09-12T05:36:16.815387+00:00,Katong ActiveSG Gym,51%
2026-09-12T05:36:16.815387+00:00,Pasir Ris ActiveSG Gym,36%
2026-09-12T05:36:16.815387+00:00,Queenstown ActiveSG Gym,44%
2026-09-12T05:36:16.815387+00:00,Sengkang ActiveSG Gym,47%
2026-09-12T05:36:16.815387+00:00,Senja-Cashew ActiveSG Gym,43%
2026-09-12T05:36:16.815387+00:00,Tampines ActiveSG Gym,36%
2026-09-12T05:36:16.815387+00:00,Woodlands ActiveSG Gym,43%
2026-09-12T05:36:16.815387+00:00,Yio Chu Kang ActiveSG Gym,48%
2026-09-12T05:36:16.815387+00:00,Yishun ActiveSG Gym,35%
2026-09-12T13:10:16.475692+00:00,ActiveSG Gym @ Ang Mo Kio Community Centre,43%
2026-09-12T13:10:16.475692+00:00,ActiveSG Gym @ Enabling Village,20%
2026-09-12T13:10:16.475692+00:00,ActiveSG Gym @ Fernvale Square,62%
2026-09-12T13:10:16.475692+00:00,ActiveSG Gym @ Serangoon Central,17%
2026-09-12T13:10:16.475692+00:00,ActiveSG Gym @ Toa Payoh,39%
2026-09-12T13:10:16.475692+00:00,ActiveSG Gym @ Toa Payoh West Community Centre,17%
2026-09-12T13:10:16.475692+00:00,ActiveSG Hockey Village @ Boon Lay Gym,21%
2026-09-12T13:10:16.475692+00:00,ActiveSG Sport Park @ Teck Ghee ActiveSG Gym,26%
2026-09-12T13:10:16.475692+00:00,Bishan ActiveSG Gym,32%
2026-09-12T13:10:16.475692+00:00,Bukit Batok ActiveSG Gym,43%
2026-09-12T13:10:16.475692+00:00,Bukit Canberra ActiveSG Gym,37%
2026-09-12T13:10:16.475692+00:00,Bukit Gombak ActiveSG Gym,64%
2026-09-12T13:10:16.475692+00:00,Choa Chu Kang ActiveSG Gym,69%
2026-09-12T13:10:16.475692+00:00,Clementi ActiveSG Gym,54%
2026-09-12T13:10:16.475692+00:00,Delta ActiveSG Gym,28%
2026-09-12T13:10:16.475692+00:00,Heartbeat @ Bedok ActiveSG Gym,50%
2026-09-12T13:10:16.475692+00:00,Hougang ActiveSG Gym,45%
2026-09-12T13:10:16.475692+00:00,Jalan Besar ActiveSG Gym,52%
2026-09-12T13:10:16.475692+00:00,Jurong East ActiveSG Gym,43%
2026-09-12T13:10:16.475692+00:00,Jurong Lake Gardens ActiveSG Gym,34%
2026-09-12T13:10:16.475692+00:00,Jurong West ActiveSG Gym,29%
2026-09-12T13:10:16.475692+00:00,Katong ActiveSG Gym,54%
2026-09-12T13:10:16.475692+00:00,Pasir Ris ActiveSG Gym,26%
2026-09-12T13:10:16.475692+00:00,Queenstown ActiveSG Gym,23%
2026-09-12T13:10:16.475692+00:00,Sengkang ActiveSG Gym,75%
2026-09-12T13:10:16.475692+00:00,Senja-Cashew ActiveSG Gym,49%
2026-09-12T13:10:16.475692+00:00,Tampines ActiveSG Gym,67%
2026-09-12T13:10:16.475692+00:00,Woodlands ActiveSG Gym,63%
2026-09-12T13:10:16.475692+00:00,Yio Chu Kang ActiveSG Gym,27%
2026-09-12T13:10:16.475692+00:00,Yishun ActiveSG Gym,41%
2026-09-12T13:15:03.815977+00:00,ActiveSG Gym @ Ang Mo Kio Community Centre,42%
2026-09-12T13:15:03.815977+00:00,ActiveSG Gym @ Enabling Village,20%
2026-09-12T13:15:03.815977+00:00,ActiveSG Gym @ Fernvale Square,62%
2026-09-12T13:15:03.815977+00:00,ActiveSG Gym @ Serangoon Central,17%
2026-09-12T13:15:03.815977+00:00,ActiveSG Gym @ Toa Payoh,36%
2026-09-12T13:15:03.815977+00:00,ActiveSG Gym @ Toa Payoh West Community Centre,16%
2026-09-12T13:15:03.815977+00:00,ActiveSG Hockey Village @ Boon Lay Gym,21%
2026-09-12T13:15:03.815977+00:00,ActiveSG Sport Park @ Teck Ghee ActiveSG Gym,24%
2026-09-12T13:15:03.815977+00:00,Bishan ActiveSG Gym,32%
2026-09-12T13:15:03.815977+00:00,Bukit Batok ActiveSG Gym,30%
2026-09-12T13:15:03.815977+00:00,Bukit Canberra ActiveSG Gym,38%
2026-09-12T13:15:03.815977+00:00,Bukit Gombak ActiveSG Gym,64%
2026-09-12T13:15:03.815977+00:00,Choa Chu Kang ActiveSG Gym,69%
2026-09-12T13:15:03.815977+00:00,Clementi ActiveSG Gym,53%
2026-09-12T13:15:03.815977+00:00,Delta ActiveSG Gym,28%
2026-09-12T13:15:03.815977+00:00,Heartbeat @ Bedok ActiveSG Gym,50%
2026-09-12T13:15:03.815977+00:00,Hougang ActiveSG Gym,45%
2026-09-12T13:15:03.815977+00:00,Jalan Besar ActiveSG Gym,52%
2026-09-12T13:15:03.815977+00:00,Jurong East ActiveSG Gym,38%
2026-09-12T13:15:03.815977+00:00,Jurong Lake Gardens ActiveSG Gym,34%
2026-09-12T13:15:03.815977+00:00,Jurong West ActiveSG Gym,24%
2026-09-12T13:15:03.815977+00:00,Katong ActiveSG Gym,54%
2026-09-12T13:15:03.815977+00:00,Pasir Ris ActiveSG Gym,29%
2026-09-12T13:15:03.815977+00:00,Queenstown ActiveSG Gym,23%
2026-09-12T13:15:03.815977+00:00,Sengkang ActiveSG Gym,78%
2026-09-12T13:15:03.815977+00:00,Senja-Cashew ActiveSG Gym,49%
2026-09-12T13:15:03.815977+00:00,Tampines ActiveSG Gym,66%
2026-09-12T13:15:03.815977+00:00,Woodlands ActiveSG Gym,1%
2026-09-12T13:15:03.815977+00:00,Yio Chu Kang ActiveSG Gym,23%
2026-09-12T13:15:03.815977+00:00,Yishun ActiveSG Gym,42%
2026-09-12T13:30:14.143040+00:00,ActiveSG Gym @ Ang Mo Kio Community Centre,38%
2026-09-12T13:30:14.143040+00:00,ActiveSG Gym @ Enabling Village,20%
2026-09-12T13:30:14.143040+00:00,ActiveSG Gym @ Fernvale Square,62%
2026-09-12T13:30:14.143040+00:00,ActiveSG Gym @ Serangoon Central,17%
2026-09-12T13:30:14.143040+00:00,ActiveSG Gym @ Toa Payoh,33%
2026-09-12T13:30:14.143040+00:00,ActiveSG Gym @ Toa Payoh West Community Centre,16%
2026-09-12T13:30:14.143040+00:00,ActiveSG Hockey Village @ Boon Lay Gym,21%
2026-09-12T13:30:14.143040+00:00,ActiveSG Sport Park @ Teck Ghee ActiveSG Gym,24%
2026-09-12T13:30:14.143040+00:00,Bishan ActiveSG Gym,23%
2026-09-12T13:30:14.143040+00:00,Bukit Batok ActiveSG Gym,30%
2026-09-12T13:30:14.143040+00:00,Bukit Canberra ActiveSG Gym,35%
2026-09-12T13:30:14.143040+00:00,Bukit Gombak ActiveSG Gym,64%
2026-09-12T13:30:14.143040+00:00,Choa Chu Kang ActiveSG Gym,66%
2026-09-12T13:30:14.143040+00:00,Clementi ActiveSG Gym,34%
2026-09-12T13:30:14.143040+00:00,Delta ActiveSG Gym,26%
2026-09-12T13:30:14.143040+00:00,Heartbeat @ Bedok ActiveSG Gym,47%
2026-09-12T13:30:14.143040+00:00,Hougang ActiveSG Gym,42%
2026-09-12T13:30:14.143040+00:00,Jalan Besar ActiveSG Gym,24%
2026-09-12T13:30:14.143040+00:00,Jurong East ActiveSG Gym,36%
2026-09-12T13:30:14.143040+00:00,Jurong Lake Gardens ActiveSG Gym,34%
2026-09-12T13:30:14.143040+00:00,Jurong West ActiveSG Gym,23%
2026-09-12T13:30:14.143040+00:00,Katong ActiveSG Gym,54%
2026-09-12T13:30:14.143040+00:00,Pasir Ris ActiveSG Gym,27%
2026-09-12T13:30:14.143040+00:00,Queenstown ActiveSG Gym,23%
2026-09-12T13:30:14.143040+00:00,Sengkang ActiveSG Gym,76%
2026-09-12T13:30:14.143040+00:00,Senja-Cashew ActiveSG Gym,43%
2026-09-12T13:30:14.143040+00:00,Tampines ActiveSG Gym,54%
2026-09-12T13:30:14.143040+00:00,Woodlands ActiveSG Gym,1%
2026-09-12T13:30:14.143040+00:00,Yio Chu Kang ActiveSG Gym,22%
2026-09-12T13:30:14.143040+00:00,Yishun ActiveSG Gym,43%
2026-09-12T13:45:14.209141+00:00,ActiveSG Gym @ Ang Mo Kio Community Centre,30%
2026-09-12T13:45:14.209141+00:00,ActiveSG Gym @ Enabling Village,20%
2026-09-12T13:45:14.209141+00:00,ActiveSG Gym @ Fernvale Square,62%
2026-09-12T13:45:14.209141+00:00,ActiveSG Gym @ Serangoon Central,17%
2026-09-12T13:45:14.209141+00:00,ActiveSG Gym @ Toa Payoh,24%
2026-09-12T13:45:14.209141+00:00,ActiveSG Gym @ Toa Payoh West Community Centre,16%
2026-09-12T13:45:14.209141+00:00,ActiveSG Hockey Village @ Boon Lay Gym,0%
2026-09-12T13:45:14.209141+00:00,ActiveSG Sport Park @ Teck Ghee ActiveSG Gym,16%
2026-09-12T13:45:14.209141+00:00,Bishan ActiveSG Gym,21%
2026-09-12T13:45:14.209141+00:00,Bukit Batok ActiveSG Gym,30%
2026-09-12T13:45:14.209141+00:00,Bukit Canberra ActiveSG Gym,24%
2026-09-12T13:45:14.209141+00:00,Bukit Gombak ActiveSG Gym,64%
2026-09-12T13:45:14.209141+00:00,Choa Chu Kang ActiveSG Gym,65%
2026-09-12T13:45:14.209141+00:00,Clementi ActiveSG Gym,0%
2026-09-12T13:45:14.209141+00:00,Delta ActiveSG Gym,14%
2026-09-12T13:45:14.209141+00:00,Heartbeat @ Bedok ActiveSG Gym,47%
2026-09-12T13:45:14.209141+00:00,Hougang ActiveSG Gym,26%
2026-09-12T13:45:14.209141+00:00,Jalan Besar ActiveSG Gym,0%
2026-09-12T13:45:14.209141+00:00,Jurong East ActiveSG Gym,19%
2026-09-12T13:45:14.209141+00:00,Jurong Lake Gardens ActiveSG Gym,34%
2026-09-12T13:45:14.209141+00:00,Jurong West ActiveSG Gym,3%
2026-09-12T13:45:14.209141+00:00,Katong ActiveSG Gym,54%
2026-09-12T13:45:14.209141+00:00,Pasir Ris ActiveSG Gym,25%
2026-09-12T13:45:14.209141+00:00,Queenstown ActiveSG Gym,23%
2026-09-12T13:45:14.209141+00:00,Sengkang ActiveSG Gym,76%
2026-09-12T13:45:14.209141+00:00,Senja-Cashew ActiveSG Gym,38%
2026-09-12T13:45:14.209141+00:00,Tampines ActiveSG Gym,52%
2026-09-12T13:45:14.209141+00:00,Woodlands ActiveSG Gym,1%
2026-09-12T13:45:14.209141+00:00,Yio Chu Kang ActiveSG Gym,19%
2026-09-12T13:45:14.209141+00:00,Yishun ActiveSG Gym,47%
2026-09-12T23:00:12.138379+00:00,ActiveSG Gym @ Ang Mo Kio Community Centre,0%
2026-09-12T23:00:12.138379+00:00,ActiveSG Gym @ Enabling Village,0%
2026-09-12T23:00:12.138379+00:00,ActiveSG Gym @ Fernvale Square,0%
2026-09-12T23:00:12.138379+00:00,ActiveSG Gym @ Serangoon Central,0%
2026-09-12T23:00:12.138379+00:00,ActiveSG Gym @ Toa Payoh,0%
2026-09-12T23:00:12.138379+00:00,ActiveSG Gym @ Toa Payoh West Community Centre,1%
2026-09-12T23:00:12.138379+00:00,ActiveSG Hockey Village @ Boon Lay Gym,0%
2026-09-12T23:00:12.138379+00:00,ActiveSG Sport Park @ Teck Ghee ActiveSG Gym,0%
2026-09-12T23:00:12.138379+00:00,Bishan ActiveSG Gym,6%
2026-09-12T23:00:12.138379+00:00,Bukit Batok ActiveSG Gym,0%
2026-09-12T23:00:12.138379+00:00,Bukit Canberra ActiveSG Gym,5%
2026-09-12T23:00:12.138379+00:00,Bukit Gombak ActiveSG Gym,0%
2026-09-12T23:00:12.138379+00:00,Choa Chu Kang ActiveSG Gym,0%
2026-09-12T23:00:12.138379+00:00,Clementi ActiveSG Gym,0%
2026-09-12T23:00:12.138379+00:00,Delta ActiveSG Gym,0%
2026-09-12T23:00:12.138379+00:00,Heartbeat @ Bedok ActiveSG Gym,0%
2026-09-12T23:00:12.138379+00:00,Hougang ActiveSG Gym,0%
2026-09-12T23:00:12.138379+00:00,Jalan Besar ActiveSG Gym,0%
2026-09-12T23:00:12.138379+00:00,Jurong East ActiveSG Gym,0%
2026-09-12T23:00:12.138379+00:00,Jurong Lake Gardens ActiveSG Gym,0%
2026-09-12T23:00:12.138379+00:00,Jurong West ActiveSG Gym,0%
2026-09-12T23:00:12.138379+00:00,Katong ActiveSG Gym,0%
2026-09-12T23:00:12.138379+00:00,Pasir Ris ActiveSG Gym,0%
2026-09-12T23:00:12.138379+00:00,Queenstown ActiveSG Gym,0%
2026-09-12T23:00:12.138379+00:00,Sengkang ActiveSG Gym,0%
2026-09-12T23:00:12.138379+00:00,Senja-Cashew ActiveSG Gym,0%
2026-09-12T23:00:12.138379+00:00,Tampines ActiveSG Gym,0%
2026-09-12T23:00:12.138379+00:00,Woodlands ActiveSG Gym,1%
2026-09-12T23:00:12.138379+00:00,Yio Chu Kang ActiveSG Gym,3%
2026-09-12T23:00:12.138379+00:00,Yishun ActiveSG Gym,1%
2026-09-12T23:15:14.220789+00:00,ActiveSG Gym @ Ang Mo Kio Community Centre,10%
2026-09-12T23:15:14.220789+00:00,ActiveSG Gym @ Enabling Village,9%
2026-09-12T23:15:14.220789+00:00,ActiveSG Gym @ Fernvale Square,15%
2026-09-12T23:15:14.220789+00:00,ActiveSG Gym @ Serangoon Central,20%
2026-09-12T23:15:14.220789+00:00,ActiveSG Gym @ Toa Payoh,21%
2026-09-12T23:15:14.220789+00:00,ActiveSG Gym @ Toa Payoh West Community Centre,4%
2026-09-12T23:15:14.220789+00:00,ActiveSG Hockey Village @ Boon Lay Gym,5%
2026-09-12T23:15:14.220789+00:00,ActiveSG Sport Park @ Teck Ghee ActiveSG Gym,10%
2026-09-12T23:15:14.220789+00:00,Bishan ActiveSG Gym,8%
2026-09-12T23:15:14.220789+00:00,Bukit Batok ActiveSG Gym,18%
2026-09-12T23:15:14.220789+00:00,Bukit Canberra ActiveSG Gym,15%
2026-09-12T23:15:14.220789+00:00,Bukit Gombak ActiveSG Gym,14%
2026-09-12T23:15:14.220789+00:00,Choa Chu Kang ActiveSG Gym,20%
2026-09-12T23:15:14.220789+00:00,Clementi ActiveSG Gym,13%
2026-09-12T23:15:14.220789+00:00,Delta ActiveSG Gym,18%
2026-09-12T23:15:14.220789+00:00,Heartbeat @ Bedok ActiveSG Gym,20%
2026-09-12T23:15:14.220789+00:00,Hougang ActiveSG Gym,13%
2026-09-12T23:15:14.220789+00:00,Jalan Besar ActiveSG Gym,16%
2026-09-12T23:15:14.220789+00:00,Jurong East ActiveSG Gym,4%
2026-09-12T23:15:14.220789+00:00,Jurong Lake Gardens ActiveSG Gym,7%
2026-09-12T23:15:14.220789+00:00,Jurong West ActiveSG Gym,6%
2026-09-12T23:15:14.220789+00:00,Katong ActiveSG Gym,8%
2026-09-12T23:15:14.220789+00:00,Pasir Ris ActiveSG Gym,7%
2026-09-12T23:15:14.220789+00:00,Queenstown ActiveSG Gym,8%
2026-09-12T23:15:14.220789+00:00,Sengkang ActiveSG Gym,18%
2026-09-12T23:15:14.220789+00:00,Senja-Cashew ActiveSG Gym,23%
2026-09-12T23:15:14.220789+00:00,Tampines ActiveSG Gym,15%
2026-09-12T23:15:14.220789+00:00,Woodlands ActiveSG Gym,11%
2026-09-12T23:15:14.220789+00:00,Yio Chu Kang ActiveSG Gym,8%
2026-09-12T23:15:14.220789+00:00,Yishun ActiveSG Gym,10%
2026-09-12T23:30:13.764012+00:00,ActiveSG Gym @ Ang Mo Kio Community Centre,17%
2026-09-12T23:30:13.764012+00:00,ActiveSG Gym @ Enabling Village,20%
2026-09-12T23:30:13.764012+00:00,ActiveSG Gym @ Fernvale Square,23%
2026-09-12T23:30:13.764012+00:00,ActiveSG Gym @ Serangoon Central,30%
2026-09-12T23:30:13.764012+00:00,ActiveSG Gym @ Toa Payoh,29%
2026-09-12T23:30:13.764012+00:00,ActiveSG Gym @ Toa Payoh West Community Centre,7%
2026-09-12T23:30:13.764012+00:00,ActiveSG Hockey Village @ Boon Lay Gym,7%
2026-09-12T23:30:13.764012+00:00,ActiveSG Sport Park @ Teck Ghee ActiveSG Gym,13%
2026-09-12T23:30:13.764012+00:00,Bishan ActiveSG Gym,11%
2026-09-12T23:30:13.764012+00:00,Bukit Batok ActiveSG Gym,33%
2026-09-12T23:30:13.764012+00:00,Bukit Canberra ActiveSG Gym,19%
2026-09-12T23:30:13.764012+00:00,Bukit Gombak ActiveSG Gym,26%
2026-09-12T23:30:13.764012+00:00,Choa Chu Kang ActiveSG Gym,23%
2026-09-12T23:30:13.764012+00:00,Clementi ActiveSG Gym,23%
2026-09-12T23:30:13.764012+00:00,Delta ActiveSG Gym,21%
2026-09-12T23:30:13.764012+00:00,Heartbeat @ Bedok ActiveSG Gym,23%
2026-09-12T23:30:13.764012+00:00,Hougang ActiveSG Gym,19%
2026-09-12T23:30:13.764012+00:00,Jalan Besar ActiveSG Gym,19%
2026-09-12T23:30:13.764012+00:00,Jurong East ActiveSG Gym,5%
2026-09-12T23:30:13.764012+00:00,Jurong Lake Gardens ActiveSG Gym,13%
2026-09-12T23:30:13.764012+00:00,Jurong West ActiveSG Gym,7%
2026-09-12T23:30:13.764012+00:00,Katong ActiveSG Gym,12%
2026-09-12T23:30:13.764012+00:00,Pasir Ris ActiveSG Gym,11%
2026-09-12T23:30:13.764012+00:00,Queenstown ActiveSG Gym,11%
2026-09-12T23:30:13.764012+00:00,Sengkang ActiveSG Gym,27%
2026-09-12T23:30:13.764012+00:00,Senja-Cashew ActiveSG Gym,29%
2026-09-12T23:30:13.764012+00:00,Tampines ActiveSG Gym,23%
2026-09-12T23:30:13.764012+00:00,Woodlands ActiveSG Gym,19%
2026-09-12T23:30:13.764012+00:00,Yio Chu Kang ActiveSG Gym,10%
2026-09-12T23:30:13.764012+00:00,Yishun ActiveSG Gym,10%
2026-09-12T23:45:13.974515+00:00,ActiveSG Gym @ Ang Mo Kio Community Centre,18%
2026-09-12T23:45:13.974515+00:00,ActiveSG Gym @ Enabling Village,16%
2026-09-12T23:45:13.974515+00:00,ActiveSG Gym @ Fernvale Square,27%
2026-09-12T23:45:13.974515+00:00,ActiveSG Gym @ Serangoon Central,43%
2026-09-12T23:45:13.974515+00:00,ActiveSG Gym @ Toa Payoh,26%
2026-09-12T23:45:13.974515+00:00,ActiveSG Gym @ Toa Payoh West Community Centre,11%
2026-09-12T23:45:13.974515+00:00,ActiveSG Hockey Village @ Boon Lay Gym,10%
2026-09-12T23:45:13.974515+00:00,ActiveSG Sport Park @ Teck Ghee ActiveSG Gym,15%
2026-09-12T23:45:13.974515+00:00,Bishan ActiveSG Gym,13%
2026-09-12T23:45:13.974515+00:00,Bukit Batok ActiveSG Gym,38%
2026-09-12T23:45:13.974515+00:00,Bukit Canberra ActiveSG Gym,21%
2026-09-12T23:45:13.974515+00:00,Bukit Gombak ActiveSG Gym,31%
2026-09-12T23:45:13.974515+00:00,Choa Chu Kang ActiveSG Gym,27%
2026-09-12T23:45:13.974515+00:00,Clementi ActiveSG Gym,29%
2026-09-12T23:45:13.974515+00:00,Delta ActiveSG Gym,30%
2026-09-12T23:45:13.974515+00:00,Heartbeat @ Bedok ActiveSG Gym,30%
2026-09-12T23:45:13.974515+00:00,Hougang ActiveSG Gym,20%
2026-09-12T23:45:13.974515+00:00,Jalan Besar ActiveSG Gym,22%
2026-09-12T23:45:13.974515+00:00,Jurong East ActiveSG Gym,10%
2026-09-12T23:45:13.974515+00:00,Jurong Lake Gardens ActiveSG Gym,13%
2026-09-12T23:45:13.974515+00:00,Jurong West ActiveSG Gym,8%
2026-09-12T23:45:13.974515+00:00,Katong ActiveSG Gym,15%
2026-09-12T23:45:13.974515+00:00,Pasir Ris ActiveSG Gym,26%
2026-09-12T23:45:13.974515+00:00,Queenstown ActiveSG Gym,12%
2026-09-12T23:45:13.974515+00:00,Sengkang ActiveSG Gym,38%
2026-09-12T23:45:13.974515+00:00,Senja-Cashew ActiveSG Gym,38%
2026-09-12T23:45:13.974515+00:00,Tampines ActiveSG Gym,28%
2026-09-12T23:45:13.974515+00:00,Woodlands ActiveSG Gym,26%
2026-09-12T23:45:13.974515+00:00,Yio Chu Kang ActiveSG Gym,11%
2026-09-12T23:45:13.974515+00:00,Yishun ActiveSG Gym,18%
2026-09-13T00:00:13.846439+00:00,ActiveSG Gym @ Ang Mo Kio Community Centre,17%
2026-09-13T00:00:13.846439+00:00,ActiveSG Gym @ Enabling Village,22%
2026-09-13T00:00:13.846439+00:00,ActiveSG Gym @ Fernvale Square,32%
2026-09-13T00:00:13.846439+00:00,ActiveSG Gym @ Serangoon Central,47%
2026-09-13T00:00:13.846439+00:00,ActiveSG Gym @ Toa Payoh,26%
2026-09-13T00:00:13.846439+00:00,ActiveSG Gym @ Toa Payoh West Community Centre,11%
2026-09-13T00:00:13.846439+00:00,ActiveSG Hockey Village @ Boon Lay Gym,11%
2026-09-13T00:00:13.846439+00:00,ActiveSG Sport Park @ Teck Ghee ActiveSG Gym,17%
2026-09-13T00:00:13.846439+00:00,Bishan ActiveSG Gym,15%
2026-09-13T00:00:13.846439+00:00,Bukit Batok ActiveSG Gym,38%
2026-09-13T00:00:13.846439+00:00,Bukit Canberra ActiveSG Gym,24%
2026-09-13T00:00:13.846439+00:00,Bukit Gombak ActiveSG Gym,39%
2026-09-13T00:00:13.846439+00:00,Choa Chu Kang ActiveSG Gym,34%
2026-09-13T00:00:13.846439+00:00,Clementi ActiveSG Gym,34%
2026-09-13T00:00:13.846439+00:00,Delta ActiveSG Gym,32%
2026-09-13T00:00:13.846439+00:00,Heartbeat @ Bedok ActiveSG Gym,31%
2026-09-13T00:00:13.846439+00:00,Hougang ActiveSG Gym,21%
2026-09-13T00:00:13.846439+00:00,Jalan Besar ActiveSG Gym,19%
2026-09-13T00:00:13.846439+00:00,Jurong East ActiveSG Gym,11%
2026-09-13T00:00:13.846439+00:00,Jurong Lake Gardens ActiveSG Gym,14%
2026-09-13T00:00:13.846439+00:00,Jurong West ActiveSG Gym,11%
2026-09-13T00:00:13.846439+00:00,Katong ActiveSG Gym,26%
2026-09-13T00:00:13.846439+00:00,Pasir Ris ActiveSG Gym,29%
2026-09-13T00:00:13.846439+00:00,Queenstown ActiveSG Gym,16%
2026-09-13T00:00:13.846439+00:00,Sengkang ActiveSG Gym,43%
2026-09-13T00:00:13.846439+00:00,Senja-Cashew ActiveSG Gym,40%
2026-09-13T00:00:13.846439+00:00,Tampines ActiveSG Gym,28%
2026-09-13T00:00:13.846439+00:00,Woodlands ActiveSG Gym,28%
2026-09-13T00:00:13.846439+00:00,Yio Chu Kang ActiveSG Gym,14%
2026-09-13T00:00:13.846439+00:00,Yishun ActiveSG Gym,21%
2026-09-13T00:15:13.869719+00:00,ActiveSG Gym @ Ang Mo Kio Community Centre,17%
2026-09-13T00:15:13.869719+00:00,ActiveSG Gym @ Enabling Village,18%
2026-09-13T00:15:13.869719+00:00,ActiveSG Gym @ Fernvale Square,27%
2026-09-13T00:15:13.869719+00:00,ActiveSG Gym @ Serangoon Central,47%
2026-09-13T00:15:13.869719+00:00,ActiveSG Gym @ Toa Payoh,26%
2026-09-13T00:15:13.869719+00:00,ActiveSG Gym @ Toa Payoh West Community Centre,11%
2026-09-13T00:15:13.869719+00:00,ActiveSG Hockey Village @ Boon Lay Gym,13%
2026-09-13T00:15:13.869719+00:00,ActiveSG Sport Park @ Teck Ghee ActiveSG Gym,20%
2026-09-13T00:15:13.869719+00:00,Bishan ActiveSG Gym,16%
2026-09-13T00:15:13.869719+00:00,Bukit Batok ActiveSG Gym,33%
2026-09-13T00:15:13.869719+00:00,Bukit Canberra ActiveSG Gym,24%
2026-09-13T00:15:13.869719+00:00,Bukit Gombak ActiveSG Gym,46%
2026-09-13T00:15:13.869719+00:00,Choa Chu Kang ActiveSG Gym,30%
2026-09-13T00:15:13.869719+00:00,Clementi ActiveSG Gym,28%
2026-09-13T00:15:13.869719+00:00,Delta ActiveSG Gym,36%
2026-09-13T00:15:13.869719+00:00,Heartbeat @ Bedok ActiveSG Gym,34%
2026-09-13T00:15:13.869719+00:00,Hougang ActiveSG Gym,22%
2026-09-13T00:15:13.869719+00:00,Jalan Besar ActiveSG Gym,25%
2026-09-13T00:15:13.869719+00:00,Jurong East ActiveSG Gym,13%
2026-09-13T00:15:13.869719+00:00,Jurong Lake Gardens ActiveSG Gym,16%
2026-09-13T00:15:13.869719+00:00,Jurong West ActiveSG Gym,14%
2026-09-13T00:15:13.869719+00:00,Katong ActiveSG Gym,23%
2026-09-13T00:15:13.869719+00:00,Pasir Ris ActiveSG Gym,32%
2026-09-13T00:15:13.869719+00:00,Queenstown ActiveSG Gym,21%
2026-09-13T00:15:13.869719+00:00,Sengkang ActiveSG Gym,46%
2026-09-13T00:15:13.869719+00:00,Senja-Cashew ActiveSG Gym,48%
2026-09-13T00:15:13.869719+00:00,Tampines ActiveSG Gym,32%
2026-09-13T00:15:13.869719+00:00,Woodlands ActiveSG Gym,27%
2026-09-13T00:15:13.869719+00:00,Yio Chu Kang ActiveSG Gym,15%
2026-09-13T00:15:13.869719+00:00,Yishun ActiveSG Gym,20%
2026-09-13T00:30:13.684612+00:00,ActiveSG Gym @ Ang Mo Kio Community Centre,17%
2026-09-13T00:30:13.684612+00:00,ActiveSG Gym @ Enabling Village,22%
2026-09-13T00:30:13.684612+00:00,ActiveSG Gym @ Fernvale Square,30%
2026-09-13T00:30:13.684612+00:00,ActiveSG Gym @ Serangoon Central,43%
2026-09-13T00:30:13.684612+00:00,ActiveSG Gym @ Toa Payoh,25%
2026-09-13T00:30:13.684612+00:00,ActiveSG Gym @ Toa Payoh West Community Centre,11%
2026-09-13T00:30:13.684612+00:00,ActiveSG Hockey Village @ Boon Lay Gym,13%
2026-09-13T00:30:13.684612+00:00,ActiveSG Sport Park @ Teck Ghee ActiveSG Gym,19%
2026-09-13T00:30:13.684612+00:00,Bishan ActiveSG Gym,22%
2026-09-13T00:30:13.684612+00:00,Bukit Batok ActiveSG Gym,33%
2026-09-13T00:30:13.684612+00:00,Bukit Canberra ActiveSG Gym,26%
2026-09-13T00:30:13.684612+00:00,Bukit Gombak ActiveSG Gym,46%
2026-09-13T00:30:13.684612+00:00,Choa Chu Kang ActiveSG Gym,29%
2026-09-13T00:30:13.684612+00:00,Clementi ActiveSG Gym,31%
2026-09-13T00:30:13.684612+00:00,Delta ActiveSG Gym,37%
2026-09-13T00:30:13.684612+00:00,Heartbeat @ Bedok ActiveSG Gym,33%
2026-09-13T00:30:13.684612+00:00,Hougang ActiveSG Gym,22%
2026-09-13T00:30:13.684612+00:00,Jalan Besar ActiveSG Gym,20%
2026-09-13T00:30:13.684612+00:00,Jurong East ActiveSG Gym,14%
2026-09-13T00:30:13.684612+00:00,Jurong Lake Gardens ActiveSG Gym,20%
2026-09-13T00:30:13.684612+00:00,Jurong West ActiveSG Gym,17%
2026-09-13T00:30:13.684612+00:00,Katong ActiveSG Gym,22%
2026-09-13T00:30:13.684612+00:00,Pasir Ris ActiveSG Gym,33%
2026-09-13T00:30:13.684612+00:00,Queenstown ActiveSG Gym,26%
2026-09-13T00:30:13.684612+00:00,Sengkang ActiveSG Gym,55%
2026-09-13T00:30:13.684612+00:00,Senja-Cashew ActiveSG Gym,49%
2026-09-13T00:30:13.684612+00:00,Tampines ActiveSG Gym,36%
2026-09-13T00:30:13.684612+00:00,Woodlands ActiveSG Gym,25%
2026-09-13T00:30:13.684612+00:00,Yio Chu Kang ActiveSG Gym,21%
2026-09-13T00:30:13.684612+00:00,Yishun ActiveSG Gym,25%
2026-09-13T00:40:47.601622+00:00,ActiveSG Gym @ Ang Mo Kio Community Centre,15%
2026-09-13T00:40:47.601622+00:00,ActiveSG Gym @ Enabling Village,18%
2026-09-13T00:40:47.601622+00:00,ActiveSG Gym @ Fernvale Square,27%
2026-09-13T00:40:47.601622+00:00,ActiveSG Gym @ Serangoon Central,40%
2026-09-13T00:40:47.601622+00:00,ActiveSG Gym @ Toa Payoh,25%
2026-09-13T00:40:47.601622+00:00,ActiveSG Gym @ Toa Payoh West Community Centre,11%
2026-09-13T00:40:47.601622+00:00,ActiveSG Hockey Village @ Boon Lay Gym,14%
2026-09-13T00:40:47.601622+00:00,ActiveSG Sport Park @ Teck Ghee ActiveSG Gym,19%
2026-09-13T00:40:47.601622+00:00,Bishan ActiveSG Gym,18%
2026-09-13T00:40:47.601622+00:00,Bukit Batok ActiveSG Gym,28%
2026-09-13T00:40:47.601622+00:00,Bukit Canberra ActiveSG Gym,25%
2026-09-13T00:40:47.601622+00:00,Bukit Gombak ActiveSG Gym,46%
2026-09-13T00:40:47.601622+00:00,Choa Chu Kang ActiveSG Gym,28%
2026-09-13T00:40:47.601622+00:00,Clementi ActiveSG Gym,28%
2026-09-13T00:40:47.601622+00:00,Delta ActiveSG Gym,38%
2026-09-13T00:40:47.601622+00:00,Heartbeat @ Bedok ActiveSG Gym,31%
2026-09-13T00:40:47.601622+00:00,Hougang ActiveSG Gym,25%
2026-09-13T00:40:47.601622+00:00,Jalan Besar ActiveSG Gym,24%
2026-09-13T00:40:47.601622+00:00,Jurong East ActiveSG Gym,15%
2026-09-13T00:40:47.601622+00:00,Jurong Lake Gardens ActiveSG Gym,21%
2026-09-13T00:40:47.601622+00:00,Jurong West ActiveSG Gym,16%
2026-09-13T00:40:47.601622+00:00,Katong ActiveSG Gym,26%
2026-09-13T00:40:47.601622+00:00,Pasir Ris ActiveSG Gym,32%
2026-09-13T00:40:47.601622+00:00,Queenstown ActiveSG Gym,30%
2026-09-13T00:40:47.601622+00:00,Sengkang ActiveSG Gym,61%
2026-09-13T00:40:47.601622+00:00,Senja-Cashew ActiveSG Gym,45%
2026-09-13T00:40:47.601622+00:00,Tampines ActiveSG Gym,36%
2026-09-13T00:40:47.601622+00:00,Woodlands ActiveSG Gym,27%
2026-09-13T00:40:47.601622+00:00,Yio Chu Kang ActiveSG Gym,25%
2026-09-13T00:40:47.601622+00:00,Yishun ActiveSG Gym,25%
2026-09-13T00:45:13.542003+00:00,ActiveSG Gym @ Ang Mo Kio Community Centre,15%
2026-09-13T00:45:13.542003+00:00,ActiveSG Gym @ Enabling Village,11%
2026-09-13T00:45:13.542003+00:00,ActiveSG Gym @ Fernvale Square,30%
2026-09-13T00:45:13.542003+00:00,ActiveSG Gym @ Serangoon Central,30%
2026-09-13T00:45:13.542003+00:00,ActiveSG Gym @ Toa Payoh,25%
2026-09-13T00:45:13.542003+00:00,ActiveSG Gym @ Toa Payoh West Community Centre,11%
2026-09-13T00:45:13.542003+00:00,ActiveSG Hockey Village @ Boon Lay Gym,14%
2026-09-13T00:45:13.542003+00:00,ActiveSG Sport Park @ Teck Ghee ActiveSG Gym,20%
2026-09-13T00:45:13.542003+00:00,Bishan ActiveSG Gym,22%
2026-09-13T00:45:13.542003+00:00,Bukit Batok ActiveSG Gym,28%
2026-09-13T00:45:13.542003+00:00,Bukit Canberra ActiveSG Gym,26%
2026-09-13T00:45:13.542003+00:00,Bukit Gombak ActiveSG Gym,46%
2026-09-13T00:45:13.542003+00:00,Choa Chu Kang ActiveSG Gym,28%
2026-09-13T00:45:13.542003+00:00,Clementi ActiveSG Gym,29%
2026-09-13T00:45:13.542003+00:00,Delta ActiveSG Gym,38%
2026-09-13T00:45:13.542003+00:00,Heartbeat @ Bedok ActiveSG Gym,30%
2026-09-13T00:45:13.542003+00:00,Hougang ActiveSG Gym,25%
2026-09-13T00:45:13.542003+00:00,Jalan Besar ActiveSG Gym,25%
2026-09-13T00:45:13.542003+00:00,Jurong East ActiveSG Gym,15%
2026-09-13T00:45:13.542003+00:00,Jurong Lake Gardens ActiveSG Gym,23%
2026-09-13T00:45:13.542003+00:00,Jurong West ActiveSG Gym,17%
2026-09-13T00:45:13.542003+00:00,Katong ActiveSG Gym,25%
2026-09-13T00:45:13.542003+00:00,Pasir Ris ActiveSG Gym,32%
2026-09-13T00:45:13.542003+00:00,Queenstown ActiveSG Gym,30%
2026-09-13T00:45:13.542003+00:00,Sengkang ActiveSG Gym,62%
2026-09-13T00:45:13.542003+00:00,Senja-Cashew ActiveSG Gym,58%
2026-09-13T00:45:13.542003+00:00,Tampines ActiveSG Gym,38%
2026-09-13T00:45:13.542003+00:00,Woodlands ActiveSG Gym,26%
2026-09-13T00:45:13.542003+00:00,Yio Chu Kang ActiveSG Gym,27%
2026-09-13T00:45:13.542003+00:00,Yishun ActiveSG Gym,26%
2026-09-13T01:00:13.693254+00:00,ActiveSG Gym @ Ang Mo Kio Community Centre,20%
2026-09-13T01:00:13.693254+00:00,ActiveSG Gym @ Enabling Village,13%
2026-09-13T01:00:13.693254+00:00,ActiveSG Gym @ Fernvale Square,22%
2026-09-13T01:00:13.693254+00:00,ActiveSG Gym @ Serangoon Central,37%
2026-09-13T01:00:13.693254+00:00,ActiveSG Gym @ Toa Payoh,30%
2026-09-13T01:00:13.693254+00:00,ActiveSG Gym @ Toa Payoh West Community Centre,13%
2026-09-13T01:00:13.693254+00:00,ActiveSG Hockey Village @ Boon Lay Gym,15%
2026-09-13T01:00:13.693254+00:00,ActiveSG Sport Park @ Teck Ghee ActiveSG Gym,22%
2026-09-13T01:00:13.693254+00:00,Bishan ActiveSG Gym,22%
2026-09-13T01:00:13.693254+00:00,Bukit Batok ActiveSG Gym,38%
2026-09-13T01:00:13.693254+00:00,Bukit Canberra ActiveSG Gym,29%
2026-09-13T01:00:13.693254+00:00,Bukit Gombak ActiveSG Gym,46%
2026-09-13T01:00:13.693254+00:00,Choa Chu Kang ActiveSG Gym,28%
2026-09-13T01:00:13.693254+00:00,Clementi ActiveSG Gym,33%
2026-09-13T01:00:13.693254+00:00,Delta ActiveSG Gym,34%
2026-09-13T01:00:13.693254+00:00,Heartbeat @ Bedok ActiveSG Gym,35%
2026-09-13T01:00:13.693254+00:00,Hougang ActiveSG Gym,31%
2026-09-13T01:00:13.693254+00:00,Jalan Besar ActiveSG Gym,24%
2026-09-13T01:00:13.693254+00:00,Jurong East ActiveSG Gym,17%
2026-09-13T01:00:13.693254+00:00,Jurong Lake Gardens ActiveSG Gym,25%
2026-09-13T01:00:13.693254+00:00,Jurong West ActiveSG Gym,19%
2026-09-13T01:00:13.693254+00:00,Katong ActiveSG Gym,25%
2026-09-13T01:00:13.693254+00:00,Pasir Ris ActiveSG Gym,40%
2026-09-13T01:00:13.693254+00:00,Queenstown ActiveSG Gym,34%
2026-09-13T01:00:13.693254+00:00,Sengkang ActiveSG Gym,62%
2026-09-13T01:00:13.693254+00:00,Senja-Cashew ActiveSG Gym,57%
2026-09-13T01:00:13.693254+00:00,Tampines ActiveSG Gym,37%
2026-09-13T01:00:13.693254+00:00,Woodlands ActiveSG Gym,23%
2026-09-13T01:00:13.693254+00:00,Yio Chu Kang ActiveSG Gym,33%
2026-09-13T01:00:13.693254+00:00,Yishun ActiveSG Gym,27%
2026-09-13T01:15:13.718797+00:00,ActiveSG Gym @ Ang Mo Kio Community Centre,28%
2026-09-13T01:15:13.718797+00:00,ActiveSG Gym @ Enabling Village,13%
2026-09-13T01:15:13.718797+00:00,ActiveSG Gym @ Fernvale Square,22%
2026-09-13T01:15:13.718797+00:00,ActiveSG Gym @ Serangoon Central,23%
2026-09-13T01:15:13.718797+00:00,ActiveSG Gym @ Toa Payoh,34%
2026-09-13T01:15:13.718797+00:00,ActiveSG Gym @ Toa Payoh West Community Centre,13%
2026-09-13T01:15:13.718797+00:00,ActiveSG Hockey Village @ Boon Lay Gym,17%
2026-09-13T01:15:13.718797+00:00,ActiveSG Sport Park @ Teck Ghee ActiveSG Gym,22%
2026-09-13T01:15:13.718797+00:00,Bishan ActiveSG Gym,20%
2026-09-13T01:15:13.718797+00:00,Bukit Batok ActiveSG Gym,40%
2026-09-13T01:15:13.718797+00:00,Bukit Canberra ActiveSG Gym,31%
2026-09-13T01:15:13.718797+00:00,Bukit Gombak ActiveSG Gym,46%
2026-09-13T01:15:13.718797+00:00,Choa Chu Kang ActiveSG Gym,34%
2026-09-13T01:15:13.718797+00:00,Clementi ActiveSG Gym,44%
2026-09-13T01:15:13.718797+00:00,Delta ActiveSG Gym,36%
2026-09-13T01:15:13.718797+00:00,Heartbeat @ Bedok ActiveSG Gym,36%
2026-09-13T01:15:13.718797+00:00,Hougang ActiveSG Gym,31%
2026-09-13T01:15:13.718797+00:00,Jalan Besar ActiveSG Gym,35%
2026-09-13T01:15:13.718797+00:00,Jurong East ActiveSG Gym,23%
2026-09-13T01:15:13.718797+00:00,Jurong Lake Gardens ActiveSG Gym,26%
2026-09-13T01:15:13.718797+00:00,Jurong West ActiveSG Gym,23%
2026-09-13T01:15:13.718797+00:00,Katong ActiveSG Gym,37%
2026-09-13T01:15:13.718797+00:00,Pasir Ris ActiveSG Gym,37%
2026-09-13T01:15:13.718797+00:00,Queenstown ActiveSG Gym,33%
2026-09-13T01:15:13.718797+00:00,Sengkang ActiveSG Gym,71%
2026-09-13T01:15:13.718797+00:00,Senja-Cashew ActiveSG Gym,68%
2026-09-13T01:15:13.718797+00:00,Tampines ActiveSG Gym,40%
2026-09-13T01:15:13.718797+00:00,Woodlands ActiveSG Gym,24%
2026-09-13T01:15:13.718797+00:00,Yio Chu Kang ActiveSG Gym,25%
2026-09-13T01:15:13.718797+00:00,Yishun ActiveSG Gym,30%
2026-09-13T01:30:13.826808+00:00,ActiveSG Gym @ Ang Mo Kio Community Centre,32%
2026-09-13T01:30:13.826808+00:00,ActiveSG Gym @ Enabling Village,11%
2026-09-13T01:30:13.826808+00:00,ActiveSG Gym @ Fernvale Square,33%
2026-09-13T01:30:13.826808+00:00,ActiveSG Gym @ Serangoon Central,23%
2026-09-13T01:30:13.826808+00:00,ActiveSG Gym @ Toa Payoh,39%
2026-09-13T01:30:13.826808+00:00,ActiveSG Gym @ Toa Payoh West Community Centre,25%
2026-09-13T01:30:13.826808+00:00,ActiveSG Hockey Village @ Boon Lay Gym,17%
2026-09-13T01:30:13.826808+00:00,ActiveSG Sport Park @ Teck Ghee ActiveSG Gym,24%
2026-09-13T01:30:13.826808+00:00,Bishan ActiveSG Gym,20%
2026-09-13T01:30:13.826808+00:00,Bukit Batok ActiveSG Gym,38%
2026-09-13T01:30:13.826808+00:00,Bukit Canberra ActiveSG Gym,35%
2026-09-13T01:30:13.826808+00:00,Bukit Gombak ActiveSG Gym,46%
2026-09-13T01:30:13.826808+00:00,Choa Chu Kang ActiveSG Gym,43%
2026-09-13T01:30:13.826808+00:00,Clementi ActiveSG Gym,51%
2026-09-13T01:30:13.826808+00:00,Delta ActiveSG Gym,42%
2026-09-13T01:30:13.826808+00:00,Heartbeat @ Bedok ActiveSG Gym,36%
2026-09-13T01:30:13.826808+00:00,Hougang ActiveSG Gym,33%
2026-09-13T01:30:13.826808+00:00,Jalan Besar ActiveSG Gym,29%
2026-09-13T01:30:13.826808+00:00,Jurong East ActiveSG Gym,23%
2026-09-13T01:30:13.826808+00:00,Jurong Lake Gardens ActiveSG Gym,28%
2026-09-13T01:30:13.826808+00:00,Jurong West ActiveSG Gym,26%
2026-09-13T01:30:13.826808+00:00,Katong ActiveSG Gym,42%
2026-09-13T01:30:13.826808+00:00,Pasir Ris ActiveSG Gym,46%
2026-09-13T01:30:13.826808+00:00,Queenstown ActiveSG Gym,24%
2026-09-13T01:30:13.826808+00:00,Sengkang ActiveSG Gym,72%
2026-09-13T01:30:13.826808+00:00,Senja-Cashew ActiveSG Gym,69%
2026-09-13T01:30:13.826808+00:00,Tampines ActiveSG Gym,46%
2026-09-13T01:30:13.826808+00:00,Woodlands ActiveSG Gym,28%
2026-09-13T01:30:13.826808+00:00,Yio Chu Kang ActiveSG Gym,27%
2026-09-13T01:30:13.826808+00:00,Yishun ActiveSG Gym,30%
2026-09-13T01:45:14.268708+00:00,ActiveSG Gym @ Ang Mo Kio Community Centre,28%
2026-09-13T01:45:14.268708+00:00,ActiveSG Gym @ Enabling Village,22%
2026-09-13T01:45:14.268708+00:00,ActiveSG Gym @ Fernvale Square,40%
2026-09-13T01:45:14.268708+00:00,ActiveSG Gym @ Serangoon Central,30%
2026-09-13T01:45:14.268708+00:00,ActiveSG Gym @ Toa Payoh,44%
2026-09-13T01:45:14.268708+00:00,ActiveSG Gym @ Toa Payoh West Community Centre,27%
2026-09-13T01:45:14.268708+00:00,ActiveSG Hockey Village @ Boon Lay Gym,20%
2026-09-13T01:45:14.268708+00:00,ActiveSG Sport Park @ Teck Ghee ActiveSG Gym,26%
2026-09-13T01:45:14.268708+00:00,Bishan ActiveSG Gym,19%
2026-09-13T01:45:14.268708+00:00,Bukit Batok ActiveSG Gym,48%
2026-09-13T01:45:14.268708+00:00,Bukit Canberra ActiveSG Gym,35%
2026-09-13T01:45:14.268708+00:00,Bukit Gombak ActiveSG Gym,46%
2026-09-13T01:45:14.268708+00:00,Choa Chu Kang ActiveSG Gym,47%
2026-09-13T01:45:14.268708+00:00,Clementi ActiveSG Gym,59%
2026-09-13T01:45:14.268708+00:00,Delta ActiveSG Gym,42%
2026-09-13T01:45:14.268708+00:00,Heartbeat @ Bedok ActiveSG Gym,37%
2026-09-13T01:45:14.268708+00:00,Hougang ActiveSG Gym,35%
2026-09-13T01:45:14.268708+00:00,Jalan Besar ActiveSG Gym,39%
2026-09-13T01:45:14.268708+00:00,Jurong East ActiveSG Gym,31%
2026-09-13T01:45:14.268708+00:00,Jurong Lake Gardens ActiveSG Gym,27%
2026-09-13T01:45:14.268708+00:00,Jurong West ActiveSG Gym,28%
2026-09-13T01:45:14.268708+00:00,Katong ActiveSG Gym,55%
2026-09-13T01:45:14.268708+00:00,Pasir Ris ActiveSG Gym,41%
2026-09-13T01:45:14.268708+00:00,Queenstown ActiveSG Gym,29%
2026-09-13T01:45:14.268708+00:00,Sengkang ActiveSG Gym,58%
2026-09-13T01:45:14.268708+00:00,Senja-Cashew ActiveSG Gym,69%
2026-09-13T01:45:14.268708+00:00,Tampines ActiveSG Gym,52%
2026-09-13T01:45:14.268708+00:00,Woodlands ActiveSG Gym,24%
2026-09-13T01:45:14.268708+00:00,Yio Chu Kang ActiveSG Gym,28%
2026-09-13T01:45:14.268708+00:00,Yishun ActiveSG Gym,42%
2026-09-13T02:00:14.591797+00:00,ActiveSG Gym @ Ang Mo Kio Community Centre,35%
2026-09-13T02:00:14.591797+00:00,ActiveSG Gym @ Enabling Village,27%
2026-09-13T02:00:14.591797+00:00,ActiveSG Gym @ Fernvale Square,38%
2026-09-13T02:00:14.591797+00:00,ActiveSG Gym @ Serangoon Central,40%
2026-09-13T02:00:14.591797+00:00,ActiveSG Gym @ Toa Payoh,46%
2026-09-13T02:00:14.591797+00:00,ActiveSG Gym @ Toa Payoh West Community Centre,24%
2026-09-13T02:00:14.591797+00:00,ActiveSG Hockey Village @ Boon Lay Gym,21%
2026-09-13T02:00:14.591797+00:00,ActiveSG Sport Park @ Teck Ghee ActiveSG Gym,25%
2026-09-13T02:00:14.591797+00:00,Bishan ActiveSG Gym,20%
2026-09-13T02:00:14.591797+00:00,Bukit Batok ActiveSG Gym,48%
2026-09-13T02:00:14.591797+00:00,Bukit Canberra ActiveSG Gym,38%
2026-09-13T02:00:14.591797+00:00,Bukit Gombak ActiveSG Gym,46%
2026-09-13T02:00:14.591797+00:00,Choa Chu Kang ActiveSG Gym,53%
2026-09-13T02:00:14.591797+00:00,Clementi ActiveSG Gym,48%
2026-09-13T02:00:14.591797+00:00,Delta ActiveSG Gym,44%
2026-09-13T02:00:14.591797+00:00,Heartbeat @ Bedok ActiveSG Gym,37%
2026-09-13T02:00:14.591797+00:00,Hougang ActiveSG Gym,41%
2026-09-13T02:00:14.591797+00:00,Jalan Besar ActiveSG Gym,45%
2026-09-13T02:00:14.591797+00:00,Jurong East ActiveSG Gym,37%
2026-09-13T02:00:14.591797+00:00,Jurong Lake Gardens ActiveSG Gym,31%
2026-09-13T02:00:14.591797+00:00,Jurong West ActiveSG Gym,30%
2026-09-13T02:00:14.591797+00:00,Katong ActiveSG Gym,45%
2026-09-13T02:00:14.591797+00:00,Pasir Ris ActiveSG Gym,45%
2026-09-13T02:00:14.591797+00:00,Queenstown ActiveSG Gym,29%
2026-09-13T02:00:14.591797+00:00,Sengkang ActiveSG Gym,68%
2026-09-13T02:00:14.591797+00:00,Senja-Cashew ActiveSG Gym,66%
2026-09-13T02:00:14.591797+00:00,Tampines ActiveSG Gym,54%
2026-09-13T02:00:14.591797+00:00,Woodlands ActiveSG Gym,28%
2026-09-13T02:00:14.591797+00:00,Yio Chu Kang ActiveSG Gym,29%
2026-09-13T02:00:14.591797+00:00,Yishun ActiveSG Gym,43%
2026-09-13T02:15:14.264905+00:00,ActiveSG Gym @ Ang Mo Kio Community Centre,28%
2026-09-13T02:15:14.264905+00:00,ActiveSG Gym @ Enabling Village,36%
2026-09-13T02:15:14.264905+00:00,ActiveSG Gym @ Fernvale Square,35%
2026-09-13T02:15:14.264905+00:00,ActiveSG Gym @ Serangoon Central,43%
2026-09-13T02:15:14.264905+00:00,ActiveSG Gym @ Toa Payoh,44%
2026-09-13T02:15:14.264905+00:00,ActiveSG Gym @ Toa Payoh West Community Centre,24%
2026-09-13T02:15:14.264905+00:00,ActiveSG Hockey Village @ Boon Lay Gym,21%
2026-09-13T02:15:14.264905+00:00,ActiveSG Sport Park @ Teck Ghee ActiveSG Gym,31%
2026-09-13T02:15:14.264905+00:00,Bishan ActiveSG Gym,25%
2026-09-13T02:15:14.264905+00:00,Bukit Batok ActiveSG Gym,63%
2026-09-13T02:15:14.264905+00:00,Bukit Canberra ActiveSG Gym,39%
2026-09-13T02:15:14.264905+00:00,Bukit Gombak ActiveSG Gym,46%
2026-09-13T02:15:14.264905+00:00,Choa Chu Kang ActiveSG Gym,53%
2026-09-13T02:15:14.264905+00:00,Clementi ActiveSG Gym,53%
2026-09-13T02:15:14.264905+00:00,Delta ActiveSG Gym,45%
2026-09-13T02:15:14.264905+00:00,Heartbeat @ Bedok ActiveSG Gym,39%
2026-09-13T02:15:14.264905+00:00,Hougang ActiveSG Gym,42%
2026-09-13T02:15:14.264905+00:00,Jalan Besar ActiveSG Gym,46%
2026-09-13T02:15:14.264905+00:00,Jurong East ActiveSG Gym,44%
2026-09-13T02:15:14.264905+00:00,Jurong Lake Gardens ActiveSG Gym,30%
2026-09-13T02:15:14.264905+00:00,Jurong West ActiveSG Gym,32%
2026-09-13T02:15:14.264905+00:00,Katong ActiveSG Gym,40%
2026-09-13T02:15:14.264905+00:00,Pasir Ris ActiveSG Gym,48%
2026-09-13T02:15:14.264905+00:00,Queenstown ActiveSG Gym,30%
2026-09-13T02:15:14.264905+00:00,Sengkang ActiveSG Gym,72%
2026-09-13T02:15:14.264905+00:00,Senja-Cashew ActiveSG Gym,57%
2026-09-13T02:15:14.264905+00:00,Tampines ActiveSG Gym,59%
2026-09-13T02:15:14.264905+00:00,Woodlands ActiveSG Gym,32%
2026-09-13T02:15:14.264905+00:00,Yio Chu Kang ActiveSG Gym,30%
2026-09-13T02:15:14.264905+00:00,Yishun ActiveSG Gym,45%
2026-09-13T02:30:13.994630+00:00,ActiveSG Gym @ Ang Mo Kio Community Centre,30%
2026-09-13T02:30:13.994630+00:00,ActiveSG Gym @ Enabling Village,40%
2026-09-13T02:30:13.994630+00:00,ActiveSG Gym @ Fernvale Square,53%
2026-09-13T02:30:13.994630+00:00,ActiveSG Gym @ Serangoon Central,60%
2026-09-13T02:30:13.994630+00:00,ActiveSG Gym @ Toa Payoh,45%
2026-09-13T02:30:13.994630+00:00,ActiveSG Gym @ Toa Payoh West Community Centre,24%
2026-09-13T02:30:13.994630+00:00,ActiveSG Hockey Village @ Boon Lay Gym,23%
2026-09-13T02:30:13.994630+00:00,ActiveSG Sport Park @ Teck Ghee ActiveSG Gym,36%
2026-09-13T02:30:13.994630+00:00,Bishan ActiveSG Gym,26%
2026-09-13T02:30:13.994630+00:00,Bukit Batok ActiveSG Gym,63%
2026-09-13T02:30:13.994630+00:00,Bukit Canberra ActiveSG Gym,43%
2026-09-13T02:30:13.994630+00:00,Bukit Gombak ActiveSG Gym,66%
2026-09-13T02:30:13.994630+00:00,Choa Chu Kang ActiveSG Gym,53%
2026-09-13T02:30:13.994630+00:00,Clementi ActiveSG Gym,56%
2026-09-13T02:30:13.994630+00:00,Delta ActiveSG Gym,46%
2026-09-13T02:30:13.994630+00:00,Heartbeat @ Bedok ActiveSG Gym,45%
2026-09-13T02:30:13.994630+00:00,Hougang ActiveSG Gym,47%
2026-09-13T02:30:13.994630+00:00,Jalan Besar ActiveSG Gym,51%
2026-09-13T02:30:13.994630+00:00,Jurong East ActiveSG Gym,42%
2026-09-13T02:30:13.994630+00:00,Jurong Lake Gardens ActiveSG Gym,29%
2026-09-13T02:30:13.994630+00:00,Jurong West ActiveSG Gym,30%
2026-09-13T02:30:13.994630+00:00,Katong ActiveSG Gym,43%
2026-09-13T02:30:13.994630+00:00,Pasir Ris ActiveSG Gym,47%
2026-09-13T02:30:13.994630+00:00,Queenstown ActiveSG Gym,34%
2026-09-13T02:30:13.994630+00:00,Sengkang ActiveSG Gym,76%
2026-09-13T02:30:13.994630+00:00,Senja-Cashew ActiveSG Gym,58%
2026-09-13T02:30:13.994630+00:00,Tampines ActiveSG Gym,59%
2026-09-13T02:30:13.994630+00:00,Woodlands ActiveSG Gym,36%
2026-09-13T02:30:13.994630+00:00,Yio Chu Kang ActiveSG Gym,28%
2026-09-13T02:30:13.994630+00:00,Yishun ActiveSG Gym,46%
2026-09-13T02:45:14.208063+00:00,ActiveSG Gym @ Ang Mo Kio Community Centre,38%
2026-09-13T02:45:14.208063+00:00,ActiveSG Gym @ Enabling Village,24%
2026-09-13T02:45:14.208063+00:00,ActiveSG Gym @ Fernvale Square,62%
2026-09-13T02:45:14.208063+00:00,ActiveSG Gym @ Serangoon Central,63%
2026-09-13T02:45:14.208063+00:00,ActiveSG Gym @ Toa Payoh,50%
2026-09-13T02:45:14.208063+00:00,ActiveSG Gym @ Toa Payoh West Community Centre,24%
2026-09-13T02:45:14.208063+00:00,ActiveSG Hockey Village @ Boon Lay Gym,23%
2026-09-13T02:45:14.208063+00:00,ActiveSG Sport Park @ Teck Ghee ActiveSG Gym,39%
2026-09-13T02:45:14.208063+00:00,Bishan ActiveSG Gym,31%
2026-09-13T02:45:14.208063+00:00,Bukit Batok ActiveSG Gym,65%
2026-09-13T02:45:14.208063+00:00,Bukit Canberra ActiveSG Gym,43%
2026-09-13T02:45:14.208063+00:00,Bukit Gombak ActiveSG Gym,70%
2026-09-13T02:45:14.208063+00:00,Choa Chu Kang ActiveSG Gym,55%
2026-09-13T02:45:14.208063+00:00,Clementi ActiveSG Gym,68%
2026-09-13T02:45:14.208063+00:00,Delta ActiveSG Gym,49%
2026-09-13T02:45:14.208063+00:00,Heartbeat @ Bedok ActiveSG Gym,47%
2026-09-13T02:45:14.208063+00:00,Hougang ActiveSG Gym,53%
2026-09-13T02:45:14.208063+00:00,Jalan Besar ActiveSG Gym,46%
2026-09-13T02:45:14.208063+00:00,Jurong East ActiveSG Gym,42%
2026-09-13T02:45:14.208063+00:00,Jurong Lake Gardens ActiveSG Gym,28%
2026-09-13T02:45:14.208063+00:00,Jurong West ActiveSG Gym,31%
2026-09-13T02:45:14.208063+00:00,Katong ActiveSG Gym,37%
2026-09-13T02:45:14.208063+00:00,Pasir Ris ActiveSG Gym,48%
2026-09-13T02:45:14.208063+00:00,Queenstown ActiveSG Gym,35%
2026-09-13T02:45:14.208063+00:00,Sengkang ActiveSG Gym,82%
2026-09-13T02:45:14.208063+00:00,Senja-Cashew ActiveSG Gym,63%
2026-09-13T02:45:14.208063+00:00,Tampines ActiveSG Gym,55%
2026-09-13T02:45:14.208063+00:00,Woodlands ActiveSG Gym,36%
2026-09-13T02:45:14.208063+00:00,Yio Chu Kang ActiveSG Gym,31%
2026-09-13T02:45:14.208063+00:00,Yishun ActiveSG Gym,46%
2026-09-13T03:00:14.176374+00:00,ActiveSG Gym @ Ang Mo Kio Community Centre,40%
2026-09-13T03:00:14.176374+00:00,ActiveSG Gym @ Enabling Village,33%
2026-09-13T03:00:14.176374+00:00,ActiveSG Gym @ Fernvale Square,67%
2026-09-13T03:00:14.176374+00:00,ActiveSG Gym @ Serangoon Central,53%
2026-09-13T03:00:14.176374+00:00,ActiveSG Gym @ Toa Payoh,52%
2026-09-13T03:00:14.176374+00:00,ActiveSG Gym @ Toa Payoh West Community Centre,24%
2026-09-13T03:00:14.176374+00:00,ActiveSG Hockey Village @ Boon Lay Gym,24%
2026-09-13T03:00:14.176374+00:00,ActiveSG Sport Park @ Teck Ghee ActiveSG Gym,37%
2026-09-13T03:00:14.176374+00:00,Bishan ActiveSG Gym,37%
2026-09-13T03:00:14.176374+00:00,Bukit Batok ActiveSG Gym,55%
2026-09-13T03:00:14.176374+00:00,Bukit Canberra ActiveSG Gym,39%
2026-09-13T03:00:14.176374+00:00,Bukit Gombak ActiveSG Gym,68%
2026-09-13T03:00:14.176374+00:00,Choa Chu Kang ActiveSG Gym,54%
2026-09-13T03:00:14.176374+00:00,Clementi ActiveSG Gym,80%
2026-09-13T03:00:14.176374+00:00,Delta ActiveSG Gym,44%
2026-09-13T03:00:14.176374+00:00,Heartbeat @ Bedok ActiveSG Gym,50%
2026-09-13T03:00:14.176374+00:00,Hougang ActiveSG Gym,47%
2026-09-13T03:00:14.176374+00:00,Jalan Besar ActiveSG Gym,59%
2026-09-13T03:00:14.176374+00:00,Jurong East ActiveSG Gym,51%
2026-09-13T03:00:14.176374+00:00,Jurong Lake Gardens ActiveSG Gym,22%
2026-09-13T03:00:14.176374+00:00,Jurong West ActiveSG Gym,30%
2026-09-13T03:00:14.176374+00:00,Katong ActiveSG Gym,54%
2026-09-13T03:00:14.176374+00:00,Pasir Ris ActiveSG Gym,53%
2026-09-13T03:00:14.176374+00:00,Queenstown ActiveSG Gym,35%
2026-09-13T03:00:14.176374+00:00,Sengkang ActiveSG Gym,85%
2026-09-13T03:00:14.176374+00:00,Senja-Cashew ActiveSG Gym,60%
2026-09-13T03:00:14.176374+00:00,Tampines ActiveSG Gym,60%
2026-09-13T03:00:14.176374+00:00,Woodlands ActiveSG Gym,37%
2026-09-13T03:00:14.176374+00:00,Yio Chu Kang ActiveSG Gym,31%
2026-09-13T03:00:14.176374+00:00,Yishun ActiveSG Gym,51%
2026-09-13T03:15:13.787579+00:00,ActiveSG Gym @ Ang Mo Kio Community Centre,37%
2026-09-13T03:15:13.787579+00:00,ActiveSG Gym @ Enabling Village,33%
2026-09-13T03:15:13.787579+00:00,ActiveSG Gym @ Fernvale Square,67%
2026-09-13T03:15:13.787579+00:00,ActiveSG Gym @ Serangoon Central,53%
2026-09-13T03:15:13.787579+00:00,ActiveSG Gym @ Toa Payoh,56%
2026-09-13T03:15:13.787579+00:00,ActiveSG Gym @ Toa Payoh West Community Centre,24%
2026-09-13T03:15:13.787579+00:00,ActiveSG Hockey Village @ Boon Lay Gym,26%
2026-09-13T03:15:13.787579+00:00,ActiveSG Sport Park @ Teck Ghee ActiveSG Gym,40%
2026-09-13T03:15:13.787579+00:00,Bishan ActiveSG Gym,49%
2026-09-13T03:15:13.787579+00:00,Bukit Batok ActiveSG Gym,30%
2026-09-13T03:15:13.787579+00:00,Bukit Canberra ActiveSG Gym,38%
2026-09-13T03:15:13.787579+00:00,Bukit Gombak ActiveSG Gym,70%
2026-09-13T03:15:13.787579+00:00,Choa Chu Kang ActiveSG Gym,56%
2026-09-13T03:15:13.787579+00:00,Clementi ActiveSG Gym,78%
2026-09-13T03:15:13.787579+00:00,Delta ActiveSG Gym,43%
2026-09-13T03:15:13.787579+00:00,Heartbeat @ Bedok ActiveSG Gym,49%
2026-09-13T03:15:13.787579+00:00,Hougang ActiveSG Gym,50%
2026-09-13T03:15:13.787579+00:00,Jalan Besar ActiveSG Gym,68%
2026-09-13T03:15:13.787579+00:00,Jurong East ActiveSG Gym,53%
2026-09-13T03:15:13.787579+00:00,Jurong Lake Gardens ActiveSG Gym,26%
2026-09-13T03:15:13.787579+00:00,Jurong West ActiveSG Gym,31%
2026-09-13T03:15:13.787579+00:00,Katong ActiveSG Gym,52%
2026-09-13T03:15:13.787579+00:00,Pasir Ris ActiveSG Gym,45%
2026-09-13T03:15:13.787579+00:00,Queenstown ActiveSG Gym,36%
2026-09-13T03:15:13.787579+00:00,Sengkang ActiveSG Gym,83%
2026-09-13T03:15:13.787579+00:00,Senja-Cashew ActiveSG Gym,57%
2026-09-13T03:15:13.787579+00:00,Tampines ActiveSG Gym,62%
2026-09-13T03:15:13.787579+00:00,Woodlands ActiveSG Gym,39%
2026-09-13T03:15:13.787579+00:00,Yio Chu Kang ActiveSG Gym,33%
2026-09-13T03:15:13.787579+00:00,Yishun ActiveSG Gym,50%
2026-09-13T03:30:14.361262+00:00,ActiveSG Gym @ Ang Mo Kio Community Centre,38%
2026-09-13T03:30:14.361262+00:00,ActiveSG Gym @ Enabling Village,33%
2026-09-13T03:30:14.361262+00:00,ActiveSG Gym @ Fernvale Square,73%
2026-09-13T03:30:14.361262+00:00,ActiveSG Gym @ Serangoon Central,57%
2026-09-13T03:30:14.361262+00:00,ActiveSG Gym @ Toa Payoh,60%
2026-09-13T03:30:14.361262+00:00,ActiveSG Gym @ Toa Payoh West Community Centre,28%
2026-09-13T03:30:14.361262+00:00,ActiveSG Hockey Village @ Boon Lay Gym,30%
2026-09-13T03:30:14.361262+00:00,ActiveSG Sport Park @ Teck Ghee ActiveSG Gym,53%
2026-09-13T03:30:14.361262+00:00,Bishan ActiveSG Gym,50%
2026-09-13T03:30:14.361262+00:00,Bukit Batok ActiveSG Gym,28%
2026-09-13T03:30:14.361262+00:00,Bukit Canberra ActiveSG Gym,36%
2026-09-13T03:30:14.361262+00:00,Bukit Gombak ActiveSG Gym,64%
2026-09-13T03:30:14.361262+00:00,Choa Chu Kang ActiveSG Gym,50%
2026-09-13T03:30:14.361262+00:00,Clementi ActiveSG Gym,82%
2026-09-13T03:30:14.361262+00:00,Delta ActiveSG Gym,42%
2026-09-13T03:30:14.361262+00:00,Heartbeat @ Bedok ActiveSG Gym,50%
2026-09-13T03:30:14.361262+00:00,Hougang ActiveSG Gym,45%
2026-09-13T03:30:14.361262+00:00,Jalan Besar ActiveSG Gym,71%
2026-09-13T03:30:14.361262+00:00,Jurong East ActiveSG Gym,46%
2026-09-13T03:30:14.361262+00:00,Jurong Lake Gardens ActiveSG Gym,29%
2026-09-13T03:30:14.361262+00:00,Jurong West ActiveSG Gym,30%
2026-09-13T03:30:14.361262+00:00,Katong ActiveSG Gym,60%
2026-09-13T03:30:14.361262+00:00,Pasir Ris ActiveSG Gym,45%
2026-09-13T03:30:14.361262+00:00,Queenstown ActiveSG Gym,40%
2026-09-13T03:30:14.361262+00:00,Sengkang ActiveSG Gym,76%
2026-09-13T03:30:14.361262+00:00,Senja-Cashew ActiveSG Gym,54%
2026-09-13T03:30:14.361262+00:00,Tampines ActiveSG Gym,64%
2026-09-13T03:30:14.361262+00:00,Woodlands ActiveSG Gym,40%
2026-09-13T03:30:14.361262+00:00,Yio Chu Kang ActiveSG Gym,34%
2026-09-13T03:30:14.361262+00:00,Yishun ActiveSG Gym,42%
2026-09-13T03:45:14.122742+00:00,ActiveSG Gym @ Ang Mo Kio Community Centre,43%
2026-09-13T03:45:14.122742+00:00,ActiveSG Gym @ Enabling Village,24%
2026-09-13T03:45:14.122742+00:00,ActiveSG Gym @ Fernvale Square,70%
2026-09-13T03:45:14.122742+00:00,ActiveSG Gym @ Serangoon Central,57%
2026-09-13T03:45:14.122742+00:00,ActiveSG Gym @ Toa Payoh,60%
2026-09-13T03:45:14.122742+00:00,ActiveSG Gym @ Toa Payoh West Community Centre,28%
2026-09-13T03:45:14.122742+00:00,ActiveSG Hockey Village @ Boon Lay Gym,28%
2026-09-13T03:45:14.122742+00:00,ActiveSG Sport Park @ Teck Ghee ActiveSG Gym,58%
2026-09-13T03:45:14.122742+00:00,Bishan ActiveSG Gym,46%
2026-09-13T03:45:14.122742+00:00,Bukit Batok ActiveSG Gym,40%
2026-09-13T03:45:14.122742+00:00,Bukit Canberra ActiveSG Gym,41%
2026-09-13T03:45:14.122742+00:00,Bukit Gombak ActiveSG Gym,63%
2026-09-13T03:45:14.122742+00:00,Choa Chu Kang ActiveSG Gym,52%
2026-09-13T03:45:14.122742+00:00,Clementi ActiveSG Gym,88%
2026-09-13T03:45:14.122742+00:00,Delta ActiveSG Gym,41%
2026-09-13T03:45:14.122742+00:00,Heartbeat @ Bedok ActiveSG Gym,49%
2026-09-13T03:45:14.122742+00:00,Hougang ActiveSG Gym,45%
2026-09-13T03:45:14.122742+00:00,Jalan Besar ActiveSG Gym,76%
2026-09-13T03:45:14.122742+00:00,Jurong East ActiveSG Gym,46%
2026-09-13T03:45:14.122742+00:00,Jurong Lake Gardens ActiveSG Gym,26%
2026-09-13T03:45:14.122742+00:00,Jurong West ActiveSG Gym,27%
2026-09-13T03:45:14.122742+00:00,Katong ActiveSG Gym,62%
2026-09-13T03:45:14.122742+00:00,Pasir Ris ActiveSG Gym,41%
2026-09-13T03:45:14.122742+00:00,Queenstown ActiveSG Gym,40%
2026-09-13T03:45:14.122742+00:00,Sengkang ActiveSG Gym,80%
2026-09-13T03:45:14.122742+00:00,Senja-Cashew ActiveSG Gym,46%
2026-09-13T03:45:14.122742+00:00,Tampines ActiveSG Gym,62%
2026-09-13T03:45:14.122742+00:00,Woodlands ActiveSG Gym,38%
2026-09-13T03:45:14.122742+00:00,Yio Chu Kang ActiveSG Gym,28%
2026-09-13T03:45:14.122742+00:00,Yishun ActiveSG Gym,52%
2026-09-13T04:00:13.748975+00:00,ActiveSG Gym @ Ang Mo Kio Community Centre,37%
2026-09-13T04:00:13.748975+00:00,ActiveSG Gym @ Enabling Village,27%
2026-09-13T04:00:13.748975+00:00,ActiveSG Gym @ Fernvale Square,68%
2026-09-13T04:00:13.748975+00:00,ActiveSG Gym @ Serangoon Central,47%
2026-09-13T04:00:13.748975+00:00,ActiveSG Gym @ Toa Payoh,61%
2026-09-13T04:00:13.748975+00:00,ActiveSG Gym @ Toa Payoh West Community Centre,32%
2026-09-13T04:00:13.748975+00:00,ActiveSG Hockey Village @ Boon Lay Gym,28%
2026-09-13T04:00:13.748975+00:00,ActiveSG Sport Park @ Teck Ghee ActiveSG Gym,60%
2026-09-13T04:00:13.748975+00:00,Bishan ActiveSG Gym,40%
2026-09-13T04:00:13.748975+00:00,Bukit Batok ActiveSG Gym,35%
2026-09-13T04:00:13.748975+00:00,Bukit Canberra ActiveSG Gym,42%
2026-09-13T04:00:13.748975+00:00,Bukit Gombak ActiveSG Gym,58%
2026-09-13T04:00:13.748975+00:00,Choa Chu Kang ActiveSG Gym,58%
2026-09-13T04:00:13.748975+00:00,Clementi ActiveSG Gym,62%
2026-09-13T04:00:13.748975+00:00,Delta ActiveSG Gym,37%
2026-09-13T04:00:13.748975+00:00,Heartbeat @ Bedok ActiveSG Gym,46%
2026-09-13T04:00:13.748975+00:00,Hougang ActiveSG Gym,43%
2026-09-13T04:00:13.748975+00:00,Jalan Besar ActiveSG Gym,76%
2026-09-13T04:00:13.748975+00:00,Jurong East ActiveSG Gym,44%
2026-09-13T04:00:13.748975+00:00,Jurong Lake Gardens ActiveSG Gym,24%
2026-09-13T04:00:13.748975+00:00,Jurong West ActiveSG Gym,30%
2026-09-13T04:00:13.748975+00:00,Katong ActiveSG Gym,57%
2026-09-13T04:00:13.748975+00:00,Pasir Ris ActiveSG Gym,40%
2026-09-13T04:00:13.748975+00:00,Queenstown ActiveSG Gym,40%
2026-09-13T04:00:13.748975+00:00,Sengkang ActiveSG Gym,80%
2026-09-13T04:00:13.748975+00:00,Senja-Cashew ActiveSG Gym,49%
2026-09-13T04:00:13.748975+00:00,Tampines ActiveSG Gym,63%
2026-09-13T04:00:13.748975+00:00,Woodlands ActiveSG Gym,38%
2026-09-13T04:00:13.748975+00:00,Yio Chu Kang ActiveSG Gym,33%
2026-09-13T04:00:13.748975+00:00,Yishun ActiveSG Gym,48%
2026-09-13T04:15:13.831901+00:00,ActiveSG Gym @ Ang Mo Kio Community Centre,37%
2026-09-13T04:15:13.831901+00:00,ActiveSG Gym @ Enabling Village,29%
2026-09-13T04:15:13.831901+00:00,ActiveSG Gym @ Fernvale Square,52%
2026-09-13T04:15:13.831901+00:00,ActiveSG Gym @ Serangoon Central,47%
2026-09-13T04:15:13.831901+00:00,ActiveSG Gym @ Toa Payoh,58%
2026-09-13T04:15:13.831901+00:00,ActiveSG Gym @ Toa Payoh West Community Centre,32%
2026-09-13T04:15:13.831901+00:00,ActiveSG Hockey Village @ Boon Lay Gym,28%
2026-09-13T04:15:13.831901+00:00,ActiveSG Sport Park @ Teck Ghee ActiveSG Gym,62%
2026-09-13T04:15:13.831901+00:00,Bishan ActiveSG Gym,37%
2026-09-13T04:15:13.831901+00:00,Bukit Batok ActiveSG Gym,25%
2026-09-13T04:15:13.831901+00:00,Bukit Canberra ActiveSG Gym,40%
2026-09-13T04:15:13.831901+00:00,Bukit Gombak ActiveSG Gym,57%
2026-09-13T04:15:13.831901+00:00,Choa Chu Kang ActiveSG Gym,55%
2026-09-13T04:15:13.831901+00:00,Clementi ActiveSG Gym,65%
2026-09-13T04:15:13.831901+00:00,Delta ActiveSG Gym,32%
2026-09-13T04:15:13.831901+00:00,Heartbeat @ Bedok ActiveSG Gym,47%
2026-09-13T04:15:13.831901+00:00,Hougang ActiveSG Gym,44%
2026-09-13T04:15:13.831901+00:00,Jalan Besar ActiveSG Gym,76%
2026-09-13T04:15:13.831901+00:00,Jurong East ActiveSG Gym,46%
2026-09-13T04:15:13.831901+00:00,Jurong Lake Gardens ActiveSG Gym,20%
2026-09-13T04:15:13.831901+00:00,Jurong West ActiveSG Gym,29%
2026-09-13T04:15:13.831901+00:00,Katong ActiveSG Gym,58%
2026-09-13T04:15:13.831901+00:00,Pasir Ris ActiveSG Gym,35%
2026-09-13T04:15:13.831901+00:00,Queenstown ActiveSG Gym,43%
2026-09-13T04:15:13.831901+00:00,Sengkang ActiveSG Gym,79%
2026-09-13T04:15:13.831901+00:00,Senja-Cashew ActiveSG Gym,52%
2026-09-13T04:15:13.831901+00:00,Tampines ActiveSG Gym,58%
2026-09-13T04:15:13.831901+00:00,Woodlands ActiveSG Gym,38%
2026-09-13T04:15:13.831901+00:00,Yio Chu Kang ActiveSG Gym,35%
2026-09-13T04:15:13.831901+00:00,Yishun ActiveSG Gym,45%
2026-09-13T04:30:13.717426+00:00,ActiveSG Gym @ Ang Mo Kio Community Centre,37%
2026-09-13T04:30:13.717426+00:00,ActiveSG Gym @ Enabling Village,27%
2026-09-13T04:30:13.717426+00:00,ActiveSG Gym @ Fernvale Square,40%
2026-09-13T04:30:13.717426+00:00,ActiveSG Gym @ Serangoon Central,57%
2026-09-13T04:30:13.717426+00:00,ActiveSG Gym @ Toa Payoh,50%
2026-09-13T04:30:13.717426+00:00,ActiveSG Gym @ Toa Payoh West Community Centre,29%
2026-09-13T04:30:13.717426+00:00,ActiveSG Hockey Village @ Boon Lay Gym,30%
2026-09-13T04:30:13.717426+00:00,ActiveSG Sport Park @ Teck Ghee ActiveSG Gym,52%
2026-09-13T04:30:13.717426+00:00,Bishan ActiveSG Gym,42%
2026-09-13T04:30:13.717426+00:00,Bukit Batok ActiveSG Gym,28%
2026-09-13T04:30:13.717426+00:00,Bukit Canberra ActiveSG Gym,39%
2026-09-13T04:30:13.717426+00:00,Bukit Gombak ActiveSG Gym,50%
2026-09-13T04:30:13.717426+00:00,Choa Chu Kang ActiveSG Gym,49%
2026-09-13T04:30:13.717426+00:00,Clementi ActiveSG Gym,72%
2026-09-13T04:30:13.717426+00:00,Delta ActiveSG Gym,30%
2026-09-13T04:30:13.717426+00:00,Heartbeat @ Bedok ActiveSG Gym,41%
2026-09-13T04:30:13.717426+00:00,Hougang ActiveSG Gym,46%
2026-09-13T04:30:13.717426+00:00,Jalan Besar ActiveSG Gym,61%
2026-09-13T04:30:13.717426+00:00,Jurong East ActiveSG Gym,43%
2026-09-13T04:30:13.717426+00:00,Jurong Lake Gardens ActiveSG Gym,19%
2026-09-13T04:30:13.717426+00:00,Jurong West ActiveSG Gym,23%
2026-09-13T04:30:13.717426+00:00,Katong ActiveSG Gym,60%
2026-09-13T04:30:13.717426+00:00,Pasir Ris ActiveSG Gym,35%
2026-09-13T04:30:13.717426+00:00,Queenstown ActiveSG Gym,40%
2026-09-13T04:30:13.717426+00:00,Sengkang ActiveSG Gym,78%
2026-09-13T04:30:13.717426+00:00,Senja-Cashew ActiveSG Gym,46%
2026-09-13T04:30:13.717426+00:00,Tampines ActiveSG Gym,60%
2026-09-13T04:30:13.717426+00:00,Woodlands ActiveSG Gym,39%
2026-09-13T04:30:13.717426+00:00,Yio Chu Kang ActiveSG Gym,30%
2026-09-13T04:30:13.717426+00:00,Yishun ActiveSG Gym,43%
2026-09-13T04:45:13.819772+00:00,ActiveSG Gym @ Ang Mo Kio Community Centre,42%
2026-09-13T04:45:13.819772+00:00,ActiveSG Gym @ Enabling Village,29%
2026-09-13T04:45:13.819772+00:00,ActiveSG Gym @ Fernvale Square,38%
2026-09-13T04:45:13.819772+00:00,ActiveSG Gym @ Serangoon Central,50%
2026-09-13T04:45:13.819772+00:00,ActiveSG Gym @ Toa Payoh,43%
2026-09-13T04:45:13.819772+00:00,ActiveSG Gym @ Toa Payoh West Community Centre,29%
2026-09-13T04:45:13.819772+00:00,ActiveSG Hockey Village @ Boon Lay Gym,34%
2026-09-13T04:45:13.819772+00:00,ActiveSG Sport Park @ Teck Ghee ActiveSG Gym,45%
2026-09-13T04:45:13.819772+00:00,Bishan ActiveSG Gym,40%
2026-09-13T04:45:13.819772+00:00,Bukit Batok ActiveSG Gym,30%
2026-09-13T04:45:13.819772+00:00,Bukit Canberra ActiveSG Gym,35%
2026-09-13T04:45:13.819772+00:00,Bukit Gombak ActiveSG Gym,26%
2026-09-13T04:45:13.819772+00:00,Choa Chu Kang ActiveSG Gym,49%
2026-09-13T04:45:13.819772+00:00,Clementi ActiveSG Gym,66%
2026-09-13T04:45:13.819772+00:00,Delta ActiveSG Gym,35%
2026-09-13T04:45:13.819772+00:00,Heartbeat @ Bedok ActiveSG Gym,41%
2026-09-13T04:45:13.819772+00:00,Hougang ActiveSG Gym,45%
2026-09-13T04:45:13.819772+00:00,Jalan Besar ActiveSG Gym,60%
2026-09-13T04:45:13.819772+00:00,Jurong East ActiveSG Gym,40%
2026-09-13T04:45:13.819772+00:00,Jurong Lake Gardens ActiveSG Gym,19%
2026-09-13T04:45:13.819772+00:00,Jurong West ActiveSG Gym,22%
2026-09-13T04:45:13.819772+00:00,Katong ActiveSG Gym,58%
2026-09-13T04:45:13.819772+00:00,Pasir Ris ActiveSG Gym,27%
2026-09-13T04:45:13.819772+00:00,Queenstown ActiveSG Gym,40%
2026-09-13T04:45:13.819772+00:00,Sengkang ActiveSG Gym,70%
2026-09-13T04:45:13.819772+00:00,Senja-Cashew ActiveSG Gym,51%
2026-09-13T04:45:13.819772+00:00,Tampines ActiveSG Gym,56%
2026-09-13T04:45:13.819772+00:00,Woodlands ActiveSG Gym,33%
2026-09-13T04:45:13.819772+00:00,Yio Chu Kang ActiveSG Gym,31%
2026-09-13T04:45:13.819772+00:00,Yishun ActiveSG Gym,39%
2026-09-13T05:00:14.258300+00:00,ActiveSG Gym @ Ang Mo Kio Community Centre,42%
2026-09-13T05:00:14.258300+00:00,ActiveSG Gym @ Enabling Village,29%
2026-09-13T05:00:14.258300+00:00,ActiveSG Gym @ Fernvale Square,37%
2026-09-13T05:00:14.258300+00:00,ActiveSG Gym @ Serangoon Central,47%
2026-09-13T05:00:14.258300+00:00,ActiveSG Gym @ Toa Payoh,39%
2026-09-13T05:00:14.258300+00:00,ActiveSG Gym @ Toa Payoh West Community Centre,16%
2026-09-13T05:00:14.258300+00:00,ActiveSG Hockey Village @ Boon Lay Gym,34%
2026-09-13T05:00:14.258300+00:00,ActiveSG Sport Park @ Teck Ghee ActiveSG Gym,48%
2026-09-13T05:00:14.258300+00:00,Bishan ActiveSG Gym,36%
2026-09-13T05:00:14.258300+00:00,Bukit Batok ActiveSG Gym,30%
2026-09-13T05:00:14.258300+00:00,Bukit Canberra ActiveSG Gym,35%
2026-09-13T05:00:14.258300+00:00,Bukit Gombak ActiveSG Gym,33%
2026-09-13T05:00:14.258300+00:00,Choa Chu Kang ActiveSG Gym,49%
2026-09-13T05:00:14.258300+00:00,Clementi ActiveSG Gym,71%
2026-09-13T05:00:14.258300+00:00,Delta ActiveSG Gym,34%
2026-09-13T05:00:14.258300+00:00,Heartbeat @ Bedok ActiveSG Gym,35%
2026-09-13T05:00:14.258300+00:00,Hougang ActiveSG Gym,48%
2026-09-13T05:00:14.258300+00:00,Jalan Besar ActiveSG Gym,53%
2026-09-13T05:00:14.258300+00:00,Jurong East ActiveSG Gym,39%
2026-09-13T05:00:14.258300+00:00,Jurong Lake Gardens ActiveSG Gym,18%
2026-09-13T05:00:14.258300+00:00,Jurong West ActiveSG Gym,22%
2026-09-13T05:00:14.258300+00:00,Katong ActiveSG Gym,60%
2026-09-13T05:00:14.258300+00:00,Pasir Ris ActiveSG Gym,28%
2026-09-13T05:00:14.258300+00:00,Queenstown ActiveSG Gym,39%
2026-09-13T05:00:14.258300+00:00,Sengkang ActiveSG Gym,69%
2026-09-13T05:00:14.258300+00:00,Senja-Cashew ActiveSG Gym,62%
2026-09-13T05:00:14.258300+00:00,Tampines ActiveSG Gym,57%
2026-09-13T05:00:14.258300+00:00,Woodlands ActiveSG Gym,32%
2026-09-13T05:00:14.258300+00:00,Yio Chu Kang ActiveSG Gym,36%
2026-09-13T05:00:14.258300+00:00,Yishun ActiveSG Gym,36%
2026-09-13T05:15:14.007122+00:00,ActiveSG Gym @ Ang Mo Kio Community Centre,38%
2026-09-13T05:15:14.007122+00:00,ActiveSG Gym @ Enabling Village,29%
2026-09-13T05:15:14.007122+00:00,ActiveSG Gym @ Fernvale Square,32%
2026-09-13T05:15:14.007122+00:00,ActiveSG Gym @ Serangoon Central,37%
2026-09-13T05:15:14.007122+00:00,ActiveSG Gym @ Toa Payoh,37%
2026-09-13T05:15:14.007122+00:00,ActiveSG Gym @ Toa Payoh West Community Centre,16%
2026-09-13T05:15:14.007122+00:00,ActiveSG Hockey Village @ Boon Lay Gym,28%
2026-09-13T05:15:14.007122+00:00,ActiveSG Sport Park @ Teck Ghee ActiveSG Gym,48%
2026-09-13T05:15:14.007122+00:00,Bishan ActiveSG Gym,38%
2026-09-13T05:15:14.007122+00:00,Bukit Batok ActiveSG Gym,33%
2026-09-13T05:15:14.007122+00:00,Bukit Canberra ActiveSG Gym,34%
2026-09-13T05:15:14.007122+00:00,Bukit Gombak ActiveSG Gym,32%
2026-09-13T05:15:14.007122+00:00,Choa Chu Kang ActiveSG Gym,51%
2026-09-13T05:15:14.007122+00:00,Clementi ActiveSG Gym,66%
2026-09-13T05:15:14.007122+00:00,Delta ActiveSG Gym,38%
2026-09-13T05:15:14.007122+00:00,Heartbeat @ Bedok ActiveSG Gym,34%
2026-09-13T05:15:14.007122+00:00,Hougang ActiveSG Gym,46%
2026-09-13T05:15:14.007122+00:00,Jalan Besar ActiveSG Gym,47%
2026-09-13T05:15:14.007122+00:00,Jurong East ActiveSG Gym,14%
2026-09-13T05:15:14.007122+00:00,Jurong Lake Gardens ActiveSG Gym,14%
2026-09-13T05:15:14.007122+00:00,Jurong West ActiveSG Gym,21%
2026-09-13T05:15:14.007122+00:00,Katong ActiveSG Gym,48%
2026-09-13T05:15:14.007122+00:00,Pasir Ris ActiveSG Gym,30%
2026-09-13T05:15:14.007122+00:00,Queenstown ActiveSG Gym,38%
2026-09-13T05:15:14.007122+00:00,Sengkang ActiveSG Gym,61%
2026-09-13T05:15:14.007122+00:00,Senja-Cashew ActiveSG Gym,66%
2026-09-13T05:15:14.007122+00:00,Tampines ActiveSG Gym,53%
2026-09-13T05:15:14.007122+00:00,Woodlands ActiveSG Gym,33%
2026-09-13T05:15:14.007122+00:00,Yio Chu Kang ActiveSG Gym,40%
2026-09-13T05:15:14.007122+00:00,Yishun ActiveSG Gym,24%
2026-09-13T05:24:40.123944+00:00,ActiveSG Gym @ Ang Mo Kio Community Centre,40%
2026-09-13T05:24:40.123944+00:00,ActiveSG Gym @ Enabling Village,29%
2026-09-13T05:24:40.123944+00:00,ActiveSG Gym @ Fernvale Square,32%
2026-09-13T05:24:40.123944+00:00,ActiveSG Gym @ Serangoon Central,37%
2026-09-13T05:24:40.123944+00:00,ActiveSG Gym @ Toa Payoh,32%
2026-09-13T05:24:40.123944+00:00,ActiveSG Gym @ Toa Payoh West Community Centre,16%
2026-09-13T05:24:40.123944+00:00,ActiveSG Hockey Village @ Boon Lay Gym,29%
2026-09-13T05:24:40.123944+00:00,ActiveSG Sport Park @ Teck Ghee ActiveSG Gym,40%
2026-09-13T05:24:40.123944+00:00,Bishan ActiveSG Gym,36%
2026-09-13T05:24:40.123944+00:00,Bukit Batok ActiveSG Gym,33%
2026-09-13T05:24:40.123944+00:00,Bukit Canberra ActiveSG Gym,33%
2026-09-13T05:24:40.123944+00:00,Bukit Gombak ActiveSG Gym,29%
2026-09-13T05:24:40.123944+00:00,Choa Chu Kang ActiveSG Gym,48%
2026-09-13T05:24:40.123944+00:00,Clementi ActiveSG Gym,65%
2026-09-13T05:24:40.123944+00:00,Delta ActiveSG Gym,28%
2026-09-13T05:24:40.123944+00:00,Heartbeat @ Bedok ActiveSG Gym,34%
2026-09-13T05:24:40.123944+00:00,Hougang ActiveSG Gym,43%
2026-09-13T05:24:40.123944+00:00,Jalan Besar ActiveSG Gym,47%
2026-09-13T05:24:40.123944+00:00,Jurong East ActiveSG Gym,15%
2026-09-13T05:24:40.123944+00:00,Jurong Lake Gardens ActiveSG Gym,14%
2026-09-13T05:24:40.123944+00:00,Jurong West ActiveSG Gym,21%
2026-09-13T05:24:40.123944+00:00,Katong ActiveSG Gym,46%
2026-09-13T05:24:40.123944+00:00,Pasir Ris ActiveSG Gym,31%
2026-09-13T05:24:40.123944+00:00,Queenstown ActiveSG Gym,37%
2026-09-13T05:24:40.123944+00:00,Sengkang ActiveSG Gym,62%
2026-09-13T05:24:40.123944+00:00,Senja-Cashew ActiveSG Gym,65%
2026-09-13T05:24:40.123944+00:00,Tampines ActiveSG Gym,55%
2026-09-13T05:24:40.123944+00:00,Woodlands ActiveSG Gym,32%
2026-09-13T05:24:40.123944+00:00,Yio Chu Kang ActiveSG Gym,41%
2026-09-13T05:24:40.123944+00:00,Yishun ActiveSG Gym,26%
2026-09-13T05:30:13.969122+00:00,ActiveSG Gym @ Ang Mo Kio Community Centre,38%
2026-09-13T05:30:13.969122+00:00,ActiveSG Gym @ Enabling Village,29%
2026-09-13T05:30:13.969122+00:00,ActiveSG Gym @ Fernvale Square,33%
2026-09-13T05:30:13.969122+00:00,ActiveSG Gym @ Serangoon Central,33%
2026-09-13T05:30:13.969122+00:00,ActiveSG Gym @ Toa Payoh,32%
2026-09-13T05:30:13.969122+00:00,ActiveSG Gym @ Toa Payoh West Community Centre,16%
2026-09-13T05:30:13.969122+00:00,ActiveSG Hockey Village @ Boon Lay Gym,29%
2026-09-13T05:30:13.969122+00:00,ActiveSG Sport Park @ Teck Ghee ActiveSG Gym,40%
2026-09-13T05:30:13.969122+00:00,Bishan ActiveSG Gym,38%
2026-09-13T05:30:13.969122+00:00,Bukit Batok ActiveSG Gym,33%
2026-09-13T05:30:13.969122+00:00,Bukit Canberra ActiveSG Gym,33%
2026-09-13T05:30:13.969122+00:00,Bukit Gombak ActiveSG Gym,29%
2026-09-13T05:30:13.969122+00:00,Choa Chu Kang ActiveSG Gym,50%
2026-09-13T05:30:13.969122+00:00,Clementi ActiveSG Gym,68%
2026-09-13T05:30:13.969122+00:00,Delta ActiveSG Gym,30%
2026-09-13T05:30:13.969122+00:00,Heartbeat @ Bedok ActiveSG Gym,34%
2026-09-13T05:30:13.969122+00:00,Hougang ActiveSG Gym,43%
2026-09-13T05:30:13.969122+00:00,Jalan Besar ActiveSG Gym,33%
2026-09-13T05:30:13.969122+00:00,Jurong East ActiveSG Gym,15%
2026-09-13T05:30:13.969122+00:00,Jurong Lake Gardens ActiveSG Gym,15%
2026-09-13T05:30:13.969122+00:00,Jurong West ActiveSG Gym,21%
2026-09-13T05:30:13.969122+00:00,Katong ActiveSG Gym,49%
2026-09-13T05:30:13.969122+00:00,Pasir Ris ActiveSG Gym,30%
2026-09-13T05:30:13.969122+00:00,Queenstown ActiveSG Gym,37%
2026-09-13T05:30:13.969122+00:00,Sengkang ActiveSG Gym,59%
2026-09-13T05:30:13.969122+00:00,Senja-Cashew ActiveSG Gym,66%
2026-09-13T05:30:13.969122+00:00,Tampines ActiveSG Gym,54%
2026-09-13T05:30:13.969122+00:00,Woodlands ActiveSG Gym,31%
2026-09-13T05:30:13.969122+00:00,Yio Chu Kang ActiveSG Gym,43%
2026-09-13T05:30:13.969122+00:00,Yishun ActiveSG Gym,26%
2026-09-13T05:45:13.723737+00:00,ActiveSG Gym @ Ang Mo Kio Community Centre,37%
2026-09-13T05:45:13.723737+00:00,ActiveSG Gym @ Enabling Village,31%
2026-09-13T05:45:13.723737+00:00,ActiveSG Gym @ Fernvale Square,28%
2026-09-13T05:45:13.723737+00:00,ActiveSG Gym @ Serangoon Central,23%
2026-09-13T05:45:13.723737+00:00,ActiveSG Gym @ Toa Payoh,32%
2026-09-13T05:45:13.723737+00:00,ActiveSG Gym @ Toa Payoh West Community Centre,16%
2026-09-13T05:45:13.723737+00:00,ActiveSG Hockey Village @ Boon Lay Gym,27%
2026-09-13T05:45:13.723737+00:00,ActiveSG Sport Park @ Teck Ghee ActiveSG Gym,39%
2026-09-13T05:45:13.723737+00:00,Bishan ActiveSG Gym,39%
2026-09-13T05:45:13.723737+00:00,Bukit Batok ActiveSG Gym,38%
2026-09-13T05:45:13.723737+00:00,Bukit Canberra ActiveSG Gym,28%
2026-09-13T05:45:13.723737+00:00,Bukit Gombak ActiveSG Gym,38%
2026-09-13T05:45:13.723737+00:00,Choa Chu Kang ActiveSG Gym,45%
2026-09-13T05:45:13.723737+00:00,Clementi ActiveSG Gym,73%
2026-09-13T05:45:13.723737+00:00,Delta ActiveSG Gym,28%
2026-09-13T05:45:13.723737+00:00,Heartbeat @ Bedok ActiveSG Gym,29%
2026-09-13T05:45:13.723737+00:00,Hougang ActiveSG Gym,45%
2026-09-13T05:45:13.723737+00:00,Jalan Besar ActiveSG Gym,31%
2026-09-13T05:45:13.723737+00:00,Jurong East ActiveSG Gym,10%
2026-09-13T05:45:13.723737+00:00,Jurong Lake Gardens ActiveSG Gym,14%
2026-09-13T05:45:13.723737+00:00,Jurong West ActiveSG Gym,22%
2026-09-13T05:45:13.723737+00:00,Katong ActiveSG Gym,49%
2026-09-13T05:45:13.723737+00:00,Pasir Ris ActiveSG Gym,27%
2026-09-13T05:45:13.723737+00:00,Queenstown ActiveSG Gym,36%
2026-09-13T05:45:13.723737+00:00,Sengkang ActiveSG Gym,54%
2026-09-13T05:45:13.723737+00:00,Senja-Cashew ActiveSG Gym,65%
2026-09-13T05:45:13.723737+00:00,Tampines ActiveSG Gym,54%
2026-09-13T05:45:13.723737+00:00,Woodlands ActiveSG Gym,31%
2026-09-13T05:45:13.723737+00:00,Yio Chu Kang ActiveSG Gym,42%
2026-09-13T05:45:13.723737+00:00,Yishun ActiveSG Gym,28%
2026-09-13T06:00:14.364854+00:00,ActiveSG Gym @ Ang Mo Kio Community Centre,35%
2026-09-13T06:00:14.364854+00:00,ActiveSG Gym @ Enabling Village,13%
2026-09-13T06:00:14.364854+00:00,ActiveSG Gym @ Fernvale Square,38%
2026-09-13T06:00:14.364854+00:00,ActiveSG Gym @ Serangoon Central,20%
2026-09-13T06:00:14.364854+00:00,ActiveSG Gym @ Toa Payoh,35%
2026-09-13T06:00:14.364854+00:00,ActiveSG Gym @ Toa Payoh West Community Centre,16%
2026-09-13T06:00:14.364854+00:00,ActiveSG Hockey Village @ Boon Lay Gym,26%
2026-09-13T06:00:14.364854+00:00,ActiveSG Sport Park @ Teck Ghee ActiveSG Gym,36%
2026-09-13T06:00:14.364854+00:00,Bishan ActiveSG Gym,32%
2026-09-13T06:00:14.364854+00:00,Bukit Batok ActiveSG Gym,33%
2026-09-13T06:00:14.364854+00:00,Bukit Canberra ActiveSG Gym,32%
2026-09-13T06:00:14.364854+00:00,Bukit Gombak ActiveSG Gym,40%
2026-09-13T06:00:14.364854+00:00,Choa Chu Kang ActiveSG Gym,47%
2026-09-13T06:00:14.364854+00:00,Clementi ActiveSG Gym,39%
2026-09-13T06:00:14.364854+00:00,Delta ActiveSG Gym,30%
2026-09-13T06:00:14.364854+00:00,Heartbeat @ Bedok ActiveSG Gym,27%
2026-09-13T06:00:14.364854+00:00,Hougang ActiveSG Gym,48%
2026-09-13T06:00:14.364854+00:00,Jalan Besar ActiveSG Gym,31%
2026-09-13T06:00:14.364854+00:00,Jurong East ActiveSG Gym,13%
2026-09-13T06:00:14.364854+00:00,Jurong Lake Gardens ActiveSG Gym,13%
2026-09-13T06:00:14.364854+00:00,Jurong West ActiveSG Gym,26%
2026-09-13T06:00:14.364854+00:00,Katong ActiveSG Gym,49%
2026-09-13T06:00:14.364854+00:00,Pasir Ris ActiveSG Gym,34%
2026-09-13T06:00:14.364854+00:00,Queenstown ActiveSG Gym,37%
2026-09-13T06:00:14.364854+00:00,Sengkang ActiveSG Gym,55%
2026-09-13T06:00:14.364854+00:00,Senja-Cashew ActiveSG Gym,69%
2026-09-13T06:00:14.364854+00:00,Tampines ActiveSG Gym,55%
2026-09-13T06:00:14.364854+00:00,Woodlands ActiveSG Gym,34%
2026-09-13T06:00:14.364854+00:00,Yio Chu Kang ActiveSG Gym,28%
2026-09-13T06:00:14.364854+00:00,Yishun ActiveSG Gym,30%
2026-09-13T06:15:13.808746+00:00,ActiveSG Gym @ Ang Mo Kio Community Centre,38%
2026-09-13T06:15:13.808746+00:00,ActiveSG Gym @ Enabling Village,22%
2026-09-13T06:15:13.808746+00:00,ActiveSG Gym @ Fernvale Square,37%
2026-09-13T06:15:13.808746+00:00,ActiveSG Gym @ Serangoon Central,23%
2026-09-13T06:15:13.808746+00:00,ActiveSG Gym @ Toa Payoh,36%
2026-09-13T06:15:13.808746+00:00,ActiveSG Gym @ Toa Payoh West Community Centre,16%
2026-09-13T06:15:13.808746+00:00,ActiveSG Hockey Village @ Boon Lay Gym,27%
2026-09-13T06:15:13.808746+00:00,ActiveSG Sport Park @ Teck Ghee ActiveSG Gym,36%
2026-09-13T06:15:13.808746+00:00,Bishan ActiveSG Gym,34%
2026-09-13T06:15:13.808746+00:00,Bukit Batok ActiveSG Gym,45%
2026-09-13T06:15:13.808746+00:00,Bukit Canberra ActiveSG Gym,32%
2026-09-13T06:15:13.808746+00:00,Bukit Gombak ActiveSG Gym,42%
2026-09-13T06:15:13.808746+00:00,Choa Chu Kang ActiveSG Gym,51%
2026-09-13T06:15:13.808746+00:00,Clementi ActiveSG Gym,42%
2026-09-13T06:15:13.808746+00:00,Delta ActiveSG Gym,26%
2026-09-13T06:15:13.808746+00:00,Heartbeat @ Bedok ActiveSG Gym,25%
2026-09-13T06:15:13.808746+00:00,Hougang ActiveSG Gym,51%
2026-09-13T06:15:13.808746+00:00,Jalan Besar ActiveSG Gym,24%
2026-09-13T06:15:13.808746+00:00,Jurong East ActiveSG Gym,20%
2026-09-13T06:15:13.808746+00:00,Jurong Lake Gardens ActiveSG Gym,13%
2026-09-13T06:15:13.808746+00:00,Jurong West ActiveSG Gym,26%
2026-09-13T06:15:13.808746+00:00,Katong ActiveSG Gym,37%
2026-09-13T06:15:13.808746+00:00,Pasir Ris ActiveSG Gym,32%
2026-09-13T06:15:13.808746+00:00,Queenstown ActiveSG Gym,35%
2026-09-13T06:15:13.808746+00:00,Sengkang ActiveSG Gym,53%
2026-09-13T06:15:13.808746+00:00,Senja-Cashew ActiveSG Gym,74%
2026-09-13T06:15:13.808746+00:00,Tampines ActiveSG Gym,54%
2026-09-13T06:15:13.808746+00:00,Woodlands ActiveSG Gym,32%
2026-09-13T06:15:13.808746+00:00,Yio Chu Kang ActiveSG Gym,22%
2026-09-13T06:15:13.808746+00:00,Yishun ActiveSG Gym,32%
2026-09-13T06:30:14.209125+00:00,ActiveSG Gym @ Ang Mo Kio Community Centre,38%
2026-09-13T06:30:14.209125+00:00,ActiveSG Gym @ Enabling Village,24%
2026-09-13T06:30:14.209125+00:00,ActiveSG Gym @ Fernvale Square,38%
2026-09-13T06:30:14.209125+00:00,ActiveSG Gym @ Serangoon Central,33%
2026-09-13T06:30:14.209125+00:00,ActiveSG Gym @ Toa Payoh,39%
2026-09-13T06:30:14.209125+00:00,ActiveSG Gym @ Toa Payoh West Community Centre,20%
2026-09-13T06:30:14.209125+00:00,ActiveSG Hockey Village @ Boon Lay Gym,29%
2026-09-13T06:30:14.209125+00:00,ActiveSG Sport Park @ Teck Ghee ActiveSG Gym,40%
2026-09-13T06:30:14.209125+00:00,Bishan ActiveSG Gym,36%
2026-09-13T06:30:14.209125+00:00,Bukit Batok ActiveSG Gym,45%
2026-09-13T06:30:14.209125+00:00,Bukit Canberra ActiveSG Gym,32%
2026-09-13T06:30:14.209125+00:00,Bukit Gombak ActiveSG Gym,64%
2026-09-13T06:30:14.209125+00:00,Choa Chu Kang ActiveSG Gym,51%
2026-09-13T06:30:14.209125+00:00,Clementi ActiveSG Gym,54%
2026-09-13T06:30:14.209125+00:00,Delta ActiveSG Gym,30%
2026-09-13T06:30:14.209125+00:00,Heartbeat @ Bedok ActiveSG Gym,23%
2026-09-13T06:30:14.209125+00:00,Hougang ActiveSG Gym,52%
2026-09-13T06:30:14.209125+00:00,Jalan Besar ActiveSG Gym,26%
2026-09-13T06:30:14.209125+00:00,Jurong East ActiveSG Gym,23%
2026-09-13T06:30:14.209125+00:00,Jurong Lake Gardens ActiveSG Gym,18%
2026-09-13T06:30:14.209125+00:00,Jurong West ActiveSG Gym,23%
2026-09-13T06:30:14.209125+00:00,Katong ActiveSG Gym,42%
2026-09-13T06:30:14.209125+00:00,Pasir Ris ActiveSG Gym,33%
2026-09-13T06:30:14.209125+00:00,Queenstown ActiveSG Gym,36%
2026-09-13T06:30:14.209125+00:00,Sengkang ActiveSG Gym,53%
2026-09-13T06:30:14.209125+00:00,Senja-Cashew ActiveSG Gym,62%
2026-09-13T06:30:14.209125+00:00,Tampines ActiveSG Gym,60%
2026-09-13T06:30:14.209125+00:00,Woodlands ActiveSG Gym,34%
2026-09-13T06:30:14.209125+00:00,Yio Chu Kang ActiveSG Gym,22%
2026-09-13T06:30:14.209125+00:00,Yishun ActiveSG Gym,37%
2026-09-13T06:45:13.809243+00:00,ActiveSG Gym @ Ang Mo Kio Community Centre,18%
2026-09-13T06:45:13.809243+00:00,ActiveSG Gym @ Enabling Village,33%
2026-09-13T06:45:13.809243+00:00,ActiveSG Gym @ Fernvale Square,45%
2026-09-13T06:45:13.809243+00:00,ActiveSG Gym @ Serangoon Central,33%
2026-09-13T06:45:13.809243+00:00,ActiveSG Gym @ Toa Payoh,38%
2026-09-13T06:45:13.809243+00:00,ActiveSG Gym @ Toa Payoh West Community Centre,20%
2026-09-13T06:45:13.809243+00:00,ActiveSG Hockey Village @ Boon Lay Gym,29%
2026-09-13T06:45:13.809243+00:00,ActiveSG Sport Park @ Teck Ghee ActiveSG Gym,41%
2026-09-13T06:45:13.809243+00:00,Bishan ActiveSG Gym,44%
2026-09-13T06:45:13.809243+00:00,Bukit Batok ActiveSG Gym,40%
2026-09-13T06:45:13.809243+00:00,Bukit Canberra ActiveSG Gym,35%
2026-09-13T06:45:13.809243+00:00,Bukit Gombak ActiveSG Gym,64%
2026-09-13T06:45:13.809243+00:00,Choa Chu Kang ActiveSG Gym,46%
2026-09-13T06:45:13.809243+00:00,Clementi ActiveSG Gym,54%
2026-09-13T06:45:13.809243+00:00,Delta ActiveSG Gym,32%
2026-09-13T06:45:13.809243+00:00,Heartbeat @ Bedok ActiveSG Gym,25%
2026-09-13T06:45:13.809243+00:00,Hougang ActiveSG Gym,50%
2026-09-13T06:45:13.809243+00:00,Jalan Besar ActiveSG Gym,29%
2026-09-13T06:45:13.809243+00:00,Jurong East ActiveSG Gym,24%
2026-09-13T06:45:13.809243+00:00,Jurong Lake Gardens ActiveSG Gym,20%
2026-09-13T06:45:13.809243+00:00,Jurong West ActiveSG Gym,23%
2026-09-13T06:45:13.809243+00:00,Katong ActiveSG Gym,45%
2026-09-13T06:45:13.809243+00:00,Pasir Ris ActiveSG Gym,38%
2026-09-13T06:45:13.809243+00:00,Queenstown ActiveSG Gym,37%
2026-09-13T06:45:13.809243+00:00,Sengkang ActiveSG Gym,50%
2026-09-13T06:45:13.809243+00:00,Senja-Cashew ActiveSG Gym,71%
2026-09-13T06:45:13.809243+00:00,Tampines ActiveSG Gym,62%
2026-09-13T06:45:13.809243+00:00,Woodlands ActiveSG Gym,36%
2026-09-13T06:45:13.809243+00:00,Yio Chu Kang ActiveSG Gym,22%
2026-09-13T06:45:13.809243+00:00,Yishun ActiveSG Gym,38%
2026-09-13T07:00:14.623302+00:00,ActiveSG Gym @ Ang Mo Kio Community Centre,22%
2026-09-13T07:00:14.623302+00:00,ActiveSG Gym @ Enabling Village,31%
2026-09-13T07:00:14.623302+00:00,ActiveSG Gym @ Fernvale Square,43%
2026-09-13T07:00:14.623302+00:00,ActiveSG Gym @ Serangoon Central,23%
2026-09-13T07:00:14.623302+00:00,ActiveSG Gym @ Toa Payoh,43%
2026-09-13T07:00:14.623302+00:00,ActiveSG Gym @ Toa Payoh West Community Centre,23%
2026-09-13T07:00:14.623302+00:00,ActiveSG Hockey Village @ Boon Lay Gym,29%
2026-09-13T07:00:14.623302+00:00,ActiveSG Sport Park @ Teck Ghee ActiveSG Gym,42%
2026-09-13T07:00:14.623302+00:00,Bishan ActiveSG Gym,36%
2026-09-13T07:00:14.623302+00:00,Bukit Batok ActiveSG Gym,50%
2026-09-13T07:00:14.623302+00:00,Bukit Canberra ActiveSG Gym,39%
2026-09-13T07:00:14.623302+00:00,Bukit Gombak ActiveSG Gym,64%
2026-09-13T07:00:14.623302+00:00,Choa Chu Kang ActiveSG Gym,49%
2026-09-13T07:00:14.623302+00:00,Clementi ActiveSG Gym,64%
2026-09-13T07:00:14.623302+00:00,Delta ActiveSG Gym,40%
2026-09-13T07:00:14.623302+00:00,Heartbeat @ Bedok ActiveSG Gym,25%
2026-09-13T07:00:14.623302+00:00,Hougang ActiveSG Gym,44%
2026-09-13T07:00:14.623302+00:00,Jalan Besar ActiveSG Gym,29%
2026-09-13T07:00:14.623302+00:00,Jurong East ActiveSG Gym,28%
2026-09-13T07:00:14.623302+00:00,Jurong Lake Gardens ActiveSG Gym,26%
2026-09-13T07:00:14.623302+00:00,Jurong West ActiveSG Gym,23%
2026-09-13T07:00:14.623302+00:00,Katong ActiveSG Gym,51%
2026-09-13T07:00:14.623302+00:00,Pasir Ris ActiveSG Gym,38%
2026-09-13T07:00:14.623302+00:00,Queenstown ActiveSG Gym,40%
2026-09-13T07:00:14.623302+00:00,Sengkang ActiveSG Gym,49%
2026-09-13T07:00:14.623302+00:00,Senja-Cashew ActiveSG Gym,62%
2026-09-13T07:00:14.623302+00:00,Tampines ActiveSG Gym,62%
2026-09-13T07:00:14.623302+00:00,Woodlands ActiveSG Gym,40%
2026-09-13T07:00:14.623302+00:00,Yio Chu Kang ActiveSG Gym,22%
2026-09-13T07:00:14.623302+00:00,Yishun ActiveSG Gym,38%
2026-09-13T07:15:13.818765+00:00,ActiveSG Gym @ Ang Mo Kio Community Centre,22%
2026-09-13T07:15:13.818765+00:00,ActiveSG Gym @ Enabling Village,22%
2026-09-13T07:15:13.818765+00:00,ActiveSG Gym @ Fernvale Square,48%
2026-09-13T07:15:13.818765+00:00,ActiveSG Gym @ Serangoon Central,23%
2026-09-13T07:15:13.818765+00:00,ActiveSG Gym @ Toa Payoh,49%
2026-09-13T07:15:13.818765+00:00,ActiveSG Gym @ Toa Payoh West Community Centre,24%
2026-09-13T07:15:13.818765+00:00,ActiveSG Hockey Village @ Boon Lay Gym,32%
2026-09-13T07:15:13.818765+00:00,ActiveSG Sport Park @ Teck Ghee ActiveSG Gym,39%
2026-09-13T07:15:13.818765+00:00,Bishan ActiveSG Gym,41%
2026-09-13T07:15:13.818765+00:00,Bukit Batok ActiveSG Gym,48%
2026-09-13T07:15:13.818765+00:00,Bukit Canberra ActiveSG Gym,38%
2026-09-13T07:15:13.818765+00:00,Bukit Gombak ActiveSG Gym,63%
2026-09-13T07:15:13.818765+00:00,Choa Chu Kang ActiveSG Gym,48%
2026-09-13T07:15:13.818765+00:00,Clementi ActiveSG Gym,73%
2026-09-13T07:15:13.818765+00:00,Delta ActiveSG Gym,42%
2026-09-13T07:15:13.818765+00:00,Heartbeat @ Bedok ActiveSG Gym,31%
2026-09-13T07:15:13.818765+00:00,Hougang ActiveSG Gym,48%
2026-09-13T07:15:13.818765+00:00,Jalan Besar ActiveSG Gym,46%
2026-09-13T07:15:13.818765+00:00,Jurong East ActiveSG Gym,31%
2026-09-13T07:15:13.818765+00:00,Jurong Lake Gardens ActiveSG Gym,28%
2026-09-13T07:15:13.818765+00:00,Jurong West ActiveSG Gym,23%
2026-09-13T07:15:13.818765+00:00,Katong ActiveSG Gym,46%
2026-09-13T07:15:13.818765+00:00,Pasir Ris ActiveSG Gym,41%
2026-09-13T07:15:13.818765+00:00,Queenstown ActiveSG Gym,44%
2026-09-13T07:15:13.818765+00:00,Sengkang ActiveSG Gym,52%
2026-09-13T07:15:13.818765+00:00,Senja-Cashew ActiveSG Gym,57%
2026-09-13T07:15:13.818765+00:00,Tampines ActiveSG Gym,64%
2026-09-13T07:15:13.818765+00:00,Woodlands ActiveSG Gym,37%
2026-09-13T07:15:13.818765+00:00,Yio Chu Kang ActiveSG Gym,36%
2026-09-13T07:15:13.818765+00:00,Yishun ActiveSG Gym,44%
2026-09-13T07:30:13.827554+00:00,ActiveSG Gym @ Ang Mo Kio Community Centre,22%
2026-09-13T07:30:13.827554+00:00,ActiveSG Gym @ Enabling Village,24%
2026-09-13T07:30:13.827554+00:00,ActiveSG Gym @ Fernvale Square,43%
2026-09-13T07:30:13.827554+00:00,ActiveSG Gym @ Serangoon Central,33%
2026-09-13T07:30:13.827554+00:00,ActiveSG Gym @ Toa Payoh,56%
2026-09-13T07:30:13.827554+00:00,ActiveSG Gym @ Toa Payoh West Community Centre,29%
2026-09-13T07:30:13.827554+00:00,ActiveSG Hockey Village @ Boon Lay Gym,31%
2026-09-13T07:30:13.827554+00:00,ActiveSG Sport Park @ Teck Ghee ActiveSG Gym,39%
2026-09-13T07:30:13.827554+00:00,Bishan ActiveSG Gym,49%
2026-09-13T07:30:13.827554+00:00,Bukit Batok ActiveSG Gym,50%
2026-09-13T07:30:13.827554+00:00,Bukit Canberra ActiveSG Gym,36%
2026-09-13T07:30:13.827554+00:00,Bukit Gombak ActiveSG Gym,63%
2026-09-13T07:30:13.827554+00:00,Choa Chu Kang ActiveSG Gym,46%
2026-09-13T07:30:13.827554+00:00,Clementi ActiveSG Gym,69%
2026-09-13T07:30:13.827554+00:00,Delta ActiveSG Gym,42%
2026-09-13T07:30:13.827554+00:00,Heartbeat @ Bedok ActiveSG Gym,36%
2026-09-13T07:30:13.827554+00:00,Hougang ActiveSG Gym,49%
2026-09-13T07:30:13.827554+00:00,Jalan Besar ActiveSG Gym,58%
2026-09-13T07:30:13.827554+00:00,Jurong East ActiveSG Gym,31%
2026-09-13T07:30:13.827554+00:00,Jurong Lake Gardens ActiveSG Gym,28%
2026-09-13T07:30:13.827554+00:00,Jurong West ActiveSG Gym,23%
2026-09-13T07:30:13.827554+00:00,Katong ActiveSG Gym,49%
2026-09-13T07:30:13.827554+00:00,Pasir Ris ActiveSG Gym,44%
2026-09-13T07:30:13.827554+00:00,Queenstown ActiveSG Gym,48%
2026-09-13T07:30:13.827554+00:00,Sengkang ActiveSG Gym,54%
2026-09-13T07:30:13.827554+00:00,Senja-Cashew ActiveSG Gym,57%
2026-09-13T07:30:13.827554+00:00,Tampines ActiveSG Gym,68%
2026-09-13T07:30:13.827554+00:00,Woodlands ActiveSG Gym,39%
2026-09-13T07:30:13.827554+00:00,Yio Chu Kang ActiveSG Gym,38%
2026-09-13T07:30:13.827554+00:00,Yishun ActiveSG Gym,39%
2026-09-13T07:45:13.761490+00:00,ActiveSG Gym @ Ang Mo Kio Community Centre,28%
2026-09-13T07:45:13.761490+00:00,ActiveSG Gym @ Enabling Village,29%
2026-09-13T07:45:13.761490+00:00,ActiveSG Gym @ Fernvale Square,35%
2026-09-13T07:45:13.761490+00:00,ActiveSG Gym @ Serangoon Central,33%
2026-09-13T07:45:13.761490+00:00,ActiveSG Gym @ Toa Payoh,61%
2026-09-13T07:45:13.761490+00:00,ActiveSG Gym @ Toa Payoh West Community Centre,29%
2026-09-13T07:45:13.761490+00:00,ActiveSG Hockey Village @ Boon Lay Gym,25%
2026-09-13T07:45:13.761490+00:00,ActiveSG Sport Park @ Teck Ghee ActiveSG Gym,33%
2026-09-13T07:45:13.761490+00:00,Bishan ActiveSG Gym,53%
2026-09-13T07:45:13.761490+00:00,Bukit Batok ActiveSG Gym,57%
2026-09-13T07:45:13.761490+00:00,Bukit Canberra ActiveSG Gym,36%
2026-09-13T07:45:13.761490+00:00,Bukit Gombak ActiveSG Gym,63%
2026-09-13T07:45:13.761490+00:00,Choa Chu Kang ActiveSG Gym,45%
2026-09-13T07:45:13.761490+00:00,Clementi ActiveSG Gym,68%
2026-09-13T07:45:13.761490+00:00,Delta ActiveSG Gym,49%
2026-09-13T07:45:13.761490+00:00,Heartbeat @ Bedok ActiveSG Gym,38%
2026-09-13T07:45:13.761490+00:00,Hougang ActiveSG Gym,53%
2026-09-13T07:45:13.761490+00:00,Jalan Besar ActiveSG Gym,58%
2026-09-13T07:45:13.761490+00:00,Jurong East ActiveSG Gym,36%
2026-09-13T07:45:13.761490+00:00,Jurong Lake Gardens ActiveSG Gym,27%
2026-09-13T07:45:13.761490+00:00,Jurong West ActiveSG Gym,24%
2026-09-13T07:45:13.761490+00:00,Katong ActiveSG Gym,49%
2026-09-13T07:45:13.761490+00:00,Pasir Ris ActiveSG Gym,43%
2026-09-13T07:45:13.761490+00:00,Queenstown ActiveSG Gym,50%
2026-09-13T07:45:13.761490+00:00,Sengkang ActiveSG Gym,62%
2026-09-13T07:45:13.761490+00:00,Senja-Cashew ActiveSG Gym,55%
2026-09-13T07:45:13.761490+00:00,Tampines ActiveSG Gym,69%
2026-09-13T07:45:13.761490+00:00,Woodlands ActiveSG Gym,43%
2026-09-13T07:45:13.761490+00:00,Yio Chu Kang ActiveSG Gym,38%
2026-09-13T07:45:13.761490+00:00,Yishun ActiveSG Gym,41%
2026-09-13T08:00:14.998601+00:00,ActiveSG Gym @ Ang Mo Kio Community Centre,28%
2026-09-13T08:00:14.998601+00:00,ActiveSG Gym @ Enabling Village,33%
2026-09-13T08:00:14.998601+00:00,ActiveSG Gym @ Fernvale Square,42%
2026-09-13T08:00:14.998601+00:00,ActiveSG Gym @ Serangoon Central,33%
2026-09-13T08:00:14.998601+00:00,ActiveSG Gym @ Toa Payoh,58%
2026-09-13T08:00:14.998601+00:00,ActiveSG Gym @ Toa Payoh West Community Centre,29%
2026-09-13T08:00:14.998601+00:00,ActiveSG Hockey Village @ Boon Lay Gym,27%
2026-09-13T08:00:14.998601+00:00,ActiveSG Sport Park @ Teck Ghee ActiveSG Gym,34%
2026-09-13T08:00:14.998601+00:00,Bishan ActiveSG Gym,47%
2026-09-13T08:00:14.998601+00:00,Bukit Batok ActiveSG Gym,57%
2026-09-13T08:00:14.998601+00:00,Bukit Canberra ActiveSG Gym,37%
2026-09-13T08:00:14.998601+00:00,Bukit Gombak ActiveSG Gym,63%
2026-09-13T08:00:14.998601+00:00,Choa Chu Kang ActiveSG Gym,53%
2026-09-13T08:00:14.998601+00:00,Clementi ActiveSG Gym,74%
2026-09-13T08:00:14.998601+00:00,Delta ActiveSG Gym,50%
2026-09-13T08:00:14.998601+00:00,Heartbeat @ Bedok ActiveSG Gym,37%
2026-09-13T08:00:14.998601+00:00,Hougang ActiveSG Gym,52%
2026-09-13T08:00:14.998601+00:00,Jalan Besar ActiveSG Gym,69%
2026-09-13T08:00:14.998601+00:00,Jurong East ActiveSG Gym,41%
2026-09-13T08:00:14.998601+00:00,Jurong Lake Gardens ActiveSG Gym,29%
2026-09-13T08:00:14.998601+00:00,Jurong West ActiveSG Gym,25%
2026-09-13T08:00:14.998601+00:00,Katong ActiveSG Gym,51%
2026-09-13T08:00:14.998601+00:00,Pasir Ris ActiveSG Gym,40%
2026-09-13T08:00:14.998601+00:00,Queenstown ActiveSG Gym,44%
2026-09-13T08:00:14.998601+00:00,Sengkang ActiveSG Gym,70%
2026-09-13T08:00:14.998601+00:00,Senja-Cashew ActiveSG Gym,62%
2026-09-13T08:00:14.998601+00:00,Tampines ActiveSG Gym,70%
2026-09-13T08:00:14.998601+00:00,Woodlands ActiveSG Gym,47%
2026-09-13T08:00:14.998601+00:00,Yio Chu Kang ActiveSG Gym,29%
2026-09-13T08:00:14.998601+00:00,Yishun ActiveSG Gym,38%
2026-09-13T08:15:14.000736+00:00,ActiveSG Gym @ Ang Mo Kio Community Centre,28%
2026-09-13T08:15:14.000736+00:00,ActiveSG Gym @ Enabling Village,29%
2026-09-13T08:15:14.000736+00:00,ActiveSG Gym @ Fernvale Square,43%
2026-09-13T08:15:14.000736+00:00,ActiveSG Gym @ Serangoon Central,23%
2026-09-13T08:15:14.000736+00:00,ActiveSG Gym @ Toa Payoh,74%
2026-09-13T08:15:14.000736+00:00,ActiveSG Gym @ Toa Payoh West Community Centre,29%
2026-09-13T08:15:14.000736+00:00,ActiveSG Hockey Village @ Boon Lay Gym,30%
2026-09-13T08:15:14.000736+00:00,ActiveSG Sport Park @ Teck Ghee ActiveSG Gym,37%
2026-09-13T08:15:14.000736+00:00,Bishan ActiveSG Gym,45%
2026-09-13T08:15:14.000736+00:00,Bukit Batok ActiveSG Gym,60%
2026-09-13T08:15:14.000736+00:00,Bukit Canberra ActiveSG Gym,41%
2026-09-13T08:15:14.000736+00:00,Bukit Gombak ActiveSG Gym,63%
2026-09-13T08:15:14.000736+00:00,Choa Chu Kang ActiveSG Gym,55%
2026-09-13T08:15:14.000736+00:00,Clementi ActiveSG Gym,58%
2026-09-13T08:15:14.000736+00:00,Delta ActiveSG Gym,54%
2026-09-13T08:15:14.000736+00:00,Heartbeat @ Bedok ActiveSG Gym,38%
2026-09-13T08:15:14.000736+00:00,Hougang ActiveSG Gym,55%
2026-09-13T08:15:14.000736+00:00,Jalan Besar ActiveSG Gym,58%
2026-09-13T08:15:14.000736+00:00,Jurong East ActiveSG Gym,41%
2026-09-13T08:15:14.000736+00:00,Jurong Lake Gardens ActiveSG Gym,27%
2026-09-13T08:15:14.000736+00:00,Jurong West ActiveSG Gym,25%
2026-09-13T08:15:14.000736+00:00,Katong ActiveSG Gym,52%
2026-09-13T08:15:14.000736+00:00,Pasir Ris ActiveSG Gym,43%
2026-09-13T08:15:14.000736+00:00,Queenstown ActiveSG Gym,46%
2026-09-13T08:15:14.000736+00:00,Sengkang ActiveSG Gym,72%
2026-09-13T08:15:14.000736+00:00,Senja-Cashew ActiveSG Gym,62%
2026-09-13T08:15:14.000736+00:00,Tampines ActiveSG Gym,66%
2026-09-13T08:15:14.000736+00:00,Woodlands ActiveSG Gym,53%
2026-09-13T08:15:14.000736+00:00,Yio Chu Kang ActiveSG Gym,30%
2026-09-13T08:15:14.000736+00:00,Yishun ActiveSG Gym,30%
2026-09-13T08:30:14.042806+00:00,ActiveSG Gym @ Ang Mo Kio Community Centre,28%
2026-09-13T08:30:14.042806+00:00,ActiveSG Gym @ Enabling Village,31%
2026-09-13T08:30:14.042806+00:00,ActiveSG Gym @ Fernvale Square,37%
2026-09-13T08:30:14.042806+00:00,ActiveSG Gym @ Serangoon Central,23%
2026-09-13T08:30:14.042806+00:00,ActiveSG Gym @ Toa Payoh,78%
2026-09-13T08:30:14.042806+00:00,ActiveSG Gym @ Toa Payoh West Community Centre,29%
2026-09-13T08:30:14.042806+00:00,ActiveSG Hockey Village @ Boon Lay Gym,34%
2026-09-13T08:30:14.042806+00:00,ActiveSG Sport Park @ Teck Ghee ActiveSG Gym,40%
2026-09-13T08:30:14.042806+00:00,Bishan ActiveSG Gym,49%
2026-09-13T08:30:14.042806+00:00,Bukit Batok ActiveSG Gym,65%
2026-09-13T08:30:14.042806+00:00,Bukit Canberra ActiveSG Gym,41%
2026-09-13T08:30:14.042806+00:00,Bukit Gombak ActiveSG Gym,63%
2026-09-13T08:30:14.042806+00:00,Choa Chu Kang ActiveSG Gym,59%
2026-09-13T08:30:14.042806+00:00,Clementi ActiveSG Gym,63%
2026-09-13T08:30:14.042806+00:00,Delta ActiveSG Gym,55%
2026-09-13T08:30:14.042806+00:00,Heartbeat @ Bedok ActiveSG Gym,36%
2026-09-13T08:30:14.042806+00:00,Hougang ActiveSG Gym,47%
2026-09-13T08:30:14.042806+00:00,Jalan Besar ActiveSG Gym,58%
2026-09-13T08:30:14.042806+00:00,Jurong East ActiveSG Gym,42%
2026-09-13T08:30:14.042806+00:00,Jurong Lake Gardens ActiveSG Gym,27%
2026-09-13T08:30:14.042806+00:00,Jurong West ActiveSG Gym,25%
2026-09-13T08:30:14.042806+00:00,Katong ActiveSG Gym,52%
2026-09-13T08:30:14.042806+00:00,Pasir Ris ActiveSG Gym,40%
2026-09-13T08:30:14.042806+00:00,Queenstown ActiveSG Gym,58%
2026-09-13T08:30:14.042806+00:00,Sengkang ActiveSG Gym,82%
2026-09-13T08:30:14.042806+00:00,Senja-Cashew ActiveSG Gym,65%
2026-09-13T08:30:14.042806+00:00,Tampines ActiveSG Gym,64%
2026-09-13T08:30:14.042806+00:00,Woodlands ActiveSG Gym,55%
2026-09-13T08:30:14.042806+00:00,Yio Chu Kang ActiveSG Gym,33%
2026-09-13T08:30:14.042806+00:00,Yishun ActiveSG Gym,30%
2026-09-13T08:45:15.639051+00:00,ActiveSG Gym @ Ang Mo Kio Community Centre,28%
2026-09-13T08:45:15.639051+00:00,ActiveSG Gym @ Enabling Village,36%
2026-09-13T08:45:15.639051+00:00,ActiveSG Gym @ Fernvale Square,37%
2026-09-13T08:45:15.639051+00:00,ActiveSG Gym @ Serangoon Central,23%
2026-09-13T08:45:15.639051+00:00,ActiveSG Gym @ Toa Payoh,69%
2026-09-13T08:45:15.639051+00:00,ActiveSG Gym @ Toa Payoh West Community Centre,29%
2026-09-13T08:45:15.639051+00:00,ActiveSG Hockey Village @ Boon Lay Gym,35%
2026-09-13T08:45:15.639051+00:00,ActiveSG Sport Park @ Teck Ghee ActiveSG Gym,44%
2026-09-13T08:45:15.639051+00:00,Bishan ActiveSG Gym,46%
2026-09-13T08:45:15.639051+00:00,Bukit Batok ActiveSG Gym,70%
2026-09-13T08:45:15.639051+00:00,Bukit Canberra ActiveSG Gym,39%
2026-09-13T08:45:15.639051+00:00,Bukit Gombak ActiveSG Gym,63%
2026-09-13T08:45:15.639051+00:00,Choa Chu Kang ActiveSG Gym,63%
2026-09-13T08:45:15.639051+00:00,Clementi ActiveSG Gym,71%
2026-09-13T08:45:15.639051+00:00,Delta ActiveSG Gym,60%
2026-09-13T08:45:15.639051+00:00,Heartbeat @ Bedok ActiveSG Gym,42%
2026-09-13T08:45:15.639051+00:00,Hougang ActiveSG Gym,48%
2026-09-13T08:45:15.639051+00:00,Jalan Besar ActiveSG Gym,58%
2026-09-13T08:45:15.639051+00:00,Jurong East ActiveSG Gym,52%
2026-09-13T08:45:15.639051+00:00,Jurong Lake Gardens ActiveSG Gym,27%
2026-09-13T08:45:15.639051+00:00,Jurong West ActiveSG Gym,24%
2026-09-13T08:45:15.639051+00:00,Katong ActiveSG Gym,58%
2026-09-13T08:45:15.639051+00:00,Pasir Ris ActiveSG Gym,45%
2026-09-13T08:45:15.639051+00:00,Queenstown ActiveSG Gym,56%
2026-09-13T08:45:15.639051+00:00,Sengkang ActiveSG Gym,79%
2026-09-13T08:45:15.639051+00:00,Senja-Cashew ActiveSG Gym,66%
2026-09-13T08:45:15.639051+00:00,Tampines ActiveSG Gym,64%
2026-09-13T08:45:15.639051+00:00,Woodlands ActiveSG Gym,57%
2026-09-13T08:45:15.639051+00:00,Yio Chu Kang ActiveSG Gym,29%
2026-09-13T08:45:15.639051+00:00,Yishun ActiveSG Gym,34%
2026-09-13T09:00:13.970571+00:00,ActiveSG Gym @ Ang Mo Kio Community Centre,40%
2026-09-13T09:00:13.970571+00:00,ActiveSG Gym @ Enabling Village,36%
2026-09-13T09:00:13.970571+00:00,ActiveSG Gym @ Fernvale Square,40%
2026-09-13T09:00:13.970571+00:00,ActiveSG Gym @ Serangoon Central,40%
2026-09-13T09:00:13.970571+00:00,ActiveSG Gym @ Toa Payoh,66%
2026-09-13T09:00:13.970571+00:00,ActiveSG Gym @ Toa Payoh West Community Centre,33%
2026-09-13T09:00:13.970571+00:00,ActiveSG Hockey Village @ Boon Lay Gym,36%
2026-09-13T09:00:13.970571+00:00,ActiveSG Sport Park @ Teck Ghee ActiveSG Gym,46%
2026-09-13T09:00:13.970571+00:00,Bishan ActiveSG Gym,40%
2026-09-13T09:00:13.970571+00:00,Bukit Batok ActiveSG Gym,68%
2026-09-13T09:00:13.970571+00:00,Bukit Canberra ActiveSG Gym,42%
2026-09-13T09:00:13.970571+00:00,Bukit Gombak ActiveSG Gym,63%
2026-09-13T09:00:13.970571+00:00,Choa Chu Kang ActiveSG Gym,68%
2026-09-13T09:00:13.970571+00:00,Clementi ActiveSG Gym,73%
2026-09-13T09:00:13.970571+00:00,Delta ActiveSG Gym,59%
2026-09-13T09:00:13.970571+00:00,Heartbeat @ Bedok ActiveSG Gym,40%
2026-09-13T09:00:13.970571+00:00,Hougang ActiveSG Gym,51%
2026-09-13T09:00:13.970571+00:00,Jalan Besar ActiveSG Gym,79%
2026-09-13T09:00:13.970571+00:00,Jurong East ActiveSG Gym,56%
2026-09-13T09:00:13.970571+00:00,Jurong Lake Gardens ActiveSG Gym,27%
2026-09-13T09:00:13.970571+00:00,Jurong West ActiveSG Gym,25%
2026-09-13T09:00:13.970571+00:00,Katong ActiveSG Gym,63%
2026-09-13T09:00:13.970571+00:00,Pasir Ris ActiveSG Gym,51%
2026-09-13T09:00:13.970571+00:00,Queenstown ActiveSG Gym,57%
2026-09-13T09:00:13.970571+00:00,Sengkang ActiveSG Gym,83%
2026-09-13T09:00:13.970571+00:00,Senja-Cashew ActiveSG Gym,66%
2026-09-13T09:00:13.970571+00:00,Tampines ActiveSG Gym,64%
2026-09-13T09:00:13.970571+00:00,Woodlands ActiveSG Gym,53%
2026-09-13T09:00:13.970571+00:00,Yio Chu Kang ActiveSG Gym,31%
2026-09-13T09:00:13.970571+00:00,Yishun ActiveSG Gym,38%
2026-09-13T09:15:13.883550+00:00,ActiveSG Gym @ Ang Mo Kio Community Centre,40%
2026-09-13T09:15:13.883550+00:00,ActiveSG Gym @ Enabling Village,40%
2026-09-13T09:15:13.883550+00:00,ActiveSG Gym @ Fernvale Square,42%
2026-09-13T09:15:13.883550+00:00,ActiveSG Gym @ Serangoon Central,53%
2026-09-13T09:15:13.883550+00:00,ActiveSG Gym @ Toa Payoh,70%
2026-09-13T09:15:13.883550+00:00,ActiveSG Gym @ Toa Payoh West Community Centre,35%
2026-09-13T09:15:13.883550+00:00,ActiveSG Hockey Village @ Boon Lay Gym,35%
2026-09-13T09:15:13.883550+00:00,ActiveSG Sport Park @ Teck Ghee ActiveSG Gym,46%
2026-09-13T09:15:13.883550+00:00,Bishan ActiveSG Gym,35%
2026-09-13T09:15:13.883550+00:00,Bukit Batok ActiveSG Gym,65%
2026-09-13T09:15:13.883550+00:00,Bukit Canberra ActiveSG Gym,42%
2026-09-13T09:15:13.883550+00:00,Bukit Gombak ActiveSG Gym,63%
2026-09-13T09:15:13.883550+00:00,Choa Chu Kang ActiveSG Gym,64%
2026-09-13T09:15:13.883550+00:00,Clementi ActiveSG Gym,77%
2026-09-13T09:15:13.883550+00:00,Delta ActiveSG Gym,60%
2026-09-13T09:15:13.883550+00:00,Heartbeat @ Bedok ActiveSG Gym,47%
2026-09-13T09:15:13.883550+00:00,Hougang ActiveSG Gym,54%
2026-09-13T09:15:13.883550+00:00,Jalan Besar ActiveSG Gym,89%
2026-09-13T09:15:13.883550+00:00,Jurong East ActiveSG Gym,61%
2026-09-13T09:15:13.883550+00:00,Jurong Lake Gardens ActiveSG Gym,29%
2026-09-13T09:15:13.883550+00:00,Jurong West ActiveSG Gym,27%
2026-09-13T09:15:13.883550+00:00,Katong ActiveSG Gym,71%
2026-09-13T09:15:13.883550+00:00,Pasir Ris ActiveSG Gym,52%
2026-09-13T09:15:13.883550+00:00,Queenstown ActiveSG Gym,51%
2026-09-13T09:15:13.883550+00:00,Sengkang ActiveSG Gym,77%
2026-09-13T09:15:13.883550+00:00,Senja-Cashew ActiveSG Gym,69%
2026-09-13T09:15:13.883550+00:00,Tampines ActiveSG Gym,59%
2026-09-13T09:15:13.883550+00:00,Woodlands ActiveSG Gym,55%
2026-09-13T09:15:13.883550+00:00,Yio Chu Kang ActiveSG Gym,33%
2026-09-13T09:15:13.883550+00:00,Yishun ActiveSG Gym,32%
2026-09-13T09:30:13.785293+00:00,ActiveSG Gym @ Ang Mo Kio Community Centre,40%
2026-09-13T09:30:13.785293+00:00,ActiveSG Gym @ Enabling Village,42%
2026-09-13T09:30:13.785293+00:00,ActiveSG Gym @ Fernvale Square,53%
2026-09-13T09:30:13.785293+00:00,ActiveSG Gym @ Serangoon Central,53%
2026-09-13T09:30:13.785293+00:00,ActiveSG Gym @ Toa Payoh,70%
2026-09-13T09:30:13.785293+00:00,ActiveSG Gym @ Toa Payoh West Community Centre,35%
2026-09-13T09:30:13.785293+00:00,ActiveSG Hockey Village @ Boon Lay Gym,38%
2026-09-13T09:30:13.785293+00:00,ActiveSG Sport Park @ Teck Ghee ActiveSG Gym,42%
2026-09-13T09:30:13.785293+00:00,Bishan ActiveSG Gym,40%
2026-09-13T09:30:13.785293+00:00,Bukit Batok ActiveSG Gym,60%
2026-09-13T09:30:13.785293+00:00,Bukit Canberra ActiveSG Gym,47%
2026-09-13T09:30:13.785293+00:00,Bukit Gombak ActiveSG Gym,63%
2026-09-13T09:30:13.785293+00:00,Choa Chu Kang ActiveSG Gym,61%
2026-09-13T09:30:13.785293+00:00,Clementi ActiveSG Gym,78%
2026-09-13T09:30:13.785293+00:00,Delta ActiveSG Gym,66%
2026-09-13T09:30:13.785293+00:00,Heartbeat @ Bedok ActiveSG Gym,49%
2026-09-13T09:30:13.785293+00:00,Hougang ActiveSG Gym,47%
2026-09-13T09:30:13.785293+00:00,Jalan Besar ActiveSG Gym,92%
2026-09-13T09:30:13.785293+00:00,Jurong East ActiveSG Gym,59%
2026-09-13T09:30:13.785293+00:00,Jurong Lake Gardens ActiveSG Gym,31%
2026-09-13T09:30:13.785293+00:00,Jurong West ActiveSG Gym,29%
2026-09-13T09:30:13.785293+00:00,Katong ActiveSG Gym,82%
2026-09-13T09:30:13.785293+00:00,Pasir Ris ActiveSG Gym,47%
2026-09-13T09:30:13.785293+00:00,Queenstown ActiveSG Gym,51%
2026-09-13T09:30:13.785293+00:00,Sengkang ActiveSG Gym,79%
2026-09-13T09:30:13.785293+00:00,Senja-Cashew ActiveSG Gym,62%
2026-09-13T09:30:13.785293+00:00,Tampines ActiveSG Gym,60%
2026-09-13T09:30:13.785293+00:00,Woodlands ActiveSG Gym,56%
2026-09-13T09:30:13.785293+00:00,Yio Chu Kang ActiveSG Gym,38%
2026-09-13T09:30:13.785293+00:00,Yishun ActiveSG Gym,39%
2026-09-13T09:45:14.000669+00:00,ActiveSG Gym @ Ang Mo Kio Community Centre,40%
2026-09-13T09:45:14.000669+00:00,ActiveSG Gym @ Enabling Village,44%
2026-09-13T09:45:14.000669+00:00,ActiveSG Gym @ Fernvale Square,53%
2026-09-13T09:45:14.000669+00:00,ActiveSG Gym @ Serangoon Central,50%
2026-09-13T09:45:14.000669+00:00,ActiveSG Gym @ Toa Payoh,74%
2026-09-13T09:45:14.000669+00:00,ActiveSG Gym @ Toa Payoh West Community Centre,44%
2026-09-13T09:45:14.000669+00:00,ActiveSG Hockey Village @ Boon Lay Gym,38%
2026-09-13T09:45:14.000669+00:00,ActiveSG Sport Park @ Teck Ghee ActiveSG Gym,41%
2026-09-13T09:45:14.000669+00:00,Bishan ActiveSG Gym,39%
2026-09-13T09:45:14.000669+00:00,Bukit Batok ActiveSG Gym,55%
2026-09-13T09:45:14.000669+00:00,Bukit Canberra ActiveSG Gym,48%
2026-09-13T09:45:14.000669+00:00,Bukit Gombak ActiveSG Gym,63%
2026-09-13T09:45:14.000669+00:00,Choa Chu Kang ActiveSG Gym,62%
2026-09-13T09:45:14.000669+00:00,Clementi ActiveSG Gym,85%
2026-09-13T09:45:14.000669+00:00,Delta ActiveSG Gym,67%
2026-09-13T09:45:14.000669+00:00,Heartbeat @ Bedok ActiveSG Gym,46%
2026-09-13T09:45:14.000669+00:00,Hougang ActiveSG Gym,53%
2026-09-13T09:45:14.000669+00:00,Jalan Besar ActiveSG Gym,92%
2026-09-13T09:45:14.000669+00:00,Jurong East ActiveSG Gym,59%
2026-09-13T09:45:14.000669+00:00,Jurong Lake Gardens ActiveSG Gym,31%
2026-09-13T09:45:14.000669+00:00,Jurong West ActiveSG Gym,29%
2026-09-13T09:45:14.000669+00:00,Katong ActiveSG Gym,77%
2026-09-13T09:45:14.000669+00:00,Pasir Ris ActiveSG Gym,48%
2026-09-13T09:45:14.000669+00:00,Queenstown ActiveSG Gym,50%
2026-09-13T09:45:14.000669+00:00,Sengkang ActiveSG Gym,71%
2026-09-13T09:45:14.000669+00:00,Senja-Cashew ActiveSG Gym,71%
2026-09-13T09:45:14.000669+00:00,Tampines ActiveSG Gym,58%
2026-09-13T09:45:14.000669+00:00,Woodlands ActiveSG Gym,53%
2026-09-13T09:45:14.000669+00:00,Yio Chu Kang ActiveSG Gym,41%
2026-09-13T09:45:14.000669+00:00,Yishun ActiveSG Gym,38%
2026-09-13T10:00:13.852219+00:00,ActiveSG Gym @ Ang Mo Kio Community Centre,40%
2026-09-13T10:00:13.852219+00:00,ActiveSG Gym @ Enabling Village,42%
2026-09-13T10:00:13.852219+00:00,ActiveSG Gym @ Fernvale Square,53%
2026-09-13T10:00:13.852219+00:00,ActiveSG Gym @ Serangoon Central,53%
2026-09-13T10:00:13.852219+00:00,ActiveSG Gym @ Toa Payoh,74%
2026-09-13T10:00:13.852219+00:00,ActiveSG Gym @ Toa Payoh West Community Centre,48%
2026-09-13T10:00:13.852219+00:00,ActiveSG Hockey Village @ Boon Lay Gym,35%
2026-09-13T10:00:13.852219+00:00,ActiveSG Sport Park @ Teck Ghee ActiveSG Gym,38%
2026-09-13T10:00:13.852219+00:00,Bishan ActiveSG Gym,36%
2026-09-13T10:00:13.852219+00:00,Bukit Batok ActiveSG Gym,50%
2026-09-13T10:00:13.852219+00:00,Bukit Canberra ActiveSG Gym,55%
2026-09-13T10:00:13.852219+00:00,Bukit Gombak ActiveSG Gym,63%
2026-09-13T10:00:13.852219+00:00,Choa Chu Kang ActiveSG Gym,67%
2026-09-13T10:00:13.852219+00:00,Clementi ActiveSG Gym,89%
2026-09-13T10:00:13.852219+00:00,Delta ActiveSG Gym,68%
2026-09-13T10:00:13.852219+00:00,Heartbeat @ Bedok ActiveSG Gym,46%
2026-09-13T10:00:13.852219+00:00,Hougang ActiveSG Gym,48%
2026-09-13T10:00:13.852219+00:00,Jalan Besar ActiveSG Gym,69%
2026-09-13T10:00:13.852219+00:00,Jurong East ActiveSG Gym,51%
2026-09-13T10:00:13.852219+00:00,Jurong Lake Gardens ActiveSG Gym,31%
2026-09-13T10:00:13.852219+00:00,Jurong West ActiveSG Gym,31%
2026-09-13T10:00:13.852219+00:00,Katong ActiveSG Gym,74%
2026-09-13T10:00:13.852219+00:00,Pasir Ris ActiveSG Gym,48%
2026-09-13T10:00:13.852219+00:00,Queenstown ActiveSG Gym,50%
2026-09-13T10:00:13.852219+00:00,Sengkang ActiveSG Gym,69%
2026-09-13T10:00:13.852219+00:00,Senja-Cashew ActiveSG Gym,62%
2026-09-13T10:00:13.852219+00:00,Tampines ActiveSG Gym,57%
2026-09-13T10:00:13.852219+00:00,Woodlands ActiveSG Gym,53%
2026-09-13T10:00:13.852219+00:00,Yio Chu Kang ActiveSG Gym,41%
2026-09-13T10:00:13.852219+00:00,Yishun ActiveSG Gym,34%
2026-09-13T10:15:14.013073+00:00,ActiveSG Gym @ Ang Mo Kio Community Centre,40%
2026-09-13T10:15:14.013073+00:00,ActiveSG Gym @ Enabling Village,44%
2026-09-13T10:15:14.013073+00:00,ActiveSG Gym @ Fernvale Square,47%
2026-09-13T10:15:14.013073+00:00,ActiveSG Gym @ Serangoon Central,53%
2026-09-13T10:15:14.013073+00:00,ActiveSG Gym @ Toa Payoh,69%
2026-09-13T10:15:14.013073+00:00,ActiveSG Gym @ Toa Payoh West Community Centre,52%
2026-09-13T10:15:14.013073+00:00,ActiveSG Hockey Village @ Boon Lay Gym,34%
2026-09-13T10:15:14.013073+00:00,ActiveSG Sport Park @ Teck Ghee ActiveSG Gym,39%
2026-09-13T10:15:14.013073+00:00,Bishan ActiveSG Gym,36%
2026-09-13T10:15:14.013073+00:00,Bukit Batok ActiveSG Gym,48%
2026-09-13T10:15:14.013073+00:00,Bukit Canberra ActiveSG Gym,55%
2026-09-13T10:15:14.013073+00:00,Bukit Gombak ActiveSG Gym,63%
2026-09-13T10:15:14.013073+00:00,Choa Chu Kang ActiveSG Gym,67%
2026-09-13T10:15:14.013073+00:00,Clementi ActiveSG Gym,63%
2026-09-13T10:15:14.013073+00:00,Delta ActiveSG Gym,68%
2026-09-13T10:15:14.013073+00:00,Heartbeat @ Bedok ActiveSG Gym,42%
2026-09-13T10:15:14.013073+00:00,Hougang ActiveSG Gym,45%
2026-09-13T10:15:14.013073+00:00,Jalan Besar ActiveSG Gym,69%
2026-09-13T10:15:14.013073+00:00,Jurong East ActiveSG Gym,47%
2026-09-13T10:15:14.013073+00:00,Jurong Lake Gardens ActiveSG Gym,31%
2026-09-13T10:15:14.013073+00:00,Jurong West ActiveSG Gym,30%
2026-09-13T10:15:14.013073+00:00,Katong ActiveSG Gym,75%
2026-09-13T10:15:14.013073+00:00,Pasir Ris ActiveSG Gym,54%
2026-09-13T10:15:14.013073+00:00,Queenstown ActiveSG Gym,35%
2026-09-13T10:15:14.013073+00:00,Sengkang ActiveSG Gym,70%
2026-09-13T10:15:14.013073+00:00,Senja-Cashew ActiveSG Gym,65%
2026-09-13T10:15:14.013073+00:00,Tampines ActiveSG Gym,54%
2026-09-13T10:15:14.013073+00:00,Woodlands ActiveSG Gym,49%
2026-09-13T10:15:14.013073+00:00,Yio Chu Kang ActiveSG Gym,41%
2026-09-13T10:15:14.013073+00:00,Yishun ActiveSG Gym,39%
2026-09-13T10:30:13.759377+00:00,ActiveSG Gym @ Ang Mo Kio Community Centre,40%
2026-09-13T10:30:13.759377+00:00,ActiveSG Gym @ Enabling Village,42%
2026-09-13T10:30:13.759377+00:00,ActiveSG Gym @ Fernvale Square,35%
2026-09-13T10:30:13.759377+00:00,ActiveSG Gym @ Serangoon Central,53%
2026-09-13T10:30:13.759377+00:00,ActiveSG Gym @ Toa Payoh,62%
2026-09-13T10:30:13.759377+00:00,ActiveSG Gym @ Toa Payoh West Community Centre,51%
2026-09-13T10:30:13.759377+00:00,ActiveSG Hockey Village @ Boon Lay Gym,27%
2026-09-13T10:30:13.759377+00:00,ActiveSG Sport Park @ Teck Ghee ActiveSG Gym,42%
2026-09-13T10:30:13.759377+00:00,Bishan ActiveSG Gym,38%
2026-09-13T10:30:13.759377+00:00,Bukit Batok ActiveSG Gym,38%
2026-09-13T10:30:13.759377+00:00,Bukit Canberra ActiveSG Gym,55%
2026-09-13T10:30:13.759377+00:00,Bukit Gombak ActiveSG Gym,60%
2026-09-13T10:30:13.759377+00:00,Choa Chu Kang ActiveSG Gym,67%
2026-09-13T10:30:13.759377+00:00,Clementi ActiveSG Gym,68%
2026-09-13T10:30:13.759377+00:00,Delta ActiveSG Gym,54%
2026-09-13T10:30:13.759377+00:00,Heartbeat @ Bedok ActiveSG Gym,37%
2026-09-13T10:30:13.759377+00:00,Hougang ActiveSG Gym,43%
2026-09-13T10:30:13.759377+00:00,Jalan Besar ActiveSG Gym,69%
2026-09-13T10:30:13.759377+00:00,Jurong East ActiveSG Gym,49%
2026-09-13T10:30:13.759377+00:00,Jurong Lake Gardens ActiveSG Gym,32%
2026-09-13T10:30:13.759377+00:00,Jurong West ActiveSG Gym,30%
2026-09-13T10:30:13.759377+00:00,Katong ActiveSG Gym,72%
2026-09-13T10:30:13.759377+00:00,Pasir Ris ActiveSG Gym,55%
2026-09-13T10:30:13.759377+00:00,Queenstown ActiveSG Gym,37%
2026-09-13T10:30:13.759377+00:00,Sengkang ActiveSG Gym,73%
2026-09-13T10:30:13.759377+00:00,Senja-Cashew ActiveSG Gym,58%
2026-09-13T10:30:13.759377+00:00,Tampines ActiveSG Gym,56%
2026-09-13T10:30:13.759377+00:00,Woodlands ActiveSG Gym,56%
2026-09-13T10:30:13.759377+00:00,Yio Chu Kang ActiveSG Gym,43%
2026-09-13T10:30:13.759377+00:00,Yishun ActiveSG Gym,27%
2026-09-13T10:31:11.761485+00:00,ActiveSG Gym @ Ang Mo Kio Community Centre,40%
2026-09-13T10:31:11.761485+00:00,ActiveSG Gym @ Enabling Village,42%
2026-09-13T10:31:11.761485+00:00,ActiveSG Gym @ Fernvale Square,35%
2026-09-13T10:31:11.761485+00:00,ActiveSG Gym @ Serangoon Central,53%
2026-09-13T10:31:11.761485+00:00,ActiveSG Gym @ Toa Payoh,63%
2026-09-13T10:31:11.761485+00:00,ActiveSG Gym @ Toa Payoh West Community Centre,51%
2026-09-13T10:31:11.761485+00:00,ActiveSG Hockey Village @ Boon Lay Gym,27%
2026-09-13T10:31:11.761485+00:00,ActiveSG Sport Park @ Teck Ghee ActiveSG Gym,41%
2026-09-13T10:31:11.761485+00:00,Bishan ActiveSG Gym,38%
2026-09-13T10:31:11.761485+00:00,Bukit Batok ActiveSG Gym,38%
2026-09-13T10:31:11.761485+00:00,Bukit Canberra ActiveSG Gym,54%
2026-09-13T10:31:11.761485+00:00,Bukit Gombak ActiveSG Gym,60%
2026-09-13T10:31:11.761485+00:00,Choa Chu Kang ActiveSG Gym,67%
2026-09-13T10:31:11.761485+00:00,Clementi ActiveSG Gym,68%
2026-09-13T10:31:11.761485+00:00,Delta ActiveSG Gym,54%
2026-09-13T10:31:11.761485+00:00,Heartbeat @ Bedok ActiveSG Gym,36%
2026-09-13T10:31:11.761485+00:00,Hougang ActiveSG Gym,43%
2026-09-13T10:31:11.761485+00:00,Jalan Besar ActiveSG Gym,69%
2026-09-13T10:31:11.761485+00:00,Jurong East ActiveSG Gym,49%
2026-09-13T10:31:11.761485+00:00,Jurong Lake Gardens ActiveSG Gym,32%
2026-09-13T10:31:11.761485+00:00,Jurong West ActiveSG Gym,30%
2026-09-13T10:31:11.761485+00:00,Katong ActiveSG Gym,72%
2026-09-13T10:31:11.761485+00:00,Pasir Ris ActiveSG Gym,55%
2026-09-13T10:31:11.761485+00:00,Queenstown ActiveSG Gym,37%
2026-09-13T10:31:11.761485+00:00,Sengkang ActiveSG Gym,74%
2026-09-13T10:31:11.761485+00:00,Senja-Cashew ActiveSG Gym,57%
2026-09-13T10:31:11.761485+00:00,Tampines ActiveSG Gym,56%
2026-09-13T10:31:11.761485+00:00,Woodlands ActiveSG Gym,56%
2026-09-13T10:31:11.761485+00:00,Yio Chu Kang ActiveSG Gym,43%
2026-09-13T10:31:11.761485+00:00,Yishun ActiveSG Gym,27%
2026-09-13T10:45:13.918737+00:00,ActiveSG Gym @ Ang Mo Kio Community Centre,40%
2026-09-13T10:45:13.918737+00:00,ActiveSG Gym @ Enabling Village,38%
2026-09-13T10:45:13.918737+00:00,ActiveSG Gym @ Fernvale Square,25%
2026-09-13T10:45:13.918737+00:00,ActiveSG Gym @ Serangoon Central,53%
2026-09-13T10:45:13.918737+00:00,ActiveSG Gym @ Toa Payoh,61%
2026-09-13T10:45:13.918737+00:00,ActiveSG Gym @ Toa Payoh West Community Centre,51%
2026-09-13T10:45:13.918737+00:00,ActiveSG Hockey Village @ Boon Lay Gym,28%
2026-09-13T10:45:13.918737+00:00,ActiveSG Sport Park @ Teck Ghee ActiveSG Gym,37%
2026-09-13T10:45:13.918737+00:00,Bishan ActiveSG Gym,37%
2026-09-13T10:45:13.918737+00:00,Bukit Batok ActiveSG Gym,35%
2026-09-13T10:45:13.918737+00:00,Bukit Canberra ActiveSG Gym,50%
2026-09-13T10:45:13.918737+00:00,Bukit Gombak ActiveSG Gym,57%
2026-09-13T10:45:13.918737+00:00,Choa Chu Kang ActiveSG Gym,67%
2026-09-13T10:45:13.918737+00:00,Clementi ActiveSG Gym,78%
2026-09-13T10:45:13.918737+00:00,Delta ActiveSG Gym,50%
2026-09-13T10:45:13.918737+00:00,Heartbeat @ Bedok ActiveSG Gym,31%
2026-09-13T10:45:13.918737+00:00,Hougang ActiveSG Gym,38%
2026-09-13T10:45:13.918737+00:00,Jalan Besar ActiveSG Gym,69%
2026-09-13T10:45:13.918737+00:00,Jurong East ActiveSG Gym,55%
2026-09-13T10:45:13.918737+00:00,Jurong Lake Gardens ActiveSG Gym,34%
2026-09-13T10:45:13.918737+00:00,Jurong West ActiveSG Gym,30%
2026-09-13T10:45:13.918737+00:00,Katong ActiveSG Gym,66%
2026-09-13T10:45:13.918737+00:00,Pasir Ris ActiveSG Gym,52%
2026-09-13T10:45:13.918737+00:00,Queenstown ActiveSG Gym,39%
2026-09-13T10:45:13.918737+00:00,Sengkang ActiveSG Gym,69%
2026-09-13T10:45:13.918737+00:00,Senja-Cashew ActiveSG Gym,45%
2026-09-13T10:45:13.918737+00:00,Tampines ActiveSG Gym,57%
2026-09-13T10:45:13.918737+00:00,Woodlands ActiveSG Gym,61%
2026-09-13T10:45:13.918737+00:00,Yio Chu Kang ActiveSG Gym,33%
2026-09-13T10:45:13.918737+00:00,Yishun ActiveSG Gym,29%
2026-09-13T11:00:13.330672+00:00,ActiveSG Gym @ Ang Mo Kio Community Centre,40%
2026-09-13T11:00:13.330672+00:00,ActiveSG Gym @ Enabling Village,31%
2026-09-13T11:00:13.330672+00:00,ActiveSG Gym @ Fernvale Square,37%
2026-09-13T11:00:13.330672+00:00,ActiveSG Gym @ Serangoon Central,53%
2026-09-13T11:00:13.330672+00:00,ActiveSG Gym @ Toa Payoh,55%
2026-09-13T11:00:13.330672+00:00,ActiveSG Gym @ Toa Payoh West Community Centre,52%
2026-09-13T11:00:13.330672+00:00,ActiveSG Hockey Village @ Boon Lay Gym,28%
2026-09-13T11:00:13.330672+00:00,ActiveSG Sport Park @ Teck Ghee ActiveSG Gym,37%
2026-09-13T11:00:13.330672+00:00,Bishan ActiveSG Gym,42%
2026-09-13T11:00:13.330672+00:00,Bukit Batok ActiveSG Gym,40%
2026-09-13T11:00:13.330672+00:00,Bukit Canberra ActiveSG Gym,47%
2026-09-13T11:00:13.330672+00:00,Bukit Gombak ActiveSG Gym,37%
2026-09-13T11:00:13.330672+00:00,Choa Chu Kang ActiveSG Gym,53%
2026-09-13T11:00:13.330672+00:00,Clementi ActiveSG Gym,78%
2026-09-13T11:00:13.330672+00:00,Delta ActiveSG Gym,54%
2026-09-13T11:00:13.330672+00:00,Heartbeat @ Bedok ActiveSG Gym,32%
2026-09-13T11:00:13.330672+00:00,Hougang ActiveSG Gym,37%
2026-09-13T11:00:13.330672+00:00,Jalan Besar ActiveSG Gym,69%
2026-09-13T11:00:13.330672+00:00,Jurong East ActiveSG Gym,25%
2026-09-13T11:00:13.330672+00:00,Jurong Lake Gardens ActiveSG Gym,35%
2026-09-13T11:00:13.330672+00:00,Jurong West ActiveSG Gym,30%
2026-09-13T11:00:13.330672+00:00,Katong ActiveSG Gym,60%
2026-09-13T11:00:13.330672+00:00,Pasir Ris ActiveSG Gym,47%
2026-09-13T11:00:13.330672+00:00,Queenstown ActiveSG Gym,40%
2026-09-13T11:00:13.330672+00:00,Sengkang ActiveSG Gym,63%
2026-09-13T11:00:13.330672+00:00,Senja-Cashew ActiveSG Gym,45%
2026-09-13T11:00:13.330672+00:00,Tampines ActiveSG Gym,54%
2026-09-13T11:00:13.330672+00:00,Woodlands ActiveSG Gym,52%
2026-09-13T11:00:13.330672+00:00,Yio Chu Kang ActiveSG Gym,29%
2026-09-13T11:00:13.330672+00:00,Yishun ActiveSG Gym,23%
2026-09-13T11:15:13.879522+00:00,ActiveSG Gym @ Ang Mo Kio Community Centre,40%
2026-09-13T11:15:13.879522+00:00,ActiveSG Gym @ Enabling Village,22%
2026-09-13T11:15:13.879522+00:00,ActiveSG Gym @ Fernvale Square,33%
2026-09-13T11:15:13.879522+00:00,ActiveSG Gym @ Serangoon Central,43%
2026-09-13T11:15:13.879522+00:00,ActiveSG Gym @ Toa Payoh,50%
2026-09-13T11:15:13.879522+00:00,ActiveSG Gym @ Toa Payoh West Community Centre,52%
2026-09-13T11:15:13.879522+00:00,ActiveSG Hockey Village @ Boon Lay Gym,29%
2026-09-13T11:15:13.879522+00:00,ActiveSG Sport Park @ Teck Ghee ActiveSG Gym,34%
2026-09-13T11:15:13.879522+00:00,Bishan ActiveSG Gym,38%
2026-09-13T11:15:13.879522+00:00,Bukit Batok ActiveSG Gym,35%
2026-09-13T11:15:13.879522+00:00,Bukit Canberra ActiveSG Gym,47%
2026-09-13T11:15:13.879522+00:00,Bukit Gombak ActiveSG Gym,39%
2026-09-13T11:15:13.879522+00:00,Choa Chu Kang ActiveSG Gym,49%
2026-09-13T11:15:13.879522+00:00,Clementi ActiveSG Gym,86%
2026-09-13T11:15:13.879522+00:00,Delta ActiveSG Gym,47%
2026-09-13T11:15:13.879522+00:00,Heartbeat @ Bedok ActiveSG Gym,28%
2026-09-13T11:15:13.879522+00:00,Hougang ActiveSG Gym,34%
2026-09-13T11:15:13.879522+00:00,Jalan Besar ActiveSG Gym,58%
2026-09-13T11:15:13.879522+00:00,Jurong East ActiveSG Gym,24%
2026-09-13T11:15:13.879522+00:00,Jurong Lake Gardens ActiveSG Gym,36%
2026-09-13T11:15:13.879522+00:00,Jurong West ActiveSG Gym,29%
2026-09-13T11:15:13.879522+00:00,Katong ActiveSG Gym,55%
2026-09-13T11:15:13.879522+00:00,Pasir Ris ActiveSG Gym,41%
2026-09-13T11:15:13.879522+00:00,Queenstown ActiveSG Gym,46%
2026-09-13T11:15:13.879522+00:00,Sengkang ActiveSG Gym,59%
2026-09-13T11:15:13.879522+00:00,Senja-Cashew ActiveSG Gym,49%
2026-09-13T11:15:13.879522+00:00,Tampines ActiveSG Gym,52%
2026-09-13T11:15:13.879522+00:00,Woodlands ActiveSG Gym,51%
2026-09-13T11:15:13.879522+00:00,Yio Chu Kang ActiveSG Gym,28%
2026-09-13T11:15:13.879522+00:00,Yishun ActiveSG Gym,18%
2026-09-13T11:30:15.374396+00:00,ActiveSG Gym @ Ang Mo Kio Community Centre,40%
2026-09-13T11:30:15.374396+00:00,ActiveSG Gym @ Enabling Village,24%
2026-09-13T11:30:15.374396+00:00,ActiveSG Gym @ Fernvale Square,32%
2026-09-13T11:30:15.374396+00:00,ActiveSG Gym @ Serangoon Central,43%
2026-09-13T11:30:15.374396+00:00,ActiveSG Gym @ Toa Payoh,49%
2026-09-13T11:30:15.374396+00:00,ActiveSG Gym @ Toa Payoh West Community Centre,52%
2026-09-13T11:30:15.374396+00:00,ActiveSG Hockey Village @ Boon Lay Gym,28%
2026-09-13T11:30:15.374396+00:00,ActiveSG Sport Park @ Teck Ghee ActiveSG Gym,36%
2026-09-13T11:30:15.374396+00:00,Bishan ActiveSG Gym,47%
2026-09-13T11:30:15.374396+00:00,Bukit Batok ActiveSG Gym,28%
2026-09-13T11:30:15.374396+00:00,Bukit Canberra ActiveSG Gym,46%
2026-09-13T11:30:15.374396+00:00,Bukit Gombak ActiveSG Gym,49%
2026-09-13T11:30:15.374396+00:00,Choa Chu Kang ActiveSG Gym,47%
2026-09-13T11:30:15.374396+00:00,Clementi ActiveSG Gym,86%
2026-09-13T11:30:15.374396+00:00,Delta ActiveSG Gym,48%
2026-09-13T11:30:15.374396+00:00,Heartbeat @ Bedok ActiveSG Gym,27%
2026-09-13T11:30:15.374396+00:00,Hougang ActiveSG Gym,30%
2026-09-13T11:30:15.374396+00:00,Jalan Besar ActiveSG Gym,58%
2026-09-13T11:30:15.374396+00:00,Jurong East ActiveSG Gym,20%
2026-09-13T11:30:15.374396+00:00,Jurong Lake Gardens ActiveSG Gym,33%
2026-09-13T11:30:15.374396+00:00,Jurong West ActiveSG Gym,29%
2026-09-13T11:30:15.374396+00:00,Katong ActiveSG Gym,54%
2026-09-13T11:30:15.374396+00:00,Pasir Ris ActiveSG Gym,41%
2026-09-13T11:30:15.374396+00:00,Queenstown ActiveSG Gym,46%
2026-09-13T11:30:15.374396+00:00,Sengkang ActiveSG Gym,58%
2026-09-13T11:30:15.374396+00:00,Senja-Cashew ActiveSG Gym,43%
2026-09-13T11:30:15.374396+00:00,Tampines ActiveSG Gym,53%
2026-09-13T11:30:15.374396+00:00,Woodlands ActiveSG Gym,48%
2026-09-13T11:30:15.374396+00:00,Yio Chu Kang ActiveSG Gym,24%
2026-09-13T11:30:15.374396+00:00,Yishun ActiveSG Gym,13%
2026-09-13T11:45:13.855459+00:00,ActiveSG Gym @ Ang Mo Kio Community Centre,42%
2026-09-13T11:45:13.855459+00:00,ActiveSG Gym @ Enabling Village,24%
2026-09-13T11:45:13.855459+00:00,ActiveSG Gym @ Fernvale Square,35%
2026-09-13T11:45:13.855459+00:00,ActiveSG Gym @ Serangoon Central,43%
2026-09-13T11:45:13.855459+00:00,ActiveSG Gym @ Toa Payoh,50%
2026-09-13T11:45:13.855459+00:00,ActiveSG Gym @ Toa Payoh West Community Centre,52%
2026-09-13T11:45:13.855459+00:00,ActiveSG Hockey Village @ Boon Lay Gym,28%
2026-09-13T11:45:13.855459+00:00,ActiveSG Sport Park @ Teck Ghee ActiveSG Gym,36%
2026-09-13T11:45:13.855459+00:00,Bishan ActiveSG Gym,46%
2026-09-13T11:45:13.855459+00:00,Bukit Batok ActiveSG Gym,28%
2026-09-13T11:45:13.855459+00:00,Bukit Canberra ActiveSG Gym,47%
2026-09-13T11:45:13.855459+00:00,Bukit Gombak ActiveSG Gym,47%
2026-09-13T11:45:13.855459+00:00,Choa Chu Kang ActiveSG Gym,45%
2026-09-13T11:45:13.855459+00:00,Clementi ActiveSG Gym,89%
2026-09-13T11:45:13.855459+00:00,Delta ActiveSG Gym,43%
2026-09-13T11:45:13.855459+00:00,Heartbeat @ Bedok ActiveSG Gym,27%
2026-09-13T11:45:13.855459+00:00,Hougang ActiveSG Gym,31%
2026-09-13T11:45:13.855459+00:00,Jalan Besar ActiveSG Gym,58%
2026-09-13T11:45:13.855459+00:00,Jurong East ActiveSG Gym,18%
2026-09-13T11:45:13.855459+00:00,Jurong Lake Gardens ActiveSG Gym,33%
2026-09-13T11:45:13.855459+00:00,Jurong West ActiveSG Gym,28%
2026-09-13T11:45:13.855459+00:00,Katong ActiveSG Gym,51%
2026-09-13T11:45:13.855459+00:00,Pasir Ris ActiveSG Gym,43%
2026-09-13T11:45:13.855459+00:00,Queenstown ActiveSG Gym,46%
2026-09-13T11:45:13.855459+00:00,Sengkang ActiveSG Gym,52%
2026-09-13T11:45:13.855459+00:00,Senja-Cashew ActiveSG Gym,40%
2026-09-13T11:45:13.855459+00:00,Tampines ActiveSG Gym,48%
2026-09-13T11:45:13.855459+00:00,Woodlands ActiveSG Gym,47%
2026-09-13T11:45:13.855459+00:00,Yio Chu Kang ActiveSG Gym,29%
2026-09-13T11:45:13.855459+00:00,Yishun ActiveSG Gym,13%
2026-09-13T12:00:13.643790+00:00,ActiveSG Gym @ Ang Mo Kio Community Centre,42%
2026-09-13T12:00:13.643790+00:00,ActiveSG Gym @ Enabling Village,7%
2026-09-13T12:00:13.643790+00:00,ActiveSG Gym @ Fernvale Square,37%
2026-09-13T12:00:13.643790+00:00,ActiveSG Gym @ Serangoon Central,43%
2026-09-13T12:00:13.643790+00:00,ActiveSG Gym @ Toa Payoh,52%
2026-09-13T12:00:13.643790+00:00,ActiveSG Gym @ Toa Payoh West Community Centre,52%
2026-09-13T12:00:13.643790+00:00,ActiveSG Hockey Village @ Boon Lay Gym,27%
2026-09-13T12:00:13.643790+00:00,ActiveSG Sport Park @ Teck Ghee ActiveSG Gym,36%
2026-09-13T12:00:13.643790+00:00,Bishan ActiveSG Gym,45%
2026-09-13T12:00:13.643790+00:00,Bukit Batok ActiveSG Gym,28%
2026-09-13T12:00:13.643790+00:00,Bukit Canberra ActiveSG Gym,46%
2026-09-13T12:00:13.643790+00:00,Bukit Gombak ActiveSG Gym,46%
2026-09-13T12:00:13.643790+00:00,Choa Chu Kang ActiveSG Gym,45%
2026-09-13T12:00:13.643790+00:00,Clementi ActiveSG Gym,84%
2026-09-13T12:00:13.643790+00:00,Delta ActiveSG Gym,41%
2026-09-13T12:00:13.643790+00:00,Heartbeat @ Bedok ActiveSG Gym,29%
2026-09-13T12:00:13.643790+00:00,Hougang ActiveSG Gym,33%
2026-09-13T12:00:13.643790+00:00,Jalan Besar ActiveSG Gym,58%
2026-09-13T12:00:13.643790+00:00,Jurong East ActiveSG Gym,21%
2026-09-13T12:00:13.643790+00:00,Jurong Lake Gardens ActiveSG Gym,34%
2026-09-13T12:00:13.643790+00:00,Jurong West ActiveSG Gym,28%
2026-09-13T12:00:13.643790+00:00,Katong ActiveSG Gym,54%
2026-09-13T12:00:13.643790+00:00,Pasir Ris ActiveSG Gym,44%
2026-09-13T12:00:13.643790+00:00,Queenstown ActiveSG Gym,47%
2026-09-13T12:00:13.643790+00:00,Sengkang ActiveSG Gym,56%
2026-09-13T12:00:13.643790+00:00,Senja-Cashew ActiveSG Gym,43%
2026-09-13T12:00:13.643790+00:00,Tampines ActiveSG Gym,48%
2026-09-13T12:00:13.643790+00:00,Woodlands ActiveSG Gym,44%
2026-09-13T12:00:13.643790+00:00,Yio Chu Kang ActiveSG Gym,28%
2026-09-13T12:00:13.643790+00:00,Yishun ActiveSG Gym,19%
2026-09-13T12:15:13.782185+00:00,ActiveSG Gym @ Ang Mo Kio Community Centre,42%
2026-09-13T12:15:13.782185+00:00,ActiveSG Gym @ Enabling Village,13%
2026-09-13T12:15:13.782185+00:00,ActiveSG Gym @ Fernvale Square,43%
2026-09-13T12:15:13.782185+00:00,ActiveSG Gym @ Serangoon Central,50%
2026-09-13T12:15:13.782185+00:00,ActiveSG Gym @ Toa Payoh,58%
2026-09-13T12:15:13.782185+00:00,ActiveSG Gym @ Toa Payoh West Community Centre,52%
2026-09-13T12:15:13.782185+00:00,ActiveSG Hockey Village @ Boon Lay Gym,26%
2026-09-13T12:15:13.782185+00:00,ActiveSG Sport Park @ Teck Ghee ActiveSG Gym,34%
2026-09-13T12:15:13.782185+00:00,Bishan ActiveSG Gym,48%
2026-09-13T12:15:13.782185+00:00,Bukit Batok ActiveSG Gym,30%
2026-09-13T12:15:13.782185+00:00,Bukit Canberra ActiveSG Gym,51%
2026-09-13T12:15:13.782185+00:00,Bukit Gombak ActiveSG Gym,46%
2026-09-13T12:15:13.782185+00:00,Choa Chu Kang ActiveSG Gym,43%
2026-09-13T12:15:13.782185+00:00,Clementi ActiveSG Gym,83%
2026-09-13T12:15:13.782185+00:00,Delta ActiveSG Gym,42%
2026-09-13T12:15:13.782185+00:00,Heartbeat @ Bedok ActiveSG Gym,28%
2026-09-13T12:15:13.782185+00:00,Hougang ActiveSG Gym,33%
2026-09-13T12:15:13.782185+00:00,Jalan Besar ActiveSG Gym,58%
2026-09-13T12:15:13.782185+00:00,Jurong East ActiveSG Gym,26%
2026-09-13T12:15:13.782185+00:00,Jurong Lake Gardens ActiveSG Gym,37%
2026-09-13T12:15:13.782185+00:00,Jurong West ActiveSG Gym,27%
2026-09-13T12:15:13.782185+00:00,Katong ActiveSG Gym,51%
2026-09-13T12:15:13.782185+00:00,Pasir Ris ActiveSG Gym,45%
2026-09-13T12:15:13.782185+00:00,Queenstown ActiveSG Gym,21%
2026-09-13T12:15:13.782185+00:00,Sengkang ActiveSG Gym,54%
2026-09-13T12:15:13.782185+00:00,Senja-Cashew ActiveSG Gym,48%
2026-09-13T12:15:13.782185+00:00,Tampines ActiveSG Gym,51%
2026-09-13T12:15:13.782185+00:00,Woodlands ActiveSG Gym,41%
2026-09-13T12:15:13.782185+00:00,Yio Chu Kang ActiveSG Gym,22%
2026-09-13T12:15:13.782185+00:00,Yishun ActiveSG Gym,29%
2026-09-13T12:30:13.824895+00:00,ActiveSG Gym @ Ang Mo Kio Community Centre,42%
2026-09-13T12:30:13.824895+00:00,ActiveSG Gym @ Enabling Village,18%
2026-09-13T12:30:13.824895+00:00,ActiveSG Gym @ Fernvale Square,40%
2026-09-13T12:30:13.824895+00:00,ActiveSG Gym @ Serangoon Central,50%
2026-09-13T12:30:13.824895+00:00,ActiveSG Gym @ Toa Payoh,65%
2026-09-13T12:30:13.824895+00:00,ActiveSG Gym @ Toa Payoh West Community Centre,52%
2026-09-13T12:30:13.824895+00:00,ActiveSG Hockey Village @ Boon Lay Gym,26%
2026-09-13T12:30:13.824895+00:00,ActiveSG Sport Park @ Teck Ghee ActiveSG Gym,35%
2026-09-13T12:30:13.824895+00:00,Bishan ActiveSG Gym,46%
2026-09-13T12:30:13.824895+00:00,Bukit Batok ActiveSG Gym,35%
2026-09-13T12:30:13.824895+00:00,Bukit Canberra ActiveSG Gym,53%
2026-09-13T12:30:13.824895+00:00,Bukit Gombak ActiveSG Gym,43%
2026-09-13T12:30:13.824895+00:00,Choa Chu Kang ActiveSG Gym,41%
2026-09-13T12:30:13.824895+00:00,Clementi ActiveSG Gym,76%
2026-09-13T12:30:13.824895+00:00,Delta ActiveSG Gym,40%
2026-09-13T12:30:13.824895+00:00,Heartbeat @ Bedok ActiveSG Gym,31%
2026-09-13T12:30:13.824895+00:00,Hougang ActiveSG Gym,32%
2026-09-13T12:30:13.824895+00:00,Jalan Besar ActiveSG Gym,58%
2026-09-13T12:30:13.824895+00:00,Jurong East ActiveSG Gym,28%
2026-09-13T12:30:13.824895+00:00,Jurong Lake Gardens ActiveSG Gym,37%
2026-09-13T12:30:13.824895+00:00,Jurong West ActiveSG Gym,27%
2026-09-13T12:30:13.824895+00:00,Katong ActiveSG Gym,48%
2026-09-13T12:30:13.824895+00:00,Pasir Ris ActiveSG Gym,47%
2026-09-13T12:30:13.824895+00:00,Queenstown ActiveSG Gym,19%
2026-09-13T12:30:13.824895+00:00,Sengkang ActiveSG Gym,57%
2026-09-13T12:30:13.824895+00:00,Senja-Cashew ActiveSG Gym,48%
2026-09-13T12:30:13.824895+00:00,Tampines ActiveSG Gym,54%
2026-09-13T12:30:13.824895+00:00,Woodlands ActiveSG Gym,46%
2026-09-13T12:30:13.824895+00:00,Yio Chu Kang ActiveSG Gym,18%
2026-09-13T12:30:13.824895+00:00,Yishun ActiveSG Gym,38%
2026-09-13T12:45:14.081856+00:00,ActiveSG Gym @ Ang Mo Kio Community Centre,42%
2026-09-13T12:45:14.081856+00:00,ActiveSG Gym @ Enabling Village,16%
2026-09-13T12:45:14.081856+00:00,ActiveSG Gym @ Fernvale Square,62%
2026-09-13T12:45:14.081856+00:00,ActiveSG Gym @ Serangoon Central,50%
2026-09-13T12:45:14.081856+00:00,ActiveSG Gym @ Toa Payoh,63%
2026-09-13T12:45:14.081856+00:00,ActiveSG Gym @ Toa Payoh West Community Centre,52%
2026-09-13T12:45:14.081856+00:00,ActiveSG Hockey Village @ Boon Lay Gym,26%
2026-09-13T12:45:14.081856+00:00,ActiveSG Sport Park @ Teck Ghee ActiveSG Gym,36%
2026-09-13T12:45:14.081856+00:00,Bishan ActiveSG Gym,52%
2026-09-13T12:45:14.081856+00:00,Bukit Batok ActiveSG Gym,28%
2026-09-13T12:45:14.081856+00:00,Bukit Canberra ActiveSG Gym,56%
2026-09-13T12:45:14.081856+00:00,Bukit Gombak ActiveSG Gym,43%
2026-09-13T12:45:14.081856+00:00,Choa Chu Kang ActiveSG Gym,41%
2026-09-13T12:45:14.081856+00:00,Clementi ActiveSG Gym,79%
2026-09-13T12:45:14.081856+00:00,Delta ActiveSG Gym,42%
2026-09-13T12:45:14.081856+00:00,Heartbeat @ Bedok ActiveSG Gym,26%
2026-09-13T12:45:14.081856+00:00,Hougang ActiveSG Gym,31%
2026-09-13T12:45:14.081856+00:00,Jalan Besar ActiveSG Gym,58%
2026-09-13T12:45:14.081856+00:00,Jurong East ActiveSG Gym,31%
2026-09-13T12:45:14.081856+00:00,Jurong Lake Gardens ActiveSG Gym,35%
2026-09-13T12:45:14.081856+00:00,Jurong West ActiveSG Gym,27%
2026-09-13T12:45:14.081856+00:00,Katong ActiveSG Gym,51%
2026-09-13T12:45:14.081856+00:00,Pasir Ris ActiveSG Gym,51%
2026-09-13T12:45:14.081856+00:00,Queenstown ActiveSG Gym,16%
2026-09-13T12:45:14.081856+00:00,Sengkang ActiveSG Gym,59%
2026-09-13T12:45:14.081856+00:00,Senja-Cashew ActiveSG Gym,58%
2026-09-13T12:45:14.081856+00:00,Tampines ActiveSG Gym,54%
2026-09-13T12:45:14.081856+00:00,Woodlands ActiveSG Gym,42%
2026-09-13T12:45:14.081856+00:00,Yio Chu Kang ActiveSG Gym,23%
2026-09-13T12:45:14.081856+00:00,Yishun ActiveSG Gym,42%
2026-09-13T13:00:13.713992+00:00,ActiveSG Gym @ Ang Mo Kio Community Centre,42%
2026-09-13T13:00:13.713992+00:00,ActiveSG Gym @ Enabling Village,16%
2026-09-13T13:00:13.713992+00:00,ActiveSG Gym @ Fernvale Square,62%
2026-09-13T13:00:13.713992+00:00,ActiveSG Gym @ Serangoon Central,33%
2026-09-13T13:00:13.713992+00:00,ActiveSG Gym @ Toa Payoh,64%
2026-09-13T13:00:13.713992+00:00,ActiveSG Gym @ Toa Payoh West Community Centre,13%
2026-09-13T13:00:13.713992+00:00,ActiveSG Hockey Village @ Boon Lay Gym,26%
2026-09-13T13:00:13.713992+00:00,ActiveSG Sport Park @ Teck Ghee ActiveSG Gym,34%
2026-09-13T13:00:13.713992+00:00,Bishan ActiveSG Gym,56%
2026-09-13T13:00:13.713992+00:00,Bukit Batok ActiveSG Gym,35%
2026-09-13T13:00:13.713992+00:00,Bukit Canberra ActiveSG Gym,48%
2026-09-13T13:00:13.713992+00:00,Bukit Gombak ActiveSG Gym,42%
2026-09-13T13:00:13.713992+00:00,Choa Chu Kang ActiveSG Gym,39%
2026-09-13T13:00:13.713992+00:00,Clementi ActiveSG Gym,75%
2026-09-13T13:00:13.713992+00:00,Delta ActiveSG Gym,41%
2026-09-13T13:00:13.713992+00:00,Heartbeat @ Bedok ActiveSG Gym,20%
2026-09-13T13:00:13.713992+00:00,Hougang ActiveSG Gym,23%
2026-09-13T13:00:13.713992+00:00,Jalan Besar ActiveSG Gym,69%
2026-09-13T13:00:13.713992+00:00,Jurong East ActiveSG Gym,31%
2026-09-13T13:00:13.713992+00:00,Jurong Lake Gardens ActiveSG Gym,35%
2026-09-13T13:00:13.713992+00:00,Jurong West ActiveSG Gym,27%
2026-09-13T13:00:13.713992+00:00,Katong ActiveSG Gym,52%
2026-09-13T13:00:13.713992+00:00,Pasir Ris ActiveSG Gym,55%
2026-09-13T13:00:13.713992+00:00,Queenstown ActiveSG Gym,14%
2026-09-13T13:00:13.713992+00:00,Sengkang ActiveSG Gym,58%
2026-09-13T13:00:13.713992+00:00,Senja-Cashew ActiveSG Gym,60%
2026-09-13T13:00:13.713992+00:00,Tampines ActiveSG Gym,55%
2026-09-13T13:00:13.713992+00:00,Woodlands ActiveSG Gym,39%
2026-09-13T13:00:13.713992+00:00,Yio Chu Kang ActiveSG Gym,22%
2026-09-13T13:00:13.713992+00:00,Yishun ActiveSG Gym,43%
2026-09-13T13:15:14.111823+00:00,ActiveSG Gym @ Ang Mo Kio Community Centre,40%
2026-09-13T13:15:14.111823+00:00,ActiveSG Gym @ Enabling Village,18%
2026-09-13T13:15:14.111823+00:00,ActiveSG Gym @ Fernvale Square,62%
2026-09-13T13:15:14.111823+00:00,ActiveSG Gym @ Serangoon Central,33%
2026-09-13T13:15:14.111823+00:00,ActiveSG Gym @ Toa Payoh,57%
2026-09-13T13:15:14.111823+00:00,ActiveSG Gym @ Toa Payoh West Community Centre,17%
2026-09-13T13:15:14.111823+00:00,ActiveSG Hockey Village @ Boon Lay Gym,25%
2026-09-13T13:15:14.111823+00:00,ActiveSG Sport Park @ Teck Ghee ActiveSG Gym,31%
2026-09-13T13:15:14.111823+00:00,Bishan ActiveSG Gym,55%
2026-09-13T13:15:14.111823+00:00,Bukit Batok ActiveSG Gym,0%
2026-09-13T13:15:14.111823+00:00,Bukit Canberra ActiveSG Gym,48%
2026-09-13T13:15:14.111823+00:00,Bukit Gombak ActiveSG Gym,42%
2026-09-13T13:15:14.111823+00:00,Choa Chu Kang ActiveSG Gym,37%
2026-09-13T13:15:14.111823+00:00,Clementi ActiveSG Gym,78%
2026-09-13T13:15:14.111823+00:00,Delta ActiveSG Gym,40%
2026-09-13T13:15:14.111823+00:00,Heartbeat @ Bedok ActiveSG Gym,13%
2026-09-13T13:15:14.111823+00:00,Hougang ActiveSG Gym,15%
2026-09-13T13:15:14.111823+00:00,Jalan Besar ActiveSG Gym,69%
2026-09-13T13:15:14.111823+00:00,Jurong East ActiveSG Gym,29%
2026-09-13T13:15:14.111823+00:00,Jurong Lake Gardens ActiveSG Gym,35%
2026-09-13T13:15:14.111823+00:00,Jurong West ActiveSG Gym,19%
2026-09-13T13:15:14.111823+00:00,Katong ActiveSG Gym,52%
2026-09-13T13:15:14.111823+00:00,Pasir Ris ActiveSG Gym,55%
2026-09-13T13:15:14.111823+00:00,Queenstown ActiveSG Gym,14%
2026-09-13T13:15:14.111823+00:00,Sengkang ActiveSG Gym,61%
2026-09-13T13:15:14.111823+00:00,Senja-Cashew ActiveSG Gym,65%
2026-09-13T13:15:14.111823+00:00,Tampines ActiveSG Gym,49%
2026-09-13T13:15:14.111823+00:00,Woodlands ActiveSG Gym,42%
2026-09-13T13:15:14.111823+00:00,Yio Chu Kang ActiveSG Gym,15%
2026-09-13T13:15:14.111823+00:00,Yishun ActiveSG Gym,39%
2026-09-13T13:30:13.766355+00:00,ActiveSG Gym @ Ang Mo Kio Community Centre,40%
2026-09-13T13:30:13.766355+00:00,ActiveSG Gym @ Enabling Village,16%
2026-09-13T13:30:13.766355+00:00,ActiveSG Gym @ Fernvale Square,62%
2026-09-13T13:30:13.766355+00:00,ActiveSG Gym @ Serangoon Central,33%
2026-09-13T13:30:13.766355+00:00,ActiveSG Gym @ Toa Payoh,54%
2026-09-13T13:30:13.766355+00:00,ActiveSG Gym @ Toa Payoh West Community Centre,17%
2026-09-13T13:30:13.766355+00:00,ActiveSG Hockey Village @ Boon Lay Gym,25%
2026-09-13T13:30:13.766355+00:00,ActiveSG Sport Park @ Teck Ghee ActiveSG Gym,29%
2026-09-13T13:30:13.766355+00:00,Bishan ActiveSG Gym,53%
2026-09-13T13:30:13.766355+00:00,Bukit Batok ActiveSG Gym,0%
2026-09-13T13:30:13.766355+00:00,Bukit Canberra ActiveSG Gym,43%
2026-09-13T13:30:13.766355+00:00,Bukit Gombak ActiveSG Gym,42%
2026-09-13T13:30:13.766355+00:00,Choa Chu Kang ActiveSG Gym,24%
2026-09-13T13:30:13.766355+00:00,Clementi ActiveSG Gym,73%
2026-09-13T13:30:13.766355+00:00,Delta ActiveSG Gym,36%
2026-09-13T13:30:13.766355+00:00,Heartbeat @ Bedok ActiveSG Gym,10%
2026-09-13T13:30:13.766355+00:00,Hougang ActiveSG Gym,13%
2026-09-13T13:30:13.766355+00:00,Jalan Besar ActiveSG Gym,69%
2026-09-13T13:30:13.766355+00:00,Jurong East ActiveSG Gym,26%
2026-09-13T13:30:13.766355+00:00,Jurong Lake Gardens ActiveSG Gym,26%
2026-09-13T13:30:13.766355+00:00,Jurong West ActiveSG Gym,19%
2026-09-13T13:30:13.766355+00:00,Katong ActiveSG Gym,51%
2026-09-13T13:30:13.766355+00:00,Pasir Ris ActiveSG Gym,53%
2026-09-13T13:30:13.766355+00:00,Queenstown ActiveSG Gym,14%
2026-09-13T13:30:13.766355+00:00,Sengkang ActiveSG Gym,62%
2026-09-13T13:30:13.766355+00:00,Senja-Cashew ActiveSG Gym,60%
2026-09-13T13:30:13.766355+00:00,Tampines ActiveSG Gym,48%
2026-09-13T13:30:13.766355+00:00,Woodlands ActiveSG Gym,41%
2026-09-13T13:30:13.766355+00:00,Yio Chu Kang ActiveSG Gym,17%
2026-09-13T13:30:13.766355+00:00,Yishun ActiveSG Gym,34%
2026-09-13T13:45:14.249807+00:00,ActiveSG Gym @ Ang Mo Kio Community Centre,40%
2026-09-13T13:45:14.249807+00:00,ActiveSG Gym @ Enabling Village,16%
2026-09-13T13:45:14.249807+00:00,ActiveSG Gym @ Fernvale Square,62%
2026-09-13T13:45:14.249807+00:00,ActiveSG Gym @ Serangoon Central,33%
2026-09-13T13:45:14.249807+00:00,ActiveSG Gym @ Toa Payoh,0%
2026-09-13T13:45:14.249807+00:00,ActiveSG Gym @ Toa Payoh West Community Centre,17%
2026-09-13T13:45:14.249807+00:00,ActiveSG Hockey Village @ Boon Lay Gym,25%
2026-09-13T13:45:14.249807+00:00,ActiveSG Sport Park @ Teck Ghee ActiveSG Gym,24%
2026-09-13T13:45:14.249807+00:00,Bishan ActiveSG Gym,49%
2026-09-13T13:45:14.249807+00:00,Bukit Batok ActiveSG Gym,0%
2026-09-13T13:45:14.249807+00:00,Bukit Canberra ActiveSG Gym,42%
2026-09-13T13:45:14.249807+00:00,Bukit Gombak ActiveSG Gym,42%
2026-09-13T13:45:14.249807+00:00,Choa Chu Kang ActiveSG Gym,23%
2026-09-13T13:45:14.249807+00:00,Clementi ActiveSG Gym,74%
2026-09-13T13:45:14.249807+00:00,Delta ActiveSG Gym,30%
2026-09-13T13:45:14.249807+00:00,Heartbeat @ Bedok ActiveSG Gym,10%
2026-09-13T13:45:14.249807+00:00,Hougang ActiveSG Gym,2%
2026-09-13T13:45:14.249807+00:00,Jalan Besar ActiveSG Gym,0%
2026-09-13T13:45:14.249807+00:00,Jurong East ActiveSG Gym,19%
2026-09-13T13:45:14.249807+00:00,Jurong Lake Gardens ActiveSG Gym,26%
2026-09-13T13:45:14.249807+00:00,Jurong West ActiveSG Gym,17%
2026-09-13T13:45:14.249807+00:00,Katong ActiveSG Gym,46%
2026-09-13T13:45:14.249807+00:00,Pasir Ris ActiveSG Gym,53%
2026-09-13T13:45:14.249807+00:00,Queenstown ActiveSG Gym,0%
2026-09-13T13:45:14.249807+00:00,Sengkang ActiveSG Gym,62%
2026-09-13T13:45:14.249807+00:00,Senja-Cashew ActiveSG Gym,60%
2026-09-13T13:45:14.249807+00:00,Tampines ActiveSG Gym,0%
2026-09-13T13:45:14.249807+00:00,Woodlands ActiveSG Gym,41%
2026-09-13T13:45:14.249807+00:00,Yio Chu Kang ActiveSG Gym,15%
2026-09-13T13:45:14.249807+00:00,Yishun ActiveSG Gym,29%
2026-09-13T23:00:12.386961+00:00,ActiveSG Gym @ Ang Mo Kio Community Centre,0%
2026-09-13T23:00:12.386961+00:00,ActiveSG Gym @ Enabling Village,0%
2026-09-13T23:00:12.386961+00:00,ActiveSG Gym @ Fernvale Square,0%
2026-09-13T23:00:12.386961+00:00,ActiveSG Gym @ Serangoon Central,0%
2026-09-13T23:00:12.386961+00:00,ActiveSG Gym @ Toa Payoh,2%
2026-09-13T23:00:12.386961+00:00,ActiveSG Gym @ Toa Payoh West Community Centre,1%
2026-09-13T23:00:12.386961+00:00,ActiveSG Hockey Village @ Boon Lay Gym,0%
2026-09-13T23:00:12.386961+00:00,ActiveSG Sport Park @ Teck Ghee ActiveSG Gym,0%
2026-09-13T23:00:12.386961+00:00,Bishan ActiveSG Gym,0%
2026-09-13T23:00:12.386961+00:00,Bukit Batok ActiveSG Gym,0%
2026-09-13T23:00:12.386961+00:00,Bukit Canberra ActiveSG Gym,3%
2026-09-13T23:00:12.386961+00:00,Bukit Gombak ActiveSG Gym,0%
2026-09-13T23:00:12.386961+00:00,Choa Chu Kang ActiveSG Gym,0%
2026-09-13T23:00:12.386961+00:00,Clementi ActiveSG Gym,0%
2026-09-13T23:00:12.386961+00:00,Delta ActiveSG Gym,0%
2026-09-13T23:00:12.386961+00:00,Heartbeat @ Bedok ActiveSG Gym,0%
2026-09-13T23:00:12.386961+00:00,Hougang ActiveSG Gym,0%
2026-09-13T23:00:12.386961+00:00,Jalan Besar ActiveSG Gym,0%
2026-09-13T23:00:12.386961+00:00,Jurong East ActiveSG Gym,0%
2026-09-13T23:00:12.386961+00:00,Jurong Lake Gardens ActiveSG Gym,6%
2026-09-13T23:00:12.386961+00:00,Jurong West ActiveSG Gym,0%
2026-09-13T23:00:12.386961+00:00,Katong ActiveSG Gym,0%
2026-09-13T23:00:12.386961+00:00,Pasir Ris ActiveSG Gym,0%
2026-09-13T23:00:12.386961+00:00,Queenstown ActiveSG Gym,0%
2026-09-13T23:00:12.386961+00:00,Sengkang ActiveSG Gym,0%
2026-09-13T23:00:12.386961+00:00,Senja-Cashew ActiveSG Gym,0%
2026-09-13T23:00:12.386961+00:00,Tampines ActiveSG Gym,0%
2026-09-13T23:00:12.386961+00:00,Woodlands ActiveSG Gym,1%
2026-09-13T23:00:12.386961+00:00,Yio Chu Kang ActiveSG Gym,0%
2026-09-13T23:00:12.386961+00:00,Yishun ActiveSG Gym,0%
2026-09-13T23:15:14.329434+00:00,ActiveSG Gym @ Ang Mo Kio Community Centre,28%
2026-09-13T23:15:14.329434+00:00,ActiveSG Gym @ Enabling Village,0%
2026-09-13T23:15:14.329434+00:00,ActiveSG Gym @ Fernvale Square,25%
2026-09-13T23:15:14.329434+00:00,ActiveSG Gym @ Serangoon Central,60%
2026-09-13T23:15:14.329434+00:00,ActiveSG Gym @ Toa Payoh,27%
2026-09-13T23:15:14.329434+00:00,ActiveSG Gym @ Toa Payoh West Community Centre,4%
2026-09-13T23:15:14.329434+00:00,ActiveSG Hockey Village @ Boon Lay Gym,8%
2026-09-13T23:15:14.329434+00:00,ActiveSG Sport Park @ Teck Ghee ActiveSG Gym,16%
2026-09-13T23:15:14.329434+00:00,Bishan ActiveSG Gym,19%
2026-09-13T23:15:14.329434+00:00,Bukit Batok ActiveSG Gym,38%
2026-09-13T23:15:14.329434+00:00,Bukit Canberra ActiveSG Gym,16%
2026-09-13T23:15:14.329434+00:00,Bukit Gombak ActiveSG Gym,20%
2026-09-13T23:15:14.329434+00:00,Choa Chu Kang ActiveSG Gym,23%
2026-09-13T23:15:14.329434+00:00,Clementi ActiveSG Gym,36%
2026-09-13T23:15:14.329434+00:00,Delta ActiveSG Gym,0%
2026-09-13T23:15:14.329434+00:00,Heartbeat @ Bedok ActiveSG Gym,25%
2026-09-13T23:15:14.329434+00:00,Hougang ActiveSG Gym,19%
2026-09-13T23:15:14.329434+00:00,Jalan Besar ActiveSG Gym,27%
2026-09-13T23:15:14.329434+00:00,Jurong East ActiveSG Gym,11%
2026-09-13T23:15:14.329434+00:00,Jurong Lake Gardens ActiveSG Gym,15%
2026-09-13T23:15:14.329434+00:00,Jurong West ActiveSG Gym,10%
2026-09-13T23:15:14.329434+00:00,Katong ActiveSG Gym,25%
2026-09-13T23:15:14.329434+00:00,Pasir Ris ActiveSG Gym,26%
2026-09-13T23:15:14.329434+00:00,Queenstown ActiveSG Gym,0%
2026-09-13T23:15:14.329434+00:00,Sengkang ActiveSG Gym,22%
2026-09-13T23:15:14.329434+00:00,Senja-Cashew ActiveSG Gym,34%
2026-09-13T23:15:14.329434+00:00,Tampines ActiveSG Gym,17%
2026-09-13T23:15:14.329434+00:00,Woodlands ActiveSG Gym,13%
2026-09-13T23:15:14.329434+00:00,Yio Chu Kang ActiveSG Gym,14%
2026-09-13T23:15:14.329434+00:00,Yishun ActiveSG Gym,19%
2026-09-13T23:30:13.858273+00:00,ActiveSG Gym @ Ang Mo Kio Community Centre,38%
2026-09-13T23:30:13.858273+00:00,ActiveSG Gym @ Enabling Village,0%
2026-09-13T23:30:13.858273+00:00,ActiveSG Gym @ Fernvale Square,32%
2026-09-13T23:30:13.858273+00:00,ActiveSG Gym @ Serangoon Central,77%
2026-09-13T23:30:13.858273+00:00,ActiveSG Gym @ Toa Payoh,37%
2026-09-13T23:30:13.858273+00:00,ActiveSG Gym @ Toa Payoh West Community Centre,12%
2026-09-13T23:30:13.858273+00:00,ActiveSG Hockey Village @ Boon Lay Gym,13%
2026-09-13T23:30:13.858273+00:00,ActiveSG Sport Park @ Teck Ghee ActiveSG Gym,23%
2026-09-13T23:30:13.858273+00:00,Bishan ActiveSG Gym,35%
2026-09-13T23:30:13.858273+00:00,Bukit Batok ActiveSG Gym,50%
2026-09-13T23:30:13.858273+00:00,Bukit Canberra ActiveSG Gym,24%
2026-09-13T23:30:13.858273+00:00,Bukit Gombak ActiveSG Gym,33%
2026-09-13T23:30:13.858273+00:00,Choa Chu Kang ActiveSG Gym,35%
2026-09-13T23:30:13.858273+00:00,Clementi ActiveSG Gym,44%
2026-09-13T23:30:13.858273+00:00,Delta ActiveSG Gym,0%
2026-09-13T23:30:13.858273+00:00,Heartbeat @ Bedok ActiveSG Gym,31%
2026-09-13T23:30:13.858273+00:00,Hougang ActiveSG Gym,26%
2026-09-13T23:30:13.858273+00:00,Jalan Besar ActiveSG Gym,35%
2026-09-13T23:30:13.858273+00:00,Jurong East ActiveSG Gym,14%
2026-09-13T23:30:13.858273+00:00,Jurong Lake Gardens ActiveSG Gym,20%
2026-09-13T23:30:13.858273+00:00,Jurong West ActiveSG Gym,13%
2026-09-13T23:30:13.858273+00:00,Katong ActiveSG Gym,38%
2026-09-13T23:30:13.858273+00:00,Pasir Ris ActiveSG Gym,29%
2026-09-13T23:30:13.858273+00:00,Queenstown ActiveSG Gym,0%
2026-09-13T23:30:13.858273+00:00,Sengkang ActiveSG Gym,26%
2026-09-13T23:30:13.858273+00:00,Senja-Cashew ActiveSG Gym,52%
2026-09-13T23:30:13.858273+00:00,Tampines ActiveSG Gym,22%
2026-09-13T23:30:13.858273+00:00,Woodlands ActiveSG Gym,19%
2026-09-13T23:30:13.858273+00:00,Yio Chu Kang ActiveSG Gym,23%
2026-09-13T23:30:13.858273+00:00,Yishun ActiveSG Gym,28%
2026-09-13T23:45:14.084603+00:00,ActiveSG Gym @ Ang Mo Kio Community Centre,47%
2026-09-13T23:45:14.084603+00:00,ActiveSG Gym @ Enabling Village,0%
2026-09-13T23:45:14.084603+00:00,ActiveSG Gym @ Fernvale Square,50%
2026-09-13T23:45:14.084603+00:00,ActiveSG Gym @ Serangoon Central,90%
2026-09-13T23:45:14.084603+00:00,ActiveSG Gym @ Toa Payoh,43%
2026-09-13T23:45:14.084603+00:00,ActiveSG Gym @ Toa Payoh West Community Centre,16%
2026-09-13T23:45:14.084603+00:00,ActiveSG Hockey Village @ Boon Lay Gym,14%
2026-09-13T23:45:14.084603+00:00,ActiveSG Sport Park @ Teck Ghee ActiveSG Gym,28%
2026-09-13T23:45:14.084603+00:00,Bishan ActiveSG Gym,35%
2026-09-13T23:45:14.084603+00:00,Bukit Batok ActiveSG Gym,63%
2026-09-13T23:45:14.084603+00:00,Bukit Canberra ActiveSG Gym,28%
2026-09-13T23:45:14.084603+00:00,Bukit Gombak ActiveSG Gym,36%
2026-09-13T23:45:14.084603+00:00,Choa Chu Kang ActiveSG Gym,40%
2026-09-13T23:45:14.084603+00:00,Clementi ActiveSG Gym,47%
2026-09-13T23:45:14.084603+00:00,Delta ActiveSG Gym,0%
2026-09-13T23:45:14.084603+00:00,Heartbeat @ Bedok ActiveSG Gym,37%
2026-09-13T23:45:14.084603+00:00,Hougang ActiveSG Gym,28%
2026-09-13T23:45:14.084603+00:00,Jalan Besar ActiveSG Gym,45%
2026-09-13T23:45:14.084603+00:00,Jurong East ActiveSG Gym,20%
2026-09-13T23:45:14.084603+00:00,Jurong Lake Gardens ActiveSG Gym,23%
2026-09-13T23:45:14.084603+00:00,Jurong West ActiveSG Gym,18%
2026-09-13T23:45:14.084603+00:00,Katong ActiveSG Gym,37%
2026-09-13T23:45:14.084603+00:00,Pasir Ris ActiveSG Gym,35%
2026-09-13T23:45:14.084603+00:00,Queenstown ActiveSG Gym,0%
2026-09-13T23:45:14.084603+00:00,Sengkang ActiveSG Gym,36%
2026-09-13T23:45:14.084603+00:00,Senja-Cashew ActiveSG Gym,60%
2026-09-13T23:45:14.084603+00:00,Tampines ActiveSG Gym,26%
2026-09-13T23:45:14.084603+00:00,Woodlands ActiveSG Gym,28%
2026-09-13T23:45:14.084603+00:00,Yio Chu Kang ActiveSG Gym,28%
2026-09-13T23:45:14.084603+00:00,Yishun ActiveSG Gym,30%
2026-09-14T00:00:15.937272+00:00,ActiveSG Gym @ Ang Mo Kio Community Centre,43%
2026-09-14T00:00:15.937272+00:00,ActiveSG Gym @ Enabling Village,0%
2026-09-14T00:00:15.937272+00:00,ActiveSG Gym @ Fernvale Square,50%
2026-09-14T00:00:15.937272+00:00,ActiveSG Gym @ Serangoon Central,97%
2026-09-14T00:00:15.937272+00:00,ActiveSG Gym @ Toa Payoh,42%
2026-09-14T00:00:15.937272+00:00,ActiveSG Gym @ Toa Payoh West Community Centre,17%
2026-09-14T00:00:15.937272+00:00,ActiveSG Hockey Village @ Boon Lay Gym,14%
2026-09-14T00:00:15.937272+00:00,ActiveSG Sport Park @ Teck Ghee ActiveSG Gym,33%
2026-09-14T00:00:15.937272+00:00,Bishan ActiveSG Gym,38%
2026-09-14T00:00:15.937272+00:00,Bukit Batok ActiveSG Gym,63%
2026-09-14T00:00:15.937272+00:00,Bukit Canberra ActiveSG Gym,27%
2026-09-14T00:00:15.937272+00:00,Bukit Gombak ActiveSG Gym,34%
2026-09-14T00:00:15.937272+00:00,Choa Chu Kang ActiveSG Gym,45%
2026-09-14T00:00:15.937272+00:00,Clementi ActiveSG Gym,57%
2026-09-14T00:00:15.937272+00:00,Delta ActiveSG Gym,0%
2026-09-14T00:00:15.937272+00:00,Heartbeat @ Bedok ActiveSG Gym,36%
2026-09-14T00:00:15.937272+00:00,Hougang ActiveSG Gym,33%
2026-09-14T00:00:15.937272+00:00,Jalan Besar ActiveSG Gym,49%
2026-09-14T00:00:15.937272+00:00,Jurong East ActiveSG Gym,23%
2026-09-14T00:00:15.937272+00:00,Jurong Lake Gardens ActiveSG Gym,23%
2026-09-14T00:00:15.937272+00:00,Jurong West ActiveSG Gym,20%
2026-09-14T00:00:15.937272+00:00,Katong ActiveSG Gym,40%
2026-09-14T00:00:15.937272+00:00,Pasir Ris ActiveSG Gym,37%
2026-09-14T00:00:15.937272+00:00,Queenstown ActiveSG Gym,0%
2026-09-14T00:00:15.937272+00:00,Sengkang ActiveSG Gym,44%
2026-09-14T00:00:15.937272+00:00,Senja-Cashew ActiveSG Gym,66%
2026-09-14T00:00:15.937272+00:00,Tampines ActiveSG Gym,30%
2026-09-14T00:00:15.937272+00:00,Woodlands ActiveSG Gym,27%
2026-09-14T00:00:15.937272+00:00,Yio Chu Kang ActiveSG Gym,31%
2026-09-14T00:00:15.937272+00:00,Yishun ActiveSG Gym,31%
2026-09-14T00:15:13.815679+00:00,ActiveSG Gym @ Ang Mo Kio Community Centre,42%
2026-09-14T00:15:13.815679+00:00,ActiveSG Gym @ Enabling Village,0%
2026-09-14T00:15:13.815679+00:00,ActiveSG Gym @ Fernvale Square,42%
2026-09-14T00:15:13.815679+00:00,ActiveSG Gym @ Serangoon Central,53%
2026-09-14T00:15:13.815679+00:00,ActiveSG Gym @ Toa Payoh,41%
2026-09-14T00:15:13.815679+00:00,ActiveSG Gym @ Toa Payoh West Community Centre,21%
2026-09-14T00:15:13.815679+00:00,ActiveSG Hockey Village @ Boon Lay Gym,16%
2026-09-14T00:15:13.815679+00:00,ActiveSG Sport Park @ Teck Ghee ActiveSG Gym,35%
2026-09-14T00:15:13.815679+00:00,Bishan ActiveSG Gym,32%
2026-09-14T00:15:13.815679+00:00,Bukit Batok ActiveSG Gym,63%
2026-09-14T00:15:13.815679+00:00,Bukit Canberra ActiveSG Gym,29%
2026-09-14T00:15:13.815679+00:00,Bukit Gombak ActiveSG Gym,38%
2026-09-14T00:15:13.815679+00:00,Choa Chu Kang ActiveSG Gym,43%
2026-09-14T00:15:13.815679+00:00,Clementi ActiveSG Gym,54%
2026-09-14T00:15:13.815679+00:00,Delta ActiveSG Gym,0%
2026-09-14T00:15:13.815679+00:00,Heartbeat @ Bedok ActiveSG Gym,38%
2026-09-14T00:15:13.815679+00:00,Hougang ActiveSG Gym,36%
2026-09-14T00:15:13.815679+00:00,Jalan Besar ActiveSG Gym,52%
2026-09-14T00:15:13.815679+00:00,Jurong East ActiveSG Gym,22%
2026-09-14T00:15:13.815679+00:00,Jurong Lake Gardens ActiveSG Gym,22%
2026-09-14T00:15:13.815679+00:00,Jurong West ActiveSG Gym,21%
2026-09-14T00:15:13.815679+00:00,Katong ActiveSG Gym,35%
2026-09-14T00:15:13.815679+00:00,Pasir Ris ActiveSG Gym,41%
2026-09-14T00:15:13.815679+00:00,Queenstown ActiveSG Gym,0%
2026-09-14T00:15:13.815679+00:00,Sengkang ActiveSG Gym,40%
2026-09-14T00:15:13.815679+00:00,Senja-Cashew ActiveSG Gym,68%
2026-09-14T00:15:13.815679+00:00,Tampines ActiveSG Gym,36%
2026-09-14T00:15:13.815679+00:00,Woodlands ActiveSG Gym,26%
2026-09-14T00:15:13.815679+00:00,Yio Chu Kang ActiveSG Gym,33%
2026-09-14T00:15:13.815679+00:00,Yishun ActiveSG Gym,29%
2026-09-14T00:30:14.037740+00:00,ActiveSG Gym @ Ang Mo Kio Community Centre,40%
2026-09-14T00:30:14.037740+00:00,ActiveSG Gym @ Enabling Village,0%
2026-09-14T00:30:14.037740+00:00,ActiveSG Gym @ Fernvale Square,53%
2026-09-14T00:30:14.037740+00:00,ActiveSG Gym @ Serangoon Central,57%
2026-09-14T00:30:14.037740+00:00,ActiveSG Gym @ Toa Payoh,49%
2026-09-14T00:30:14.037740+00:00,ActiveSG Gym @ Toa Payoh West Community Centre,25%
2026-09-14T00:30:14.037740+00:00,ActiveSG Hockey Village @ Boon Lay Gym,18%
2026-09-14T00:30:14.037740+00:00,ActiveSG Sport Park @ Teck Ghee ActiveSG Gym,33%
2026-09-14T00:30:14.037740+00:00,Bishan ActiveSG Gym,26%
2026-09-14T00:30:14.037740+00:00,Bukit Batok ActiveSG Gym,50%
2026-09-14T00:30:14.037740+00:00,Bukit Canberra ActiveSG Gym,32%
2026-09-14T00:30:14.037740+00:00,Bukit Gombak ActiveSG Gym,38%
2026-09-14T00:30:14.037740+00:00,Choa Chu Kang ActiveSG Gym,41%
2026-09-14T00:30:14.037740+00:00,Clementi ActiveSG Gym,52%
2026-09-14T00:30:14.037740+00:00,Delta ActiveSG Gym,0%
2026-09-14T00:30:14.037740+00:00,Heartbeat @ Bedok ActiveSG Gym,40%
2026-09-14T00:30:14.037740+00:00,Hougang ActiveSG Gym,33%
2026-09-14T00:30:14.037740+00:00,Jalan Besar ActiveSG Gym,53%
2026-09-14T00:30:14.037740+00:00,Jurong East ActiveSG Gym,26%
2026-09-14T00:30:14.037740+00:00,Jurong Lake Gardens ActiveSG Gym,23%
2026-09-14T00:30:14.037740+00:00,Jurong West ActiveSG Gym,22%
2026-09-14T00:30:14.037740+00:00,Katong ActiveSG Gym,35%
2026-09-14T00:30:14.037740+00:00,Pasir Ris ActiveSG Gym,44%
2026-09-14T00:30:14.037740+00:00,Queenstown ActiveSG Gym,0%
2026-09-14T00:30:14.037740+00:00,Sengkang ActiveSG Gym,40%
2026-09-14T00:30:14.037740+00:00,Senja-Cashew ActiveSG Gym,75%
2026-09-14T00:30:14.037740+00:00,Tampines ActiveSG Gym,37%
2026-09-14T00:30:14.037740+00:00,Woodlands ActiveSG Gym,29%
2026-09-14T00:30:14.037740+00:00,Yio Chu Kang ActiveSG Gym,33%
2026-09-14T00:30:14.037740+00:00,Yishun ActiveSG Gym,36%
2026-09-14T00:45:21.585534+00:00,ActiveSG Gym @ Ang Mo Kio Community Centre,45%
2026-09-14T00:45:21.585534+00:00,ActiveSG Gym @ Enabling Village,0%
2026-09-14T00:45:21.585534+00:00,ActiveSG Gym @ Fernvale Square,52%
2026-09-14T00:45:21.585534+00:00,ActiveSG Gym @ Serangoon Central,53%
2026-09-14T00:45:21.585534+00:00,ActiveSG Gym @ Toa Payoh,42%
2026-09-14T00:45:21.585534+00:00,ActiveSG Gym @ Toa Payoh West Community Centre,25%
2026-09-14T00:45:21.585534+00:00,ActiveSG Hockey Village @ Boon Lay Gym,20%
2026-09-14T00:45:21.585534+00:00,ActiveSG Sport Park @ Teck Ghee ActiveSG Gym,32%
2026-09-14T00:45:21.585534+00:00,Bishan ActiveSG Gym,33%
2026-09-14T00:45:21.585534+00:00,Bukit Batok ActiveSG Gym,50%
2026-09-14T00:45:21.585534+00:00,Bukit Canberra ActiveSG Gym,39%
2026-09-14T00:45:21.585534+00:00,Bukit Gombak ActiveSG Gym,37%
2026-09-14T00:45:21.585534+00:00,Choa Chu Kang ActiveSG Gym,42%
2026-09-14T00:45:21.585534+00:00,Clementi ActiveSG Gym,54%
2026-09-14T00:45:21.585534+00:00,Delta ActiveSG Gym,0%
2026-09-14T00:45:21.585534+00:00,Heartbeat @ Bedok ActiveSG Gym,35%
2026-09-14T00:45:21.585534+00:00,Hougang ActiveSG Gym,35%
2026-09-14T00:45:21.585534+00:00,Jalan Besar ActiveSG Gym,58%
2026-09-14T00:45:21.585534+00:00,Jurong East ActiveSG Gym,28%
2026-09-14T00:45:21.585534+00:00,Jurong Lake Gardens ActiveSG Gym,20%
2026-09-14T00:45:21.585534+00:00,Jurong West ActiveSG Gym,23%
2026-09-14T00:45:21.585534+00:00,Katong ActiveSG Gym,35%
2026-09-14T00:45:21.585534+00:00,Pasir Ris ActiveSG Gym,47%
2026-09-14T00:45:21.585534+00:00,Queenstown ActiveSG Gym,0%
2026-09-14T00:45:21.585534+00:00,Sengkang ActiveSG Gym,52%
2026-09-14T00:45:21.585534+00:00,Senja-Cashew ActiveSG Gym,77%
2026-09-14T00:45:21.585534+00:00,Tampines ActiveSG Gym,35%
2026-09-14T00:45:21.585534+00:00,Woodlands ActiveSG Gym,34%
2026-09-14T00:45:21.585534+00:00,Yio Chu Kang ActiveSG Gym,34%
2026-09-14T00:45:21.585534+00:00,Yishun ActiveSG Gym,34%
2026-09-14T00:49:37.792489+00:00,ActiveSG Gym @ Ang Mo Kio Community Centre,47%
2026-09-14T00:49:37.792489+00:00,ActiveSG Gym @ Enabling Village,0%
2026-09-14T00:49:37.792489+00:00,ActiveSG Gym @ Fernvale Square,48%
2026-09-14T00:49:37.792489+00:00,ActiveSG Gym @ Serangoon Central,53%
2026-09-14T00:49:37.792489+00:00,ActiveSG Gym @ Toa Payoh,42%
2026-09-14T00:49:37.792489+00:00,ActiveSG Gym @ Toa Payoh West Community Centre,19%
2026-09-14T00:49:37.792489+00:00,ActiveSG Hockey Village @ Boon Lay Gym,20%
2026-09-14T00:49:37.792489+00:00,ActiveSG Sport Park @ Teck Ghee ActiveSG Gym,34%
2026-09-14T00:49:37.792489+00:00,Bishan ActiveSG Gym,33%
2026-09-14T00:49:37.792489+00:00,Bukit Batok ActiveSG Gym,50%
2026-09-14T00:49:37.792489+00:00,Bukit Canberra ActiveSG Gym,39%
2026-09-14T00:49:37.792489+00:00,Bukit Gombak ActiveSG Gym,37%
2026-09-14T00:49:37.792489+00:00,Choa Chu Kang ActiveSG Gym,44%
2026-09-14T00:49:37.792489+00:00,Clementi ActiveSG Gym,52%
2026-09-14T00:49:37.792489+00:00,Delta ActiveSG Gym,0%
2026-09-14T00:49:37.792489+00:00,Heartbeat @ Bedok ActiveSG Gym,32%
2026-09-14T00:49:37.792489+00:00,Hougang ActiveSG Gym,35%
2026-09-14T00:49:37.792489+00:00,Jalan Besar ActiveSG Gym,60%
2026-09-14T00:49:37.792489+00:00,Jurong East ActiveSG Gym,27%
2026-09-14T00:49:37.792489+00:00,Jurong Lake Gardens ActiveSG Gym,19%
2026-09-14T00:49:37.792489+00:00,Jurong West ActiveSG Gym,24%
2026-09-14T00:49:37.792489+00:00,Katong ActiveSG Gym,35%
2026-09-14T00:49:37.792489+00:00,Pasir Ris ActiveSG Gym,51%
2026-09-14T00:49:37.792489+00:00,Queenstown ActiveSG Gym,0%
2026-09-14T00:49:37.792489+00:00,Sengkang ActiveSG Gym,51%
2026-09-14T00:49:37.792489+00:00,Senja-Cashew ActiveSG Gym,77%
2026-09-14T00:49:37.792489+00:00,Tampines ActiveSG Gym,36%
2026-09-14T00:49:37.792489+00:00,Woodlands ActiveSG Gym,34%
2026-09-14T00:49:37.792489+00:00,Yio Chu Kang ActiveSG Gym,35%
2026-09-14T00:49:37.792489+00:00,Yishun ActiveSG Gym,37%
2026-09-14T01:00:14.643371+00:00,ActiveSG Gym @ Ang Mo Kio Community Centre,45%
2026-09-14T01:00:14.643371+00:00,ActiveSG Gym @ Enabling Village,0%
2026-09-14T01:00:14.643371+00:00,ActiveSG Gym @ Fernvale Square,40%
2026-09-14T01:00:14.643371+00:00,ActiveSG Gym @ Serangoon Central,50%
2026-09-14T01:00:14.643371+00:00,ActiveSG Gym @ Toa Payoh,46%
2026-09-14T01:00:14.643371+00:00,ActiveSG Gym @ Toa Payoh West Community Centre,25%
2026-09-14T01:00:14.643371+00:00,ActiveSG Hockey Village @ Boon Lay Gym,20%
2026-09-14T01:00:14.643371+00:00,ActiveSG Sport Park @ Teck Ghee ActiveSG Gym,34%
2026-09-14T01:00:14.643371+00:00,Bishan ActiveSG Gym,35%
2026-09-14T01:00:14.643371+00:00,Bukit Batok ActiveSG Gym,50%
2026-09-14T01:00:14.643371+00:00,Bukit Canberra ActiveSG Gym,40%
2026-09-14T01:00:14.643371+00:00,Bukit Gombak ActiveSG Gym,37%
2026-09-14T01:00:14.643371+00:00,Choa Chu Kang ActiveSG Gym,44%
2026-09-14T01:00:14.643371+00:00,Clementi ActiveSG Gym,49%
2026-09-14T01:00:14.643371+00:00,Delta ActiveSG Gym,0%
2026-09-14T01:00:14.643371+00:00,Heartbeat @ Bedok ActiveSG Gym,34%
2026-09-14T01:00:14.643371+00:00,Hougang ActiveSG Gym,36%
2026-09-14T01:00:14.643371+00:00,Jalan Besar ActiveSG Gym,54%
2026-09-14T01:00:14.643371+00:00,Jurong East ActiveSG Gym,26%
2026-09-14T01:00:14.643371+00:00,Jurong Lake Gardens ActiveSG Gym,19%
2026-09-14T01:00:14.643371+00:00,Jurong West ActiveSG Gym,23%
2026-09-14T01:00:14.643371+00:00,Katong ActiveSG Gym,35%
2026-09-14T01:00:14.643371+00:00,Pasir Ris ActiveSG Gym,46%
2026-09-14T01:00:14.643371+00:00,Queenstown ActiveSG Gym,0%
2026-09-14T01:00:14.643371+00:00,Sengkang ActiveSG Gym,58%
2026-09-14T01:00:14.643371+00:00,Senja-Cashew ActiveSG Gym,78%
2026-09-14T01:00:14.643371+00:00,Tampines ActiveSG Gym,37%
2026-09-14T01:00:14.643371+00:00,Woodlands ActiveSG Gym,33%
2026-09-14T01:00:14.643371+00:00,Yio Chu Kang ActiveSG Gym,37%
2026-09-14T01:00:14.643371+00:00,Yishun ActiveSG Gym,36%
2026-09-14T01:15:13.859146+00:00,ActiveSG Gym @ Ang Mo Kio Community Centre,47%
2026-09-14T01:15:13.859146+00:00,ActiveSG Gym @ Enabling Village,0%
2026-09-14T01:15:13.859146+00:00,ActiveSG Gym @ Fernvale Square,45%
2026-09-14T01:15:13.859146+00:00,ActiveSG Gym @ Serangoon Central,57%
2026-09-14T01:15:13.859146+00:00,ActiveSG Gym @ Toa Payoh,52%
2026-09-14T01:15:13.859146+00:00,ActiveSG Gym @ Toa Payoh West Community Centre,29%
2026-09-14T01:15:13.859146+00:00,ActiveSG Hockey Village @ Boon Lay Gym,23%
2026-09-14T01:15:13.859146+00:00,ActiveSG Sport Park @ Teck Ghee ActiveSG Gym,35%
2026-09-14T01:15:13.859146+00:00,Bishan ActiveSG Gym,32%
2026-09-14T01:15:13.859146+00:00,Bukit Batok ActiveSG Gym,50%
2026-09-14T01:15:13.859146+00:00,Bukit Canberra ActiveSG Gym,39%
2026-09-14T01:15:13.859146+00:00,Bukit Gombak ActiveSG Gym,47%
2026-09-14T01:15:13.859146+00:00,Choa Chu Kang ActiveSG Gym,45%
2026-09-14T01:15:13.859146+00:00,Clementi ActiveSG Gym,54%
2026-09-14T01:15:13.859146+00:00,Delta ActiveSG Gym,0%
2026-09-14T01:15:13.859146+00:00,Heartbeat @ Bedok ActiveSG Gym,31%
2026-09-14T01:15:13.859146+00:00,Hougang ActiveSG Gym,37%
2026-09-14T01:15:13.859146+00:00,Jalan Besar ActiveSG Gym,65%
2026-09-14T01:15:13.859146+00:00,Jurong East ActiveSG Gym,28%
2026-09-14T01:15:13.859146+00:00,Jurong Lake Gardens ActiveSG Gym,21%
2026-09-14T01:15:13.859146+00:00,Jurong West ActiveSG Gym,26%
2026-09-14T01:15:13.859146+00:00,Katong ActiveSG Gym,38%
2026-09-14T01:15:13.859146+00:00,Pasir Ris ActiveSG Gym,54%
2026-09-14T01:15:13.859146+00:00,Queenstown ActiveSG Gym,0%
2026-09-14T01:15:13.859146+00:00,Sengkang ActiveSG Gym,56%
2026-09-14T01:15:13.859146+00:00,Senja-Cashew ActiveSG Gym,88%
2026-09-14T01:15:13.859146+00:00,Tampines ActiveSG Gym,40%
2026-09-14T01:15:13.859146+00:00,Woodlands ActiveSG Gym,36%
2026-09-14T01:15:13.859146+00:00,Yio Chu Kang ActiveSG Gym,37%
2026-09-14T01:15:13.859146+00:00,Yishun ActiveSG Gym,41%
2026-09-14T01:30:15.562198+00:00,ActiveSG Gym @ Ang Mo Kio Community Centre,47%
2026-09-14T01:30:15.562198+00:00,ActiveSG Gym @ Enabling Village,0%
2026-09-14T01:30:15.562198+00:00,ActiveSG Gym @ Fernvale Square,45%
2026-09-14T01:30:15.562198+00:00,ActiveSG Gym @ Serangoon Central,60%
2026-09-14T01:30:15.562198+00:00,ActiveSG Gym @ Toa Payoh,57%
2026-09-14T01:30:15.562198+00:00,ActiveSG Gym @ Toa Payoh West Community Centre,29%
2026-09-14T01:30:15.562198+00:00,ActiveSG Hockey Village @ Boon Lay Gym,26%
2026-09-14T01:30:15.562198+00:00,ActiveSG Sport Park @ Teck Ghee ActiveSG Gym,37%
2026-09-14T01:30:15.562198+00:00,Bishan ActiveSG Gym,38%
2026-09-14T01:30:15.562198+00:00,Bukit Batok ActiveSG Gym,50%
2026-09-14T01:30:15.562198+00:00,Bukit Canberra ActiveSG Gym,37%
2026-09-14T01:30:15.562198+00:00,Bukit Gombak ActiveSG Gym,51%
2026-09-14T01:30:15.562198+00:00,Choa Chu Kang ActiveSG Gym,43%
2026-09-14T01:30:15.562198+00:00,Clementi ActiveSG Gym,54%
2026-09-14T01:30:15.562198+00:00,Delta ActiveSG Gym,0%
2026-09-14T01:30:15.562198+00:00,Heartbeat @ Bedok ActiveSG Gym,35%
2026-09-14T01:30:15.562198+00:00,Hougang ActiveSG Gym,35%
2026-09-14T01:30:15.562198+00:00,Jalan Besar ActiveSG Gym,65%
2026-09-14T01:30:15.562198+00:00,Jurong East ActiveSG Gym,32%
2026-09-14T01:30:15.562198+00:00,Jurong Lake Gardens ActiveSG Gym,24%
2026-09-14T01:30:15.562198+00:00,Jurong West ActiveSG Gym,26%
2026-09-14T01:30:15.562198+00:00,Katong ActiveSG Gym,42%
2026-09-14T01:30:15.562198+00:00,Pasir Ris ActiveSG Gym,55%
2026-09-14T01:30:15.562198+00:00,Queenstown ActiveSG Gym,0%
2026-09-14T01:30:15.562198+00:00,Sengkang ActiveSG Gym,55%
2026-09-14T01:30:15.562198+00:00,Senja-Cashew ActiveSG Gym,86%
2026-09-14T01:30:15.562198+00:00,Tampines ActiveSG Gym,40%
2026-09-14T01:30:15.562198+00:00,Woodlands ActiveSG Gym,39%
2026-09-14T01:30:15.562198+00:00,Yio Chu Kang ActiveSG Gym,33%
2026-09-14T01:30:15.562198+00:00,Yishun ActiveSG Gym,56%
2026-09-14T01:45:14.230552+00:00,ActiveSG Gym @ Ang Mo Kio Community Centre,45%
2026-09-14T01:45:14.230552+00:00,ActiveSG Gym @ Enabling Village,0%
2026-09-14T01:45:14.230552+00:00,ActiveSG Gym @ Fernvale Square,40%
2026-09-14T01:45:14.230552+00:00,ActiveSG Gym @ Serangoon Central,57%
2026-09-14T01:45:14.230552+00:00,ActiveSG Gym @ Toa Payoh,57%
2026-09-14T01:45:14.230552+00:00,ActiveSG Gym @ Toa Payoh West Community Centre,23%
2026-09-14T01:45:14.230552+00:00,ActiveSG Hockey Village @ Boon Lay Gym,26%
2026-09-14T01:45:14.230552+00:00,ActiveSG Sport Park @ Teck Ghee ActiveSG Gym,38%
2026-09-14T01:45:14.230552+00:00,Bishan ActiveSG Gym,39%
2026-09-14T01:45:14.230552+00:00,Bukit Batok ActiveSG Gym,45%
2026-09-14T01:45:14.230552+00:00,Bukit Canberra ActiveSG Gym,35%
2026-09-14T01:45:14.230552+00:00,Bukit Gombak ActiveSG Gym,48%
2026-09-14T01:45:14.230552+00:00,Choa Chu Kang ActiveSG Gym,45%
2026-09-14T01:45:14.230552+00:00,Clementi ActiveSG Gym,62%
2026-09-14T01:45:14.230552+00:00,Delta ActiveSG Gym,0%
2026-09-14T01:45:14.230552+00:00,Heartbeat @ Bedok ActiveSG Gym,42%
2026-09-14T01:45:14.230552+00:00,Hougang ActiveSG Gym,40%
2026-09-14T01:45:14.230552+00:00,Jalan Besar ActiveSG Gym,65%
2026-09-14T01:45:14.230552+00:00,Jurong East ActiveSG Gym,33%
2026-09-14T01:45:14.230552+00:00,Jurong Lake Gardens ActiveSG Gym,27%
2026-09-14T01:45:14.230552+00:00,Jurong West ActiveSG Gym,27%
2026-09-14T01:45:14.230552+00:00,Katong ActiveSG Gym,42%
2026-09-14T01:45:14.230552+00:00,Pasir Ris ActiveSG Gym,53%
2026-09-14T01:45:14.230552+00:00,Queenstown ActiveSG Gym,0%
2026-09-14T01:45:14.230552+00:00,Sengkang ActiveSG Gym,54%
2026-09-14T01:45:14.230552+00:00,Senja-Cashew ActiveSG Gym,83%
2026-09-14T01:45:14.230552+00:00,Tampines ActiveSG Gym,41%
2026-09-14T01:45:14.230552+00:00,Woodlands ActiveSG Gym,40%
2026-09-14T01:45:14.230552+00:00,Yio Chu Kang ActiveSG Gym,28%
2026-09-14T01:45:14.230552+00:00,Yishun ActiveSG Gym,62%
2026-09-14T02:00:14.198039+00:00,ActiveSG Gym @ Ang Mo Kio Community Centre,57%
2026-09-14T02:00:14.198039+00:00,ActiveSG Gym @ Enabling Village,0%
2026-09-14T02:00:14.198039+00:00,ActiveSG Gym @ Fernvale Square,35%
2026-09-14T02:00:14.198039+00:00,ActiveSG Gym @ Serangoon Central,47%
2026-09-14T02:00:14.198039+00:00,ActiveSG Gym @ Toa Payoh,63%
2026-09-14T02:00:14.198039+00:00,ActiveSG Gym @ Toa Payoh West Community Centre,23%
2026-09-14T02:00:14.198039+00:00,ActiveSG Hockey Village @ Boon Lay Gym,28%
2026-09-14T02:00:14.198039+00:00,ActiveSG Sport Park @ Teck Ghee ActiveSG Gym,37%
2026-09-14T02:00:14.198039+00:00,Bishan ActiveSG Gym,37%
2026-09-14T02:00:14.198039+00:00,Bukit Batok ActiveSG Gym,45%
2026-09-14T02:00:14.198039+00:00,Bukit Canberra ActiveSG Gym,37%
2026-09-14T02:00:14.198039+00:00,Bukit Gombak ActiveSG Gym,47%
2026-09-14T02:00:14.198039+00:00,Choa Chu Kang ActiveSG Gym,43%
2026-09-14T02:00:14.198039+00:00,Clementi ActiveSG Gym,64%
2026-09-14T02:00:14.198039+00:00,Delta ActiveSG Gym,0%
2026-09-14T02:00:14.198039+00:00,Heartbeat @ Bedok ActiveSG Gym,40%
2026-09-14T02:00:14.198039+00:00,Hougang ActiveSG Gym,40%
2026-09-14T02:00:14.198039+00:00,Jalan Besar ActiveSG Gym,67%
2026-09-14T02:00:14.198039+00:00,Jurong East ActiveSG Gym,32%
2026-09-14T02:00:14.198039+00:00,Jurong Lake Gardens ActiveSG Gym,27%
2026-09-14T02:00:14.198039+00:00,Jurong West ActiveSG Gym,30%
2026-09-14T02:00:14.198039+00:00,Katong ActiveSG Gym,37%
2026-09-14T02:00:14.198039+00:00,Pasir Ris ActiveSG Gym,48%
2026-09-14T02:00:14.198039+00:00,Queenstown ActiveSG Gym,0%
2026-09-14T02:00:14.198039+00:00,Sengkang ActiveSG Gym,62%
2026-09-14T02:00:14.198039+00:00,Senja-Cashew ActiveSG Gym,82%
2026-09-14T02:00:14.198039+00:00,Tampines ActiveSG Gym,43%
2026-09-14T02:00:14.198039+00:00,Woodlands ActiveSG Gym,46%
2026-09-14T02:00:14.198039+00:00,Yio Chu Kang ActiveSG Gym,33%
2026-09-14T02:00:14.198039+00:00,Yishun ActiveSG Gym,57%
2026-09-14T02:15:13.865096+00:00,ActiveSG Gym @ Ang Mo Kio Community Centre,45%
2026-09-14T02:15:13.865096+00:00,ActiveSG Gym @ Enabling Village,0%
2026-09-14T02:15:13.865096+00:00,ActiveSG Gym @ Fernvale Square,38%
2026-09-14T02:15:13.865096+00:00,ActiveSG Gym @ Serangoon Central,50%
2026-09-14T02:15:13.865096+00:00,ActiveSG Gym @ Toa Payoh,64%
2026-09-14T02:15:13.865096+00:00,ActiveSG Gym @ Toa Payoh West Community Centre,21%
2026-09-14T02:15:13.865096+00:00,ActiveSG Hockey Village @ Boon Lay Gym,28%
2026-09-14T02:15:13.865096+00:00,ActiveSG Sport Park @ Teck Ghee ActiveSG Gym,34%
2026-09-14T02:15:13.865096+00:00,Bishan ActiveSG Gym,36%
2026-09-14T02:15:13.865096+00:00,Bukit Batok ActiveSG Gym,45%
2026-09-14T02:15:13.865096+00:00,Bukit Canberra ActiveSG Gym,37%
2026-09-14T02:15:13.865096+00:00,Bukit Gombak ActiveSG Gym,43%
2026-09-14T02:15:13.865096+00:00,Choa Chu Kang ActiveSG Gym,45%
2026-09-14T02:15:13.865096+00:00,Clementi ActiveSG Gym,64%
2026-09-14T02:15:13.865096+00:00,Delta ActiveSG Gym,0%
2026-09-14T02:15:13.865096+00:00,Heartbeat @ Bedok ActiveSG Gym,40%
2026-09-14T02:15:13.865096+00:00,Hougang ActiveSG Gym,43%
2026-09-14T02:15:13.865096+00:00,Jalan Besar ActiveSG Gym,66%
2026-09-14T02:15:13.865096+00:00,Jurong East ActiveSG Gym,35%
2026-09-14T02:15:13.865096+00:00,Jurong Lake Gardens ActiveSG Gym,30%
2026-09-14T02:15:13.865096+00:00,Jurong West ActiveSG Gym,33%
2026-09-14T02:15:13.865096+00:00,Katong ActiveSG Gym,37%
2026-09-14T02:15:13.865096+00:00,Pasir Ris ActiveSG Gym,45%
2026-09-14T02:15:13.865096+00:00,Queenstown ActiveSG Gym,0%
2026-09-14T02:15:13.865096+00:00,Sengkang ActiveSG Gym,56%
2026-09-14T02:15:13.865096+00:00,Senja-Cashew ActiveSG Gym,80%
2026-09-14T02:15:13.865096+00:00,Tampines ActiveSG Gym,40%
2026-09-14T02:15:13.865096+00:00,Woodlands ActiveSG Gym,46%
2026-09-14T02:15:13.865096+00:00,Yio Chu Kang ActiveSG Gym,30%
2026-09-14T02:15:13.865096+00:00,Yishun ActiveSG Gym,47%
2026-09-14T02:30:14.073098+00:00,ActiveSG Gym @ Ang Mo Kio Community Centre,42%
2026-09-14T02:30:14.073098+00:00,ActiveSG Gym @ Enabling Village,0%
2026-09-14T02:30:14.073098+00:00,ActiveSG Gym @ Fernvale Square,48%
2026-09-14T02:30:14.073098+00:00,ActiveSG Gym @ Serangoon Central,50%
2026-09-14T02:30:14.073098+00:00,ActiveSG Gym @ Toa Payoh,62%
2026-09-14T02:30:14.073098+00:00,ActiveSG Gym @ Toa Payoh West Community Centre,28%
2026-09-14T02:30:14.073098+00:00,ActiveSG Hockey Village @ Boon Lay Gym,29%
2026-09-14T02:30:14.073098+00:00,ActiveSG Sport Park @ Teck Ghee ActiveSG Gym,37%
2026-09-14T02:30:14.073098+00:00,Bishan ActiveSG Gym,45%
2026-09-14T02:30:14.073098+00:00,Bukit Batok ActiveSG Gym,50%
2026-09-14T02:30:14.073098+00:00,Bukit Canberra ActiveSG Gym,38%
2026-09-14T02:30:14.073098+00:00,Bukit Gombak ActiveSG Gym,43%
2026-09-14T02:30:14.073098+00:00,Choa Chu Kang ActiveSG Gym,48%
2026-09-14T02:30:14.073098+00:00,Clementi ActiveSG Gym,71%
2026-09-14T02:30:14.073098+00:00,Delta ActiveSG Gym,0%
2026-09-14T02:30:14.073098+00:00,Heartbeat @ Bedok ActiveSG Gym,38%
2026-09-14T02:30:14.073098+00:00,Hougang ActiveSG Gym,45%
2026-09-14T02:30:14.073098+00:00,Jalan Besar ActiveSG Gym,64%
2026-09-14T02:30:14.073098+00:00,Jurong East ActiveSG Gym,41%
2026-09-14T02:30:14.073098+00:00,Jurong Lake Gardens ActiveSG Gym,31%
2026-09-14T02:30:14.073098+00:00,Jurong West ActiveSG Gym,35%
2026-09-14T02:30:14.073098+00:00,Katong ActiveSG Gym,35%
2026-09-14T02:30:14.073098+00:00,Pasir Ris ActiveSG Gym,47%
2026-09-14T02:30:14.073098+00:00,Queenstown ActiveSG Gym,0%
2026-09-14T02:30:14.073098+00:00,Sengkang ActiveSG Gym,58%
2026-09-14T02:30:14.073098+00:00,Senja-Cashew ActiveSG Gym,75%
2026-09-14T02:30:14.073098+00:00,Tampines ActiveSG Gym,42%
2026-09-14T02:30:14.073098+00:00,Woodlands ActiveSG Gym,42%
2026-09-14T02:30:14.073098+00:00,Yio Chu Kang ActiveSG Gym,33%
2026-09-14T02:30:14.073098+00:00,Yishun ActiveSG Gym,47%
2026-09-14T02:45:14.158898+00:00,ActiveSG Gym @ Ang Mo Kio Community Centre,35%
2026-09-14T02:45:14.158898+00:00,ActiveSG Gym @ Enabling Village,0%
2026-09-14T02:45:14.158898+00:00,ActiveSG Gym @ Fernvale Square,52%
2026-09-14T02:45:14.158898+00:00,ActiveSG Gym @ Serangoon Central,63%
2026-09-14T02:45:14.158898+00:00,ActiveSG Gym @ Toa Payoh,66%
2026-09-14T02:45:14.158898+00:00,ActiveSG Gym @ Toa Payoh West Community Centre,35%
2026-09-14T02:45:14.158898+00:00,ActiveSG Hockey Village @ Boon Lay Gym,28%
2026-09-14T02:45:14.158898+00:00,ActiveSG Sport Park @ Teck Ghee ActiveSG Gym,41%
2026-09-14T02:45:14.158898+00:00,Bishan ActiveSG Gym,41%
2026-09-14T02:45:14.158898+00:00,Bukit Batok ActiveSG Gym,50%
2026-09-14T02:45:14.158898+00:00,Bukit Canberra ActiveSG Gym,37%
2026-09-14T02:45:14.158898+00:00,Bukit Gombak ActiveSG Gym,40%
2026-09-14T02:45:14.158898+00:00,Choa Chu Kang ActiveSG Gym,46%
2026-09-14T02:45:14.158898+00:00,Clementi ActiveSG Gym,68%
2026-09-14T02:45:14.158898+00:00,Delta ActiveSG Gym,0%
2026-09-14T02:45:14.158898+00:00,Heartbeat @ Bedok ActiveSG Gym,36%
2026-09-14T02:45:14.158898+00:00,Hougang ActiveSG Gym,54%
2026-09-14T02:45:14.158898+00:00,Jalan Besar ActiveSG Gym,67%
2026-09-14T02:45:14.158898+00:00,Jurong East ActiveSG Gym,44%
2026-09-14T02:45:14.158898+00:00,Jurong Lake Gardens ActiveSG Gym,33%
2026-09-14T02:45:14.158898+00:00,Jurong West ActiveSG Gym,33%
2026-09-14T02:45:14.158898+00:00,Katong ActiveSG Gym,35%
2026-09-14T02:45:14.158898+00:00,Pasir Ris ActiveSG Gym,45%
2026-09-14T02:45:14.158898+00:00,Queenstown ActiveSG Gym,0%
2026-09-14T02:45:14.158898+00:00,Sengkang ActiveSG Gym,56%
2026-09-14T02:45:14.158898+00:00,Senja-Cashew ActiveSG Gym,68%
2026-09-14T02:45:14.158898+00:00,Tampines ActiveSG Gym,48%
2026-09-14T02:45:14.158898+00:00,Woodlands ActiveSG Gym,41%
2026-09-14T02:45:14.158898+00:00,Yio Chu Kang ActiveSG Gym,35%
2026-09-14T02:45:14.158898+00:00,Yishun ActiveSG Gym,51%
2026-09-14T03:00:14.099704+00:00,ActiveSG Gym @ Ang Mo Kio Community Centre,37%
2026-09-14T03:00:14.099704+00:00,ActiveSG Gym @ Enabling Village,0%
2026-09-14T03:00:14.099704+00:00,ActiveSG Gym @ Fernvale Square,60%
2026-09-14T03:00:14.099704+00:00,ActiveSG Gym @ Serangoon Central,73%
2026-09-14T03:00:14.099704+00:00,ActiveSG Gym @ Toa Payoh,61%
2026-09-14T03:00:14.099704+00:00,ActiveSG Gym @ Toa Payoh West Community Centre,31%
2026-09-14T03:00:14.099704+00:00,ActiveSG Hockey Village @ Boon Lay Gym,29%
2026-09-14T03:00:14.099704+00:00,ActiveSG Sport Park @ Teck Ghee ActiveSG Gym,41%
2026-09-14T03:00:14.099704+00:00,Bishan ActiveSG Gym,37%
2026-09-14T03:00:14.099704+00:00,Bukit Batok ActiveSG Gym,50%
2026-09-14T03:00:14.099704+00:00,Bukit Canberra ActiveSG Gym,42%
2026-09-14T03:00:14.099704+00:00,Bukit Gombak ActiveSG Gym,40%
2026-09-14T03:00:14.099704+00:00,Choa Chu Kang ActiveSG Gym,44%
2026-09-14T03:00:14.099704+00:00,Clementi ActiveSG Gym,62%
2026-09-14T03:00:14.099704+00:00,Delta ActiveSG Gym,0%
2026-09-14T03:00:14.099704+00:00,Heartbeat @ Bedok ActiveSG Gym,41%
2026-09-14T03:00:14.099704+00:00,Hougang ActiveSG Gym,52%
2026-09-14T03:00:14.099704+00:00,Jalan Besar ActiveSG Gym,76%
2026-09-14T03:00:14.099704+00:00,Jurong East ActiveSG Gym,47%
2026-09-14T03:00:14.099704+00:00,Jurong Lake Gardens ActiveSG Gym,33%
2026-09-14T03:00:14.099704+00:00,Jurong West ActiveSG Gym,32%
2026-09-14T03:00:14.099704+00:00,Katong ActiveSG Gym,35%
2026-09-14T03:00:14.099704+00:00,Pasir Ris ActiveSG Gym,48%
2026-09-14T03:00:14.099704+00:00,Queenstown ActiveSG Gym,0%
2026-09-14T03:00:14.099704+00:00,Sengkang ActiveSG Gym,58%
2026-09-14T03:00:14.099704+00:00,Senja-Cashew ActiveSG Gym,65%
2026-09-14T03:00:14.099704+00:00,Tampines ActiveSG Gym,56%
2026-09-14T03:00:14.099704+00:00,Woodlands ActiveSG Gym,43%
2026-09-14T03:00:14.099704+00:00,Yio Chu Kang ActiveSG Gym,38%
2026-09-14T03:00:14.099704+00:00,Yishun ActiveSG Gym,48%
2026-09-14T03:15:14.136090+00:00,ActiveSG Gym @ Ang Mo Kio Community Centre,30%
2026-09-14T03:15:14.136090+00:00,ActiveSG Gym @ Enabling Village,0%
2026-09-14T03:15:14.136090+00:00,ActiveSG Gym @ Fernvale Square,62%
2026-09-14T03:15:14.136090+00:00,ActiveSG Gym @ Serangoon Central,77%
2026-09-14T03:15:14.136090+00:00,ActiveSG Gym @ Toa Payoh,61%
2026-09-14T03:15:14.136090+00:00,ActiveSG Gym @ Toa Payoh West Community Centre,31%
2026-09-14T03:15:14.136090+00:00,ActiveSG Hockey Village @ Boon Lay Gym,29%
2026-09-14T03:15:14.136090+00:00,ActiveSG Sport Park @ Teck Ghee ActiveSG Gym,38%
2026-09-14T03:15:14.136090+00:00,Bishan ActiveSG Gym,45%
2026-09-14T03:15:14.136090+00:00,Bukit Batok ActiveSG Gym,63%
2026-09-14T03:15:14.136090+00:00,Bukit Canberra ActiveSG Gym,42%
2026-09-14T03:15:14.136090+00:00,Bukit Gombak ActiveSG Gym,40%
2026-09-14T03:15:14.136090+00:00,Choa Chu Kang ActiveSG Gym,47%
2026-09-14T03:15:14.136090+00:00,Clementi ActiveSG Gym,67%
2026-09-14T03:15:14.136090+00:00,Delta ActiveSG Gym,0%
2026-09-14T03:15:14.136090+00:00,Heartbeat @ Bedok ActiveSG Gym,42%
2026-09-14T03:15:14.136090+00:00,Hougang ActiveSG Gym,47%
2026-09-14T03:15:14.136090+00:00,Jalan Besar ActiveSG Gym,54%
2026-09-14T03:15:14.136090+00:00,Jurong East ActiveSG Gym,46%
2026-09-14T03:15:14.136090+00:00,Jurong Lake Gardens ActiveSG Gym,33%
2026-09-14T03:15:14.136090+00:00,Jurong West ActiveSG Gym,30%
2026-09-14T03:15:14.136090+00:00,Katong ActiveSG Gym,35%
2026-09-14T03:15:14.136090+00:00,Pasir Ris ActiveSG Gym,40%
2026-09-14T03:15:14.136090+00:00,Queenstown ActiveSG Gym,0%
2026-09-14T03:15:14.136090+00:00,Sengkang ActiveSG Gym,60%
2026-09-14T03:15:14.136090+00:00,Senja-Cashew ActiveSG Gym,65%
2026-09-14T03:15:14.136090+00:00,Tampines ActiveSG Gym,57%
2026-09-14T03:15:14.136090+00:00,Woodlands ActiveSG Gym,42%
2026-09-14T03:15:14.136090+00:00,Yio Chu Kang ActiveSG Gym,37%
2026-09-14T03:15:14.136090+00:00,Yishun ActiveSG Gym,32%
2026-09-14T03:30:13.811872+00:00,ActiveSG Gym @ Ang Mo Kio Community Centre,28%
2026-09-14T03:30:13.811872+00:00,ActiveSG Gym @ Enabling Village,0%
2026-09-14T03:30:13.811872+00:00,ActiveSG Gym @ Fernvale Square,65%
2026-09-14T03:30:13.811872+00:00,ActiveSG Gym @ Serangoon Central,77%
2026-09-14T03:30:13.811872+00:00,ActiveSG Gym @ Toa Payoh,58%
2026-09-14T03:30:13.811872+00:00,ActiveSG Gym @ Toa Payoh West Community Centre,32%
2026-09-14T03:30:13.811872+00:00,ActiveSG Hockey Village @ Boon Lay Gym,30%
2026-09-14T03:30:13.811872+00:00,ActiveSG Sport Park @ Teck Ghee ActiveSG Gym,35%
2026-09-14T03:30:13.811872+00:00,Bishan ActiveSG Gym,46%
2026-09-14T03:30:13.811872+00:00,Bukit Batok ActiveSG Gym,65%
2026-09-14T03:30:13.811872+00:00,Bukit Canberra ActiveSG Gym,38%
2026-09-14T03:30:13.811872+00:00,Bukit Gombak ActiveSG Gym,40%
2026-09-14T03:30:13.811872+00:00,Choa Chu Kang ActiveSG Gym,47%
2026-09-14T03:30:13.811872+00:00,Clementi ActiveSG Gym,71%
2026-09-14T03:30:13.811872+00:00,Delta ActiveSG Gym,0%
2026-09-14T03:30:13.811872+00:00,Heartbeat @ Bedok ActiveSG Gym,45%
2026-09-14T03:30:13.811872+00:00,Hougang ActiveSG Gym,49%
2026-09-14T03:30:13.811872+00:00,Jalan Besar ActiveSG Gym,59%
2026-09-14T03:30:13.811872+00:00,Jurong East ActiveSG Gym,44%
2026-09-14T03:30:13.811872+00:00,Jurong Lake Gardens ActiveSG Gym,33%
2026-09-14T03:30:13.811872+00:00,Jurong West ActiveSG Gym,30%
2026-09-14T03:30:13.811872+00:00,Katong ActiveSG Gym,35%
2026-09-14T03:30:13.811872+00:00,Pasir Ris ActiveSG Gym,45%
2026-09-14T03:30:13.811872+00:00,Queenstown ActiveSG Gym,0%
2026-09-14T03:30:13.811872+00:00,Sengkang ActiveSG Gym,61%
2026-09-14T03:30:13.811872+00:00,Senja-Cashew ActiveSG Gym,71%
2026-09-14T03:30:13.811872+00:00,Tampines ActiveSG Gym,55%
2026-09-14T03:30:13.811872+00:00,Woodlands ActiveSG Gym,36%
2026-09-14T03:30:13.811872+00:00,Yio Chu Kang ActiveSG Gym,38%
2026-09-14T03:30:13.811872+00:00,Yishun ActiveSG Gym,38%
2026-09-14T03:45:42.465961+00:00,ActiveSG Gym @ Ang Mo Kio Community Centre,33%
2026-09-14T03:45:42.465961+00:00,ActiveSG Gym @ Enabling Village,0%
2026-09-14T03:45:42.465961+00:00,ActiveSG Gym @ Fernvale Square,65%
2026-09-14T03:45:42.465961+00:00,ActiveSG Gym @ Serangoon Central,70%
2026-09-14T03:45:42.465961+00:00,ActiveSG Gym @ Toa Payoh,50%
2026-09-14T03:45:42.465961+00:00,ActiveSG Gym @ Toa Payoh West Community Centre,28%
2026-09-14T03:45:42.465961+00:00,ActiveSG Hockey Village @ Boon Lay Gym,27%
2026-09-14T03:45:42.465961+00:00,ActiveSG Sport Park @ Teck Ghee ActiveSG Gym,34%
2026-09-14T03:45:42.465961+00:00,Bishan ActiveSG Gym,51%
2026-09-14T03:45:42.465961+00:00,Bukit Batok ActiveSG Gym,53%
2026-09-14T03:45:42.465961+00:00,Bukit Canberra ActiveSG Gym,43%
2026-09-14T03:45:42.465961+00:00,Bukit Gombak ActiveSG Gym,40%
2026-09-14T03:45:42.465961+00:00,Choa Chu Kang ActiveSG Gym,45%
2026-09-14T03:45:42.465961+00:00,Clementi ActiveSG Gym,76%
2026-09-14T03:45:42.465961+00:00,Delta ActiveSG Gym,0%
2026-09-14T03:45:42.465961+00:00,Heartbeat @ Bedok ActiveSG Gym,44%
2026-09-14T03:45:42.465961+00:00,Hougang ActiveSG Gym,53%
2026-09-14T03:45:42.465961+00:00,Jalan Besar ActiveSG Gym,69%
2026-09-14T03:45:42.465961+00:00,Jurong East ActiveSG Gym,44%
2026-09-14T03:45:42.465961+00:00,Jurong Lake Gardens ActiveSG Gym,31%
2026-09-14T03:45:42.465961+00:00,Jurong West ActiveSG Gym,31%
2026-09-14T03:45:42.465961+00:00,Katong ActiveSG Gym,35%
2026-09-14T03:45:42.465961+00:00,Pasir Ris ActiveSG Gym,30%
2026-09-14T03:45:42.465961+00:00,Queenstown ActiveSG Gym,0%
2026-09-14T03:45:42.465961+00:00,Sengkang ActiveSG Gym,55%
2026-09-14T03:45:42.465961+00:00,Senja-Cashew ActiveSG Gym,69%
2026-09-14T03:45:42.465961+00:00,Tampines ActiveSG Gym,56%
2026-09-14T03:45:42.465961+00:00,Woodlands ActiveSG Gym,33%
2026-09-14T03:45:42.465961+00:00,Yio Chu Kang ActiveSG Gym,37%
2026-09-14T03:45:42.465961+00:00,Yishun ActiveSG Gym,34%
2026-09-14T04:00:13.812709+00:00,ActiveSG Gym @ Ang Mo Kio Community Centre,38%
2026-09-14T04:00:13.812709+00:00,ActiveSG Gym @ Enabling Village,0%
2026-09-14T04:00:13.812709+00:00,ActiveSG Gym @ Fernvale Square,70%
2026-09-14T04:00:13.812709+00:00,ActiveSG Gym @ Serangoon Central,67%
2026-09-14T04:00:13.812709+00:00,ActiveSG Gym @ Toa Payoh,42%
2026-09-14T04:00:13.812709+00:00,ActiveSG Gym @ Toa Payoh West Community Centre,28%
2026-09-14T04:00:13.812709+00:00,ActiveSG Hockey Village @ Boon Lay Gym,27%
2026-09-14T04:00:13.812709+00:00,ActiveSG Sport Park @ Teck Ghee ActiveSG Gym,36%
2026-09-14T04:00:13.812709+00:00,Bishan ActiveSG Gym,53%
2026-09-14T04:00:13.812709+00:00,Bukit Batok ActiveSG Gym,43%
2026-09-14T04:00:13.812709+00:00,Bukit Canberra ActiveSG Gym,45%
2026-09-14T04:00:13.812709+00:00,Bukit Gombak ActiveSG Gym,44%
2026-09-14T04:00:13.812709+00:00,Choa Chu Kang ActiveSG Gym,38%
2026-09-14T04:00:13.812709+00:00,Clementi ActiveSG Gym,72%
2026-09-14T04:00:13.812709+00:00,Delta ActiveSG Gym,0%
2026-09-14T04:00:13.812709+00:00,Heartbeat @ Bedok ActiveSG Gym,49%
2026-09-14T04:00:13.812709+00:00,Hougang ActiveSG Gym,55%
2026-09-14T04:00:13.812709+00:00,Jalan Besar ActiveSG Gym,72%
2026-09-14T04:00:13.812709+00:00,Jurong East ActiveSG Gym,39%
2026-09-14T04:00:13.812709+00:00,Jurong Lake Gardens ActiveSG Gym,33%
2026-09-14T04:00:13.812709+00:00,Jurong West ActiveSG Gym,31%
2026-09-14T04:00:13.812709+00:00,Katong ActiveSG Gym,35%
2026-09-14T04:00:13.812709+00:00,Pasir Ris ActiveSG Gym,31%
2026-09-14T04:00:13.812709+00:00,Queenstown ActiveSG Gym,0%
2026-09-14T04:00:13.812709+00:00,Sengkang ActiveSG Gym,64%
2026-09-14T04:00:13.812709+00:00,Senja-Cashew ActiveSG Gym,88%
2026-09-14T04:00:13.812709+00:00,Tampines ActiveSG Gym,54%
2026-09-14T04:00:13.812709+00:00,Woodlands ActiveSG Gym,32%
2026-09-14T04:00:13.812709+00:00,Yio Chu Kang ActiveSG Gym,43%
2026-09-14T04:00:13.812709+00:00,Yishun ActiveSG Gym,34%
2026-09-14T04:15:13.889878+00:00,ActiveSG Gym @ Ang Mo Kio Community Centre,38%
2026-09-14T04:15:13.889878+00:00,ActiveSG Gym @ Enabling Village,0%
2026-09-14T04:15:13.889878+00:00,ActiveSG Gym @ Fernvale Square,70%
2026-09-14T04:15:13.889878+00:00,ActiveSG Gym @ Serangoon Central,77%
2026-09-14T04:15:13.889878+00:00,ActiveSG Gym @ Toa Payoh,35%
2026-09-14T04:15:13.889878+00:00,ActiveSG Gym @ Toa Payoh West Community Centre,24%
2026-09-14T04:15:13.889878+00:00,ActiveSG Hockey Village @ Boon Lay Gym,26%
2026-09-14T04:15:13.889878+00:00,ActiveSG Sport Park @ Teck Ghee ActiveSG Gym,36%
2026-09-14T04:15:13.889878+00:00,Bishan ActiveSG Gym,55%
2026-09-14T04:15:13.889878+00:00,Bukit Batok ActiveSG Gym,40%
2026-09-14T04:15:13.889878+00:00,Bukit Canberra ActiveSG Gym,48%
2026-09-14T04:15:13.889878+00:00,Bukit Gombak ActiveSG Gym,46%
2026-09-14T04:15:13.889878+00:00,Choa Chu Kang ActiveSG Gym,37%
2026-09-14T04:15:13.889878+00:00,Clementi ActiveSG Gym,71%
2026-09-14T04:15:13.889878+00:00,Delta ActiveSG Gym,0%
2026-09-14T04:15:13.889878+00:00,Heartbeat @ Bedok ActiveSG Gym,42%
2026-09-14T04:15:13.889878+00:00,Hougang ActiveSG Gym,59%
2026-09-14T04:15:13.889878+00:00,Jalan Besar ActiveSG Gym,72%
2026-09-14T04:15:13.889878+00:00,Jurong East ActiveSG Gym,38%
2026-09-14T04:15:13.889878+00:00,Jurong Lake Gardens ActiveSG Gym,34%
2026-09-14T04:15:13.889878+00:00,Jurong West ActiveSG Gym,33%
2026-09-14T04:15:13.889878+00:00,Katong ActiveSG Gym,35%
2026-09-14T04:15:13.889878+00:00,Pasir Ris ActiveSG Gym,41%
2026-09-14T04:15:13.889878+00:00,Queenstown ActiveSG Gym,0%
2026-09-14T04:15:13.889878+00:00,Sengkang ActiveSG Gym,66%
2026-09-14T04:15:13.889878+00:00,Senja-Cashew ActiveSG Gym,91%
2026-09-14T04:15:13.889878+00:00,Tampines ActiveSG Gym,53%
2026-09-14T04:15:13.889878+00:00,Woodlands ActiveSG Gym,29%
2026-09-14T04:15:13.889878+00:00,Yio Chu Kang ActiveSG Gym,46%
2026-09-14T04:15:13.889878+00:00,Yishun ActiveSG Gym,39%
2026-09-14T04:30:10.087616+00:00,ActiveSG Gym @ Ang Mo Kio Community Centre,33%
2026-09-14T04:30:10.087616+00:00,ActiveSG Gym @ Enabling Village,0%
2026-09-14T04:30:10.087616+00:00,ActiveSG Gym @ Fernvale Square,63%
2026-09-14T04:30:10.087616+00:00,ActiveSG Gym @ Serangoon Central,83%
2026-09-14T04:30:10.087616+00:00,ActiveSG Gym @ Toa Payoh,35%
2026-09-14T04:30:10.087616+00:00,ActiveSG Gym @ Toa Payoh West Community Centre,19%
2026-09-14T04:30:10.087616+00:00,ActiveSG Hockey Village @ Boon Lay Gym,28%
2026-09-14T04:30:10.087616+00:00,ActiveSG Sport Park @ Teck Ghee ActiveSG Gym,36%
2026-09-14T04:30:10.087616+00:00,Bishan ActiveSG Gym,54%
2026-09-14T04:30:10.087616+00:00,Bukit Batok ActiveSG Gym,45%
2026-09-14T04:30:10.087616+00:00,Bukit Canberra ActiveSG Gym,47%
2026-09-14T04:30:10.087616+00:00,Bukit Gombak ActiveSG Gym,48%
2026-09-14T04:30:10.087616+00:00,Choa Chu Kang ActiveSG Gym,39%
2026-09-14T04:30:10.087616+00:00,Clementi ActiveSG Gym,82%
2026-09-14T04:30:10.087616+00:00,Delta ActiveSG Gym,0%
2026-09-14T04:30:10.087616+00:00,Heartbeat @ Bedok ActiveSG Gym,39%
2026-09-14T04:30:10.087616+00:00,Hougang ActiveSG Gym,60%
2026-09-14T04:30:10.087616+00:00,Jalan Besar ActiveSG Gym,71%
2026-09-14T04:30:10.087616+00:00,Jurong East ActiveSG Gym,37%
2026-09-14T04:30:10.087616+00:00,Jurong Lake Gardens ActiveSG Gym,31%
2026-09-14T04:30:10.087616+00:00,Jurong West ActiveSG Gym,29%
2026-09-14T04:30:10.087616+00:00,Katong ActiveSG Gym,35%
2026-09-14T04:30:10.087616+00:00,Pasir Ris ActiveSG Gym,45%
2026-09-14T04:30:10.087616+00:00,Queenstown ActiveSG Gym,0%
2026-09-14T04:30:10.087616+00:00,Sengkang ActiveSG Gym,70%
2026-09-14T04:30:10.087616+00:00,Senja-Cashew ActiveSG Gym,77%
2026-09-14T04:30:10.087616+00:00,Tampines ActiveSG Gym,52%
2026-09-14T04:30:10.087616+00:00,Woodlands ActiveSG Gym,30%
2026-09-14T04:30:10.087616+00:00,Yio Chu Kang ActiveSG Gym,41%
2026-09-14T04:30:10.087616+00:00,Yishun ActiveSG Gym,30%
2026-09-14T04:45:13.798214+00:00,ActiveSG Gym @ Ang Mo Kio Community Centre,28%
2026-09-14T04:45:13.798214+00:00,ActiveSG Gym @ Enabling Village,0%
2026-09-14T04:45:13.798214+00:00,ActiveSG Gym @ Fernvale Square,70%
2026-09-14T04:45:13.798214+00:00,ActiveSG Gym @ Serangoon Central,77%
2026-09-14T04:45:13.798214+00:00,ActiveSG Gym @ Toa Payoh,35%
2026-09-14T04:45:13.798214+00:00,ActiveSG Gym @ Toa Payoh West Community Centre,20%
2026-09-14T04:45:13.798214+00:00,ActiveSG Hockey Village @ Boon Lay Gym,27%
2026-09-14T04:45:13.798214+00:00,ActiveSG Sport Park @ Teck Ghee ActiveSG Gym,32%
2026-09-14T04:45:13.798214+00:00,Bishan ActiveSG Gym,53%
2026-09-14T04:45:13.798214+00:00,Bukit Batok ActiveSG Gym,45%
2026-09-14T04:45:13.798214+00:00,Bukit Canberra ActiveSG Gym,44%
2026-09-14T04:45:13.798214+00:00,Bukit Gombak ActiveSG Gym,48%
2026-09-14T04:45:13.798214+00:00,Choa Chu Kang ActiveSG Gym,43%
2026-09-14T04:45:13.798214+00:00,Clementi ActiveSG Gym,93%
2026-09-14T04:45:13.798214+00:00,Delta ActiveSG Gym,0%
2026-09-14T04:45:13.798214+00:00,Heartbeat @ Bedok ActiveSG Gym,41%
2026-09-14T04:45:13.798214+00:00,Hougang ActiveSG Gym,57%
2026-09-14T04:45:13.798214+00:00,Jalan Besar ActiveSG Gym,69%
2026-09-14T04:45:13.798214+00:00,Jurong East ActiveSG Gym,41%
2026-09-14T04:45:13.798214+00:00,Jurong Lake Gardens ActiveSG Gym,35%
2026-09-14T04:45:13.798214+00:00,Jurong West ActiveSG Gym,27%
2026-09-14T04:45:13.798214+00:00,Katong ActiveSG Gym,35%
2026-09-14T04:45:13.798214+00:00,Pasir Ris ActiveSG Gym,46%
2026-09-14T04:45:13.798214+00:00,Queenstown ActiveSG Gym,0%
2026-09-14T04:45:13.798214+00:00,Sengkang ActiveSG Gym,66%
2026-09-14T04:45:13.798214+00:00,Senja-Cashew ActiveSG Gym,82%
2026-09-14T04:45:13.798214+00:00,Tampines ActiveSG Gym,55%
2026-09-14T04:45:13.798214+00:00,Woodlands ActiveSG Gym,34%
2026-09-14T04:45:13.798214+00:00,Yio Chu Kang ActiveSG Gym,38%
2026-09-14T04:45:13.798214+00:00,Yishun ActiveSG Gym,29%
2026-09-14T05:00:13.838487+00:00,ActiveSG Gym @ Ang Mo Kio Community Centre,15%
2026-09-14T05:00:13.838487+00:00,ActiveSG Gym @ Enabling Village,0%
2026-09-14T05:00:13.838487+00:00,ActiveSG Gym @ Fernvale Square,68%
2026-09-14T05:00:13.838487+00:00,ActiveSG Gym @ Serangoon Central,67%
2026-09-14T05:00:13.838487+00:00,ActiveSG Gym @ Toa Payoh,34%
2026-09-14T05:00:13.838487+00:00,ActiveSG Gym @ Toa Payoh West Community Centre,20%
2026-09-14T05:00:13.838487+00:00,ActiveSG Hockey Village @ Boon Lay Gym,27%
2026-09-14T05:00:13.838487+00:00,ActiveSG Sport Park @ Teck Ghee ActiveSG Gym,32%
2026-09-14T05:00:13.838487+00:00,Bishan ActiveSG Gym,52%
2026-09-14T05:00:13.838487+00:00,Bukit Batok ActiveSG Gym,45%
2026-09-14T05:00:13.838487+00:00,Bukit Canberra ActiveSG Gym,41%
2026-09-14T05:00:13.838487+00:00,Bukit Gombak ActiveSG Gym,43%
2026-09-14T05:00:13.838487+00:00,Choa Chu Kang ActiveSG Gym,40%
2026-09-14T05:00:13.838487+00:00,Clementi ActiveSG Gym,91%
2026-09-14T05:00:13.838487+00:00,Delta ActiveSG Gym,0%
2026-09-14T05:00:13.838487+00:00,Heartbeat @ Bedok ActiveSG Gym,41%
2026-09-14T05:00:13.838487+00:00,Hougang ActiveSG Gym,56%
2026-09-14T05:00:13.838487+00:00,Jalan Besar ActiveSG Gym,69%
2026-09-14T05:00:13.838487+00:00,Jurong East ActiveSG Gym,38%
2026-09-14T05:00:13.838487+00:00,Jurong Lake Gardens ActiveSG Gym,35%
2026-09-14T05:00:13.838487+00:00,Jurong West ActiveSG Gym,25%
2026-09-14T05:00:13.838487+00:00,Katong ActiveSG Gym,35%
2026-09-14T05:00:13.838487+00:00,Pasir Ris ActiveSG Gym,41%
2026-09-14T05:00:13.838487+00:00,Queenstown ActiveSG Gym,0%
2026-09-14T05:00:13.838487+00:00,Sengkang ActiveSG Gym,67%
2026-09-14T05:00:13.838487+00:00,Senja-Cashew ActiveSG Gym,74%
2026-09-14T05:00:13.838487+00:00,Tampines ActiveSG Gym,56%
2026-09-14T05:00:13.838487+00:00,Woodlands ActiveSG Gym,31%
2026-09-14T05:00:13.838487+00:00,Yio Chu Kang ActiveSG Gym,37%
2026-09-14T05:00:13.838487+00:00,Yishun ActiveSG Gym,28%
2026-09-14T05:15:19.004597+00:00,ActiveSG Gym @ Ang Mo Kio Community Centre,17%
2026-09-14T05:15:19.004597+00:00,ActiveSG Gym @ Enabling Village,0%
2026-09-14T05:15:19.004597+00:00,ActiveSG Gym @ Fernvale Square,67%
2026-09-14T05:15:19.004597+00:00,ActiveSG Gym @ Serangoon Central,57%
2026-09-14T05:15:19.004597+00:00,ActiveSG Gym @ Toa Payoh,34%
2026-09-14T05:15:19.004597+00:00,ActiveSG Gym @ Toa Payoh West Community Centre,20%
2026-09-14T05:15:19.004597+00:00,ActiveSG Hockey Village @ Boon Lay Gym,28%
2026-09-14T05:15:19.004597+00:00,ActiveSG Sport Park @ Teck Ghee ActiveSG Gym,29%
2026-09-14T05:15:19.004597+00:00,Bishan ActiveSG Gym,53%
2026-09-14T05:15:19.004597+00:00,Bukit Batok ActiveSG Gym,45%
2026-09-14T05:15:19.004597+00:00,Bukit Canberra ActiveSG Gym,40%
2026-09-14T05:15:19.004597+00:00,Bukit Gombak ActiveSG Gym,40%
2026-09-14T05:15:19.004597+00:00,Choa Chu Kang ActiveSG Gym,39%
2026-09-14T05:15:19.004597+00:00,Clementi ActiveSG Gym,91%
2026-09-14T05:15:19.004597+00:00,Delta ActiveSG Gym,0%
2026-09-14T05:15:19.004597+00:00,Heartbeat @ Bedok ActiveSG Gym,41%
2026-09-14T05:15:19.004597+00:00,Hougang ActiveSG Gym,50%
2026-09-14T05:15:19.004597+00:00,Jalan Besar ActiveSG Gym,66%
2026-09-14T05:15:19.004597+00:00,Jurong East ActiveSG Gym,34%
2026-09-14T05:15:19.004597+00:00,Jurong Lake Gardens ActiveSG Gym,31%
2026-09-14T05:15:19.004597+00:00,Jurong West ActiveSG Gym,27%
2026-09-14T05:15:19.004597+00:00,Katong ActiveSG Gym,35%
2026-09-14T05:15:19.004597+00:00,Pasir Ris ActiveSG Gym,35%
2026-09-14T05:15:19.004597+00:00,Queenstown ActiveSG Gym,0%
2026-09-14T05:15:19.004597+00:00,Sengkang ActiveSG Gym,65%
2026-09-14T05:15:19.004597+00:00,Senja-Cashew ActiveSG Gym,60%
2026-09-14T05:15:19.004597+00:00,Tampines ActiveSG Gym,55%
2026-09-14T05:15:19.004597+00:00,Woodlands ActiveSG Gym,32%
2026-09-14T05:15:19.004597+00:00,Yio Chu Kang ActiveSG Gym,28%
2026-09-14T05:15:19.004597+00:00,Yishun ActiveSG Gym,30%
2026-09-14T05:30:32.982024+00:00,ActiveSG Gym @ Ang Mo Kio Community Centre,25%
2026-09-14T05:30:32.982024+00:00,ActiveSG Gym @ Enabling Village,0%
2026-09-14T05:30:32.982024+00:00,ActiveSG Gym @ Fernvale Square,67%
2026-09-14T05:30:32.982024+00:00,ActiveSG Gym @ Serangoon Central,73%
2026-09-14T05:30:32.982024+00:00,ActiveSG Gym @ Toa Payoh,35%
2026-09-14T05:30:32.982024+00:00,ActiveSG Gym @ Toa Payoh West Community Centre,20%
2026-09-14T05:30:32.982024+00:00,ActiveSG Hockey Village @ Boon Lay Gym,29%
2026-09-14T05:30:32.982024+00:00,ActiveSG Sport Park @ Teck Ghee ActiveSG Gym,26%
2026-09-14T05:30:32.982024+00:00,Bishan ActiveSG Gym,57%
2026-09-14T05:30:32.982024+00:00,Bukit Batok ActiveSG Gym,45%
2026-09-14T05:30:32.982024+00:00,Bukit Canberra ActiveSG Gym,38%
2026-09-14T05:30:32.982024+00:00,Bukit Gombak ActiveSG Gym,42%
2026-09-14T05:30:32.982024+00:00,Choa Chu Kang ActiveSG Gym,40%
2026-09-14T05:30:32.982024+00:00,Clementi ActiveSG Gym,91%
2026-09-14T05:30:32.982024+00:00,Delta ActiveSG Gym,0%
2026-09-14T05:30:32.982024+00:00,Heartbeat @ Bedok ActiveSG Gym,39%
2026-09-14T05:30:32.982024+00:00,Hougang ActiveSG Gym,47%
2026-09-14T05:30:32.982024+00:00,Jalan Besar ActiveSG Gym,55%
2026-09-14T05:30:32.982024+00:00,Jurong East ActiveSG Gym,36%
2026-09-14T05:30:32.982024+00:00,Jurong Lake Gardens ActiveSG Gym,29%
2026-09-14T05:30:32.982024+00:00,Jurong West ActiveSG Gym,22%
2026-09-14T05:30:32.982024+00:00,Katong ActiveSG Gym,35%
2026-09-14T05:30:32.982024+00:00,Pasir Ris ActiveSG Gym,30%
2026-09-14T05:30:32.982024+00:00,Queenstown ActiveSG Gym,0%
2026-09-14T05:30:32.982024+00:00,Sengkang ActiveSG Gym,62%
2026-09-14T05:30:32.982024+00:00,Senja-Cashew ActiveSG Gym,57%
2026-09-14T05:30:32.982024+00:00,Tampines ActiveSG Gym,46%
2026-09-14T05:30:32.982024+00:00,Woodlands ActiveSG Gym,34%
2026-09-14T05:30:32.982024+00:00,Yio Chu Kang ActiveSG Gym,23%
2026-09-14T05:30:32.982024+00:00,Yishun ActiveSG Gym,30%
2026-09-14T05:45:14.601636+00:00,ActiveSG Gym @ Ang Mo Kio Community Centre,28%
2026-09-14T05:45:14.601636+00:00,ActiveSG Gym @ Enabling Village,0%
2026-09-14T05:45:14.601636+00:00,ActiveSG Gym @ Fernvale Square,68%
2026-09-14T05:45:14.601636+00:00,ActiveSG Gym @ Serangoon Central,63%
2026-09-14T05:45:14.601636+00:00,ActiveSG Gym @ Toa Payoh,32%
2026-09-14T05:45:14.601636+00:00,ActiveSG Gym @ Toa Payoh West Community Centre,21%
2026-09-14T05:45:14.601636+00:00,ActiveSG Hockey Village @ Boon Lay Gym,29%
2026-09-14T05:45:14.601636+00:00,ActiveSG Sport Park @ Teck Ghee ActiveSG Gym,30%
2026-09-14T05:45:14.601636+00:00,Bishan ActiveSG Gym,67%
2026-09-14T05:45:14.601636+00:00,Bukit Batok ActiveSG Gym,45%
2026-09-14T05:45:14.601636+00:00,Bukit Canberra ActiveSG Gym,41%
2026-09-14T05:45:14.601636+00:00,Bukit Gombak ActiveSG Gym,46%
2026-09-14T05:45:14.601636+00:00,Choa Chu Kang ActiveSG Gym,43%
2026-09-14T05:45:14.601636+00:00,Clementi ActiveSG Gym,84%
2026-09-14T05:45:14.601636+00:00,Delta ActiveSG Gym,0%
2026-09-14T05:45:14.601636+00:00,Heartbeat @ Bedok ActiveSG Gym,38%
2026-09-14T05:45:14.601636+00:00,Hougang ActiveSG Gym,41%
2026-09-14T05:45:14.601636+00:00,Jalan Besar ActiveSG Gym,48%
2026-09-14T05:45:14.601636+00:00,Jurong East ActiveSG Gym,36%
2026-09-14T05:45:14.601636+00:00,Jurong Lake Gardens ActiveSG Gym,27%
2026-09-14T05:45:14.601636+00:00,Jurong West ActiveSG Gym,23%
2026-09-14T05:45:14.601636+00:00,Katong ActiveSG Gym,42%
2026-09-14T05:45:14.601636+00:00,Pasir Ris ActiveSG Gym,32%
2026-09-14T05:45:14.601636+00:00,Queenstown ActiveSG Gym,0%
2026-09-14T05:45:14.601636+00:00,Sengkang ActiveSG Gym,54%
2026-09-14T05:45:14.601636+00:00,Senja-Cashew ActiveSG Gym,60%
2026-09-14T05:45:14.601636+00:00,Tampines ActiveSG Gym,41%
2026-09-14T05:45:14.601636+00:00,Woodlands ActiveSG Gym,37%
2026-09-14T05:45:14.601636+00:00,Yio Chu Kang ActiveSG Gym,24%
2026-09-14T05:45:14.601636+00:00,Yishun ActiveSG Gym,30%
2026-09-14T05:55:42.422685+00:00,ActiveSG Gym @ Ang Mo Kio Community Centre,35%
2026-09-14T05:55:42.422685+00:00,ActiveSG Gym @ Enabling Village,0%
2026-09-14T05:55:42.422685+00:00,ActiveSG Gym @ Fernvale Square,60%
2026-09-14T05:55:42.422685+00:00,ActiveSG Gym @ Serangoon Central,70%
2026-09-14T05:55:42.422685+00:00,ActiveSG Gym @ Toa Payoh,34%
2026-09-14T05:55:42.422685+00:00,ActiveSG Gym @ Toa Payoh West Community Centre,20%
2026-09-14T05:55:42.422685+00:00,ActiveSG Hockey Village @ Boon Lay Gym,31%
2026-09-14T05:55:42.422685+00:00,ActiveSG Sport Park @ Teck Ghee ActiveSG Gym,30%
2026-09-14T05:55:42.422685+00:00,Bishan ActiveSG Gym,69%
2026-09-14T05:55:42.422685+00:00,Bukit Batok ActiveSG Gym,43%
2026-09-14T05:55:42.422685+00:00,Bukit Canberra ActiveSG Gym,41%
2026-09-14T05:55:42.422685+00:00,Bukit Gombak ActiveSG Gym,44%
2026-09-14T05:55:42.422685+00:00,Choa Chu Kang ActiveSG Gym,47%
2026-09-14T05:55:42.422685+00:00,Clementi ActiveSG Gym,83%
2026-09-14T05:55:42.422685+00:00,Delta ActiveSG Gym,0%
2026-09-14T05:55:42.422685+00:00,Heartbeat @ Bedok ActiveSG Gym,38%
2026-09-14T05:55:42.422685+00:00,Hougang ActiveSG Gym,39%
2026-09-14T05:55:42.422685+00:00,Jalan Besar ActiveSG Gym,47%
2026-09-14T05:55:42.422685+00:00,Jurong East ActiveSG Gym,32%
2026-09-14T05:55:42.422685+00:00,Jurong Lake Gardens ActiveSG Gym,24%
2026-09-14T05:55:42.422685+00:00,Jurong West ActiveSG Gym,24%
2026-09-14T05:55:42.422685+00:00,Katong ActiveSG Gym,38%
2026-09-14T05:55:42.422685+00:00,Pasir Ris ActiveSG Gym,34%
2026-09-14T05:55:42.422685+00:00,Queenstown ActiveSG Gym,0%
2026-09-14T05:55:42.422685+00:00,Sengkang ActiveSG Gym,52%
2026-09-14T05:55:42.422685+00:00,Senja-Cashew ActiveSG Gym,63%
2026-09-14T05:55:42.422685+00:00,Tampines ActiveSG Gym,40%
2026-09-14T05:55:42.422685+00:00,Woodlands ActiveSG Gym,38%
2026-09-14T05:55:42.422685+00:00,Yio Chu Kang ActiveSG Gym,26%
2026-09-14T05:55:42.422685+00:00,Yishun ActiveSG Gym,30%
2026-09-14T06:00:14.280912+00:00,ActiveSG Gym @ Ang Mo Kio Community Centre,35%
2026-09-14T06:00:14.280912+00:00,ActiveSG Gym @ Enabling Village,0%
2026-09-14T06:00:14.280912+00:00,ActiveSG Gym @ Fernvale Square,63%
2026-09-14T06:00:14.280912+00:00,ActiveSG Gym @ Serangoon Central,67%
2026-09-14T06:00:14.280912+00:00,ActiveSG Gym @ Toa Payoh,34%
2026-09-14T06:00:14.280912+00:00,ActiveSG Gym @ Toa Payoh West Community Centre,17%
2026-09-14T06:00:14.280912+00:00,ActiveSG Hockey Village @ Boon Lay Gym,32%
2026-09-14T06:00:14.280912+00:00,ActiveSG Sport Park @ Teck Ghee ActiveSG Gym,31%
2026-09-14T06:00:14.280912+00:00,Bishan ActiveSG Gym,69%
2026-09-14T06:00:14.280912+00:00,Bukit Batok ActiveSG Gym,43%
2026-09-14T06:00:14.280912+00:00,Bukit Canberra ActiveSG Gym,39%
2026-09-14T06:00:14.280912+00:00,Bukit Gombak ActiveSG Gym,44%
2026-09-14T06:00:14.280912+00:00,Choa Chu Kang ActiveSG Gym,43%
2026-09-14T06:00:14.280912+00:00,Clementi ActiveSG Gym,83%
2026-09-14T06:00:14.280912+00:00,Delta ActiveSG Gym,0%
2026-09-14T06:00:14.280912+00:00,Heartbeat @ Bedok ActiveSG Gym,38%
2026-09-14T06:00:14.280912+00:00,Hougang ActiveSG Gym,40%
2026-09-14T06:00:14.280912+00:00,Jalan Besar ActiveSG Gym,47%
2026-09-14T06:00:14.280912+00:00,Jurong East ActiveSG Gym,33%
2026-09-14T06:00:14.280912+00:00,Jurong Lake Gardens ActiveSG Gym,25%
2026-09-14T06:00:14.280912+00:00,Jurong West ActiveSG Gym,24%
2026-09-14T06:00:14.280912+00:00,Katong ActiveSG Gym,38%
2026-09-14T06:00:14.280912+00:00,Pasir Ris ActiveSG Gym,35%
2026-09-14T06:00:14.280912+00:00,Queenstown ActiveSG Gym,0%
2026-09-14T06:00:14.280912+00:00,Sengkang ActiveSG Gym,52%
2026-09-14T06:00:14.280912+00:00,Senja-Cashew ActiveSG Gym,58%
2026-09-14T06:00:14.280912+00:00,Tampines ActiveSG Gym,39%
2026-09-14T06:00:14.280912+00:00,Woodlands ActiveSG Gym,41%
2026-09-14T06:00:14.280912+00:00,Yio Chu Kang ActiveSG Gym,24%
2026-09-14T06:00:14.280912+00:00,Yishun ActiveSG Gym,30%
2026-09-14T06:15:14.476730+00:00,ActiveSG Gym @ Ang Mo Kio Community Centre,40%
2026-09-14T06:15:14.476730+00:00,ActiveSG Gym @ Enabling Village,0%
2026-09-14T06:15:14.476730+00:00,ActiveSG Gym @ Fernvale Square,60%
2026-09-14T06:15:14.476730+00:00,ActiveSG Gym @ Serangoon Central,70%
2026-09-14T06:15:14.476730+00:00,ActiveSG Gym @ Toa Payoh,34%
2026-09-14T06:15:14.476730+00:00,ActiveSG Gym @ Toa Payoh West Community Centre,23%
2026-09-14T06:15:14.476730+00:00,ActiveSG Hockey Village @ Boon Lay Gym,31%
2026-09-14T06:15:14.476730+00:00,ActiveSG Sport Park @ Teck Ghee ActiveSG Gym,35%
2026-09-14T06:15:14.476730+00:00,Bishan ActiveSG Gym,72%
2026-09-14T06:15:14.476730+00:00,Bukit Batok ActiveSG Gym,43%
2026-09-14T06:15:14.476730+00:00,Bukit Canberra ActiveSG Gym,38%
2026-09-14T06:15:14.476730+00:00,Bukit Gombak ActiveSG Gym,42%
2026-09-14T06:15:14.476730+00:00,Choa Chu Kang ActiveSG Gym,47%
2026-09-14T06:15:14.476730+00:00,Clementi ActiveSG Gym,80%
2026-09-14T06:15:14.476730+00:00,Delta ActiveSG Gym,0%
2026-09-14T06:15:14.476730+00:00,Heartbeat @ Bedok ActiveSG Gym,49%
2026-09-14T06:15:14.476730+00:00,Hougang ActiveSG Gym,44%
2026-09-14T06:15:14.476730+00:00,Jalan Besar ActiveSG Gym,41%
2026-09-14T06:15:14.476730+00:00,Jurong East ActiveSG Gym,32%
2026-09-14T06:15:14.476730+00:00,Jurong Lake Gardens ActiveSG Gym,24%
2026-09-14T06:15:14.476730+00:00,Jurong West ActiveSG Gym,26%
2026-09-14T06:15:14.476730+00:00,Katong ActiveSG Gym,40%
2026-09-14T06:15:14.476730+00:00,Pasir Ris ActiveSG Gym,35%
2026-09-14T06:15:14.476730+00:00,Queenstown ActiveSG Gym,0%
2026-09-14T06:15:14.476730+00:00,Sengkang ActiveSG Gym,54%
2026-09-14T06:15:14.476730+00:00,Senja-Cashew ActiveSG Gym,54%
2026-09-14T06:15:14.476730+00:00,Tampines ActiveSG Gym,44%
2026-09-14T06:15:14.476730+00:00,Woodlands ActiveSG Gym,42%
2026-09-14T06:15:14.476730+00:00,Yio Chu Kang ActiveSG Gym,35%
2026-09-14T06:15:14.476730+00:00,Yishun ActiveSG Gym,30%
2026-09-14T06:30:17.030658+00:00,ActiveSG Gym @ Ang Mo Kio Community Centre,52%
2026-09-14T06:30:17.030658+00:00,ActiveSG Gym @ Enabling Village,0%
2026-09-14T06:30:17.030658+00:00,ActiveSG Gym @ Fernvale Square,63%
2026-09-14T06:30:17.030658+00:00,ActiveSG Gym @ Serangoon Central,60%
2026-09-14T06:30:17.030658+00:00,ActiveSG Gym @ Toa Payoh,38%
2026-09-14T06:30:17.030658+00:00,ActiveSG Gym @ Toa Payoh West Community Centre,24%
2026-09-14T06:30:17.030658+00:00,ActiveSG Hockey Village @ Boon Lay Gym,33%
2026-09-14T06:30:17.030658+00:00,ActiveSG Sport Park @ Teck Ghee ActiveSG Gym,38%
2026-09-14T06:30:17.030658+00:00,Bishan ActiveSG Gym,68%
2026-09-14T06:30:17.030658+00:00,Bukit Batok ActiveSG Gym,38%
2026-09-14T06:30:17.030658+00:00,Bukit Canberra ActiveSG Gym,41%
2026-09-14T06:30:17.030658+00:00,Bukit Gombak ActiveSG Gym,53%
2026-09-14T06:30:17.030658+00:00,Choa Chu Kang ActiveSG Gym,48%
2026-09-14T06:30:17.030658+00:00,Clementi ActiveSG Gym,76%
2026-09-14T06:30:17.030658+00:00,Delta ActiveSG Gym,0%
2026-09-14T06:30:17.030658+00:00,Heartbeat @ Bedok ActiveSG Gym,53%
2026-09-14T06:30:17.030658+00:00,Hougang ActiveSG Gym,45%
2026-09-14T06:30:17.030658+00:00,Jalan Besar ActiveSG Gym,41%
2026-09-14T06:30:17.030658+00:00,Jurong East ActiveSG Gym,34%
2026-09-14T06:30:17.030658+00:00,Jurong Lake Gardens ActiveSG Gym,15%
2026-09-14T06:30:17.030658+00:00,Jurong West ActiveSG Gym,23%
2026-09-14T06:30:17.030658+00:00,Katong ActiveSG Gym,40%
2026-09-14T06:30:17.030658+00:00,Pasir Ris ActiveSG Gym,37%
2026-09-14T06:30:17.030658+00:00,Queenstown ActiveSG Gym,0%
2026-09-14T06:30:17.030658+00:00,Sengkang ActiveSG Gym,61%
2026-09-14T06:30:17.030658+00:00,Senja-Cashew ActiveSG Gym,57%
2026-09-14T06:30:17.030658+00:00,Tampines ActiveSG Gym,48%
2026-09-14T06:30:17.030658+00:00,Woodlands ActiveSG Gym,43%
2026-09-14T06:30:17.030658+00:00,Yio Chu Kang ActiveSG Gym,47%
2026-09-14T06:30:17.030658+00:00,Yishun ActiveSG Gym,31%
2026-09-14T06:45:14.072827+00:00,ActiveSG Gym @ Ang Mo Kio Community Centre,52%
2026-09-14T06:45:14.072827+00:00,ActiveSG Gym @ Enabling Village,0%
2026-09-14T06:45:14.072827+00:00,ActiveSG Gym @ Fernvale Square,37%
2026-09-14T06:45:14.072827+00:00,ActiveSG Gym @ Serangoon Central,27%
2026-09-14T06:45:14.072827+00:00,ActiveSG Gym @ Toa Payoh,41%
2026-09-14T06:45:14.072827+00:00,ActiveSG Gym @ Toa Payoh West Community Centre,23%
2026-09-14T06:45:14.072827+00:00,ActiveSG Hockey Village @ Boon Lay Gym,33%
2026-09-14T06:45:14.072827+00:00,ActiveSG Sport Park @ Teck Ghee ActiveSG Gym,44%
2026-09-14T06:45:14.072827+00:00,Bishan ActiveSG Gym,68%
2026-09-14T06:45:14.072827+00:00,Bukit Batok ActiveSG Gym,45%
2026-09-14T06:45:14.072827+00:00,Bukit Canberra ActiveSG Gym,42%
2026-09-14T06:45:14.072827+00:00,Bukit Gombak ActiveSG Gym,53%
2026-09-14T06:45:14.072827+00:00,Choa Chu Kang ActiveSG Gym,47%
2026-09-14T06:45:14.072827+00:00,Clementi ActiveSG Gym,82%
2026-09-14T06:45:14.072827+00:00,Delta ActiveSG Gym,0%
2026-09-14T06:45:14.072827+00:00,Heartbeat @ Bedok ActiveSG Gym,56%
2026-09-14T06:45:14.072827+00:00,Hougang ActiveSG Gym,49%
2026-09-14T06:45:14.072827+00:00,Jalan Besar ActiveSG Gym,46%
2026-09-14T06:45:14.072827+00:00,Jurong East ActiveSG Gym,34%
2026-09-14T06:45:14.072827+00:00,Jurong Lake Gardens ActiveSG Gym,15%
2026-09-14T06:45:14.072827+00:00,Jurong West ActiveSG Gym,24%
2026-09-14T06:45:14.072827+00:00,Katong ActiveSG Gym,42%
2026-09-14T06:45:14.072827+00:00,Pasir Ris ActiveSG Gym,35%
2026-09-14T06:45:14.072827+00:00,Queenstown ActiveSG Gym,0%
2026-09-14T06:45:14.072827+00:00,Sengkang ActiveSG Gym,66%
2026-09-14T06:45:14.072827+00:00,Senja-Cashew ActiveSG Gym,55%
2026-09-14T06:45:14.072827+00:00,Tampines ActiveSG Gym,52%
2026-09-14T06:45:14.072827+00:00,Woodlands ActiveSG Gym,43%
2026-09-14T06:45:14.072827+00:00,Yio Chu Kang ActiveSG Gym,48%
2026-09-14T06:45:14.072827+00:00,Yishun ActiveSG Gym,33%
2026-09-14T07:00:12.588305+00:00,ActiveSG Gym @ Ang Mo Kio Community Centre,52%
2026-09-14T07:00:12.588305+00:00,ActiveSG Gym @ Enabling Village,0%
2026-09-14T07:00:12.588305+00:00,ActiveSG Gym @ Fernvale Square,38%
2026-09-14T07:00:12.588305+00:00,ActiveSG Gym @ Serangoon Central,27%
2026-09-14T07:00:12.588305+00:00,ActiveSG Gym @ Toa Payoh,44%
2026-09-14T07:00:12.588305+00:00,ActiveSG Gym @ Toa Payoh West Community Centre,27%
2026-09-14T07:00:12.588305+00:00,ActiveSG Hockey Village @ Boon Lay Gym,33%
2026-09-14T07:00:12.588305+00:00,ActiveSG Sport Park @ Teck Ghee ActiveSG Gym,48%
2026-09-14T07:00:12.588305+00:00,Bishan ActiveSG Gym,68%
2026-09-14T07:00:12.588305+00:00,Bukit Batok ActiveSG Gym,45%
2026-09-14T07:00:12.588305+00:00,Bukit Canberra ActiveSG Gym,42%
2026-09-14T07:00:12.588305+00:00,Bukit Gombak ActiveSG Gym,52%
2026-09-14T07:00:12.588305+00:00,Choa Chu Kang ActiveSG Gym,43%
2026-09-14T07:00:12.588305+00:00,Clementi ActiveSG Gym,86%
2026-09-14T07:00:12.588305+00:00,Delta ActiveSG Gym,0%
2026-09-14T07:00:12.588305+00:00,Heartbeat @ Bedok ActiveSG Gym,49%
2026-09-14T07:00:12.588305+00:00,Hougang ActiveSG Gym,55%
2026-09-14T07:00:12.588305+00:00,Jalan Besar ActiveSG Gym,49%
2026-09-14T07:00:12.588305+00:00,Jurong East ActiveSG Gym,31%
2026-09-14T07:00:12.588305+00:00,Jurong Lake Gardens ActiveSG Gym,21%
2026-09-14T07:00:12.588305+00:00,Jurong West ActiveSG Gym,27%
2026-09-14T07:00:12.588305+00:00,Katong ActiveSG Gym,46%
2026-09-14T07:00:12.588305+00:00,Pasir Ris ActiveSG Gym,35%
2026-09-14T07:00:12.588305+00:00,Queenstown ActiveSG Gym,0%
2026-09-14T07:00:12.588305+00:00,Sengkang ActiveSG Gym,68%
2026-09-14T07:00:12.588305+00:00,Senja-Cashew ActiveSG Gym,49%
2026-09-14T07:00:12.588305+00:00,Tampines ActiveSG Gym,52%
2026-09-14T07:00:12.588305+00:00,Woodlands ActiveSG Gym,39%
2026-09-14T07:00:12.588305+00:00,Yio Chu Kang ActiveSG Gym,52%
2026-09-14T07:00:12.588305+00:00,Yishun ActiveSG Gym,37%
2026-09-14T07:15:14.426510+00:00,ActiveSG Gym @ Ang Mo Kio Community Centre,52%
2026-09-14T07:15:14.426510+00:00,ActiveSG Gym @ Enabling Village,0%
2026-09-14T07:15:14.426510+00:00,ActiveSG Gym @ Fernvale Square,32%
2026-09-14T07:15:14.426510+00:00,ActiveSG Gym @ Serangoon Central,27%
2026-09-14T07:15:14.426510+00:00,ActiveSG Gym @ Toa Payoh,44%
2026-09-14T07:15:14.426510+00:00,ActiveSG Gym @ Toa Payoh West Community Centre,23%
2026-09-14T07:15:14.426510+00:00,ActiveSG Hockey Village @ Boon Lay Gym,25%
2026-09-14T07:15:14.426510+00:00,ActiveSG Sport Park @ Teck Ghee ActiveSG Gym,48%
2026-09-14T07:15:14.426510+00:00,Bishan ActiveSG Gym,64%
2026-09-14T07:15:14.426510+00:00,Bukit Batok ActiveSG Gym,40%
2026-09-14T07:15:14.426510+00:00,Bukit Canberra ActiveSG Gym,44%
2026-09-14T07:15:14.426510+00:00,Bukit Gombak ActiveSG Gym,51%
2026-09-14T07:15:14.426510+00:00,Choa Chu Kang ActiveSG Gym,41%
2026-09-14T07:15:14.426510+00:00,Clementi ActiveSG Gym,81%
2026-09-14T07:15:14.426510+00:00,Delta ActiveSG Gym,0%
2026-09-14T07:15:14.426510+00:00,Heartbeat @ Bedok ActiveSG Gym,54%
2026-09-14T07:15:14.426510+00:00,Hougang ActiveSG Gym,62%
2026-09-14T07:15:14.426510+00:00,Jalan Besar ActiveSG Gym,54%
2026-09-14T07:15:14.426510+00:00,Jurong East ActiveSG Gym,42%
2026-09-14T07:15:14.426510+00:00,Jurong Lake Gardens ActiveSG Gym,23%
2026-09-14T07:15:14.426510+00:00,Jurong West ActiveSG Gym,29%
2026-09-14T07:15:14.426510+00:00,Katong ActiveSG Gym,45%
2026-09-14T07:15:14.426510+00:00,Pasir Ris ActiveSG Gym,37%
2026-09-14T07:15:14.426510+00:00,Queenstown ActiveSG Gym,0%
2026-09-14T07:15:14.426510+00:00,Sengkang ActiveSG Gym,71%
2026-09-14T07:15:14.426510+00:00,Senja-Cashew ActiveSG Gym,54%
2026-09-14T07:15:14.426510+00:00,Tampines ActiveSG Gym,52%
2026-09-14T07:15:14.426510+00:00,Woodlands ActiveSG Gym,43%
2026-09-14T07:15:14.426510+00:00,Yio Chu Kang ActiveSG Gym,49%
2026-09-14T07:15:14.426510+00:00,Yishun ActiveSG Gym,37%
2026-09-14T07:30:14.702941+00:00,ActiveSG Gym @ Ang Mo Kio Community Centre,52%
2026-09-14T07:30:14.702941+00:00,ActiveSG Gym @ Enabling Village,0%
2026-09-14T07:30:14.702941+00:00,ActiveSG Gym @ Fernvale Square,42%
2026-09-14T07:30:14.702941+00:00,ActiveSG Gym @ Serangoon Central,27%
2026-09-14T07:30:14.702941+00:00,ActiveSG Gym @ Toa Payoh,44%
2026-09-14T07:30:14.702941+00:00,ActiveSG Gym @ Toa Payoh West Community Centre,24%
2026-09-14T07:30:14.702941+00:00,ActiveSG Hockey Village @ Boon Lay Gym,25%
2026-09-14T07:30:14.702941+00:00,ActiveSG Sport Park @ Teck Ghee ActiveSG Gym,48%
2026-09-14T07:30:14.702941+00:00,Bishan ActiveSG Gym,64%
2026-09-14T07:30:14.702941+00:00,Bukit Batok ActiveSG Gym,45%
2026-09-14T07:30:14.702941+00:00,Bukit Canberra ActiveSG Gym,45%
2026-09-14T07:30:14.702941+00:00,Bukit Gombak ActiveSG Gym,68%
2026-09-14T07:30:14.702941+00:00,Choa Chu Kang ActiveSG Gym,37%
2026-09-14T07:30:14.702941+00:00,Clementi ActiveSG Gym,71%
2026-09-14T07:30:14.702941+00:00,Delta ActiveSG Gym,0%
2026-09-14T07:30:14.702941+00:00,Heartbeat @ Bedok ActiveSG Gym,58%
2026-09-14T07:30:14.702941+00:00,Hougang ActiveSG Gym,63%
2026-09-14T07:30:14.702941+00:00,Jalan Besar ActiveSG Gym,60%
2026-09-14T07:30:14.702941+00:00,Jurong East ActiveSG Gym,43%
2026-09-14T07:30:14.702941+00:00,Jurong Lake Gardens ActiveSG Gym,22%
2026-09-14T07:30:14.702941+00:00,Jurong West ActiveSG Gym,33%
2026-09-14T07:30:14.702941+00:00,Katong ActiveSG Gym,51%
2026-09-14T07:30:14.702941+00:00,Pasir Ris ActiveSG Gym,32%
2026-09-14T07:30:14.702941+00:00,Queenstown ActiveSG Gym,0%
2026-09-14T07:30:14.702941+00:00,Sengkang ActiveSG Gym,77%
2026-09-14T07:30:14.702941+00:00,Senja-Cashew ActiveSG Gym,52%
2026-09-14T07:30:14.702941+00:00,Tampines ActiveSG Gym,54%
2026-09-14T07:30:14.702941+00:00,Woodlands ActiveSG Gym,47%
2026-09-14T07:30:14.702941+00:00,Yio Chu Kang ActiveSG Gym,54%
2026-09-14T07:30:14.702941+00:00,Yishun ActiveSG Gym,33%
2026-09-14T07:45:14.656883+00:00,ActiveSG Gym @ Ang Mo Kio Community Centre,52%
2026-09-14T07:45:14.656883+00:00,ActiveSG Gym @ Enabling Village,0%
2026-09-14T07:45:14.656883+00:00,ActiveSG Gym @ Fernvale Square,52%
2026-09-14T07:45:14.656883+00:00,ActiveSG Gym @ Serangoon Central,27%
2026-09-14T07:45:14.656883+00:00,ActiveSG Gym @ Toa Payoh,52%
2026-09-14T07:45:14.656883+00:00,ActiveSG Gym @ Toa Payoh West Community Centre,25%
2026-09-14T07:45:14.656883+00:00,ActiveSG Hockey Village @ Boon Lay Gym,25%
2026-09-14T07:45:14.656883+00:00,ActiveSG Sport Park @ Teck Ghee ActiveSG Gym,53%
2026-09-14T07:45:14.656883+00:00,Bishan ActiveSG Gym,65%
2026-09-14T07:45:14.656883+00:00,Bukit Batok ActiveSG Gym,48%
2026-09-14T07:45:14.656883+00:00,Bukit Canberra ActiveSG Gym,49%
2026-09-14T07:45:14.656883+00:00,Bukit Gombak ActiveSG Gym,68%
2026-09-14T07:45:14.656883+00:00,Choa Chu Kang ActiveSG Gym,37%
2026-09-14T07:45:14.656883+00:00,Clementi ActiveSG Gym,73%
2026-09-14T07:45:14.656883+00:00,Delta ActiveSG Gym,0%
2026-09-14T07:45:14.656883+00:00,Heartbeat @ Bedok ActiveSG Gym,63%
2026-09-14T07:45:14.656883+00:00,Hougang ActiveSG Gym,72%
2026-09-14T07:45:14.656883+00:00,Jalan Besar ActiveSG Gym,68%
2026-09-14T07:45:14.656883+00:00,Jurong East ActiveSG Gym,48%
2026-09-14T07:45:14.656883+00:00,Jurong Lake Gardens ActiveSG Gym,23%
2026-09-14T07:45:14.656883+00:00,Jurong West ActiveSG Gym,33%
2026-09-14T07:45:14.656883+00:00,Katong ActiveSG Gym,55%
2026-09-14T07:45:14.656883+00:00,Pasir Ris ActiveSG Gym,29%
2026-09-14T07:45:14.656883+00:00,Queenstown ActiveSG Gym,0%
2026-09-14T07:45:14.656883+00:00,Sengkang ActiveSG Gym,80%
2026-09-14T07:45:14.656883+00:00,Senja-Cashew ActiveSG Gym,68%
2026-09-14T07:45:14.656883+00:00,Tampines ActiveSG Gym,60%
2026-09-14T07:45:14.656883+00:00,Woodlands ActiveSG Gym,44%
2026-09-14T07:45:14.656883+00:00,Yio Chu Kang ActiveSG Gym,57%
2026-09-14T07:45:14.656883+00:00,Yishun ActiveSG Gym,28%
2026-09-14T08:00:19.056884+00:00,ActiveSG Gym @ Ang Mo Kio Community Centre,52%
2026-09-14T08:00:19.056884+00:00,ActiveSG Gym @ Enabling Village,0%
2026-09-14T08:00:19.056884+00:00,ActiveSG Gym @ Fernvale Square,55%
2026-09-14T08:00:19.056884+00:00,ActiveSG Gym @ Serangoon Central,13%
2026-09-14T08:00:19.056884+00:00,ActiveSG Gym @ Toa Payoh,49%
2026-09-14T08:00:19.056884+00:00,ActiveSG Gym @ Toa Payoh West Community Centre,21%
2026-09-14T08:00:19.056884+00:00,ActiveSG Hockey Village @ Boon Lay Gym,25%
2026-09-14T08:00:19.056884+00:00,ActiveSG Sport Park @ Teck Ghee ActiveSG Gym,51%
2026-09-14T08:00:19.056884+00:00,Bishan ActiveSG Gym,65%
2026-09-14T08:00:19.056884+00:00,Bukit Batok ActiveSG Gym,50%
2026-09-14T08:00:19.056884+00:00,Bukit Canberra ActiveSG Gym,51%
2026-09-14T08:00:19.056884+00:00,Bukit Gombak ActiveSG Gym,60%
2026-09-14T08:00:19.056884+00:00,Choa Chu Kang ActiveSG Gym,41%
2026-09-14T08:00:19.056884+00:00,Clementi ActiveSG Gym,67%
2026-09-14T08:00:19.056884+00:00,Delta ActiveSG Gym,0%
2026-09-14T08:00:19.056884+00:00,Heartbeat @ Bedok ActiveSG Gym,65%
2026-09-14T08:00:19.056884+00:00,Hougang ActiveSG Gym,73%
2026-09-14T08:00:19.056884+00:00,Jalan Besar ActiveSG Gym,76%
2026-09-14T08:00:19.056884+00:00,Jurong East ActiveSG Gym,50%
2026-09-14T08:00:19.056884+00:00,Jurong Lake Gardens ActiveSG Gym,31%
2026-09-14T08:00:19.056884+00:00,Jurong West ActiveSG Gym,31%
2026-09-14T08:00:19.056884+00:00,Katong ActiveSG Gym,49%
2026-09-14T08:00:19.056884+00:00,Pasir Ris ActiveSG Gym,23%
2026-09-14T08:00:19.056884+00:00,Queenstown ActiveSG Gym,0%
2026-09-14T08:00:19.056884+00:00,Sengkang ActiveSG Gym,74%
2026-09-14T08:00:19.056884+00:00,Senja-Cashew ActiveSG Gym,71%
2026-09-14T08:00:19.056884+00:00,Tampines ActiveSG Gym,60%
2026-09-14T08:00:19.056884+00:00,Woodlands ActiveSG Gym,49%
2026-09-14T08:00:19.056884+00:00,Yio Chu Kang ActiveSG Gym,54%
2026-09-14T08:00:19.056884+00:00,Yishun ActiveSG Gym,40%
2026-09-14T08:15:15.155295+00:00,ActiveSG Gym @ Ang Mo Kio Community Centre,52%
2026-09-14T08:15:15.155295+00:00,ActiveSG Gym @ Enabling Village,0%
2026-09-14T08:15:15.155295+00:00,ActiveSG Gym @ Fernvale Square,57%
2026-09-14T08:15:15.155295+00:00,ActiveSG Gym @ Serangoon Central,23%
2026-09-14T08:15:15.155295+00:00,ActiveSG Gym @ Toa Payoh,50%
2026-09-14T08:15:15.155295+00:00,ActiveSG Gym @ Toa Payoh West Community Centre,28%
2026-09-14T08:15:15.155295+00:00,ActiveSG Hockey Village @ Boon Lay Gym,25%
2026-09-14T08:15:15.155295+00:00,ActiveSG Sport Park @ Teck Ghee ActiveSG Gym,50%
2026-09-14T08:15:15.155295+00:00,Bishan ActiveSG Gym,65%
2026-09-14T08:15:15.155295+00:00,Bukit Batok ActiveSG Gym,43%
2026-09-14T08:15:15.155295+00:00,Bukit Canberra ActiveSG Gym,57%
2026-09-14T08:15:15.155295+00:00,Bukit Gombak ActiveSG Gym,64%
2026-09-14T08:15:15.155295+00:00,Choa Chu Kang ActiveSG Gym,40%
2026-09-14T08:15:15.155295+00:00,Clementi ActiveSG Gym,63%
2026-09-14T08:15:15.155295+00:00,Delta ActiveSG Gym,0%
2026-09-14T08:15:15.155295+00:00,Heartbeat @ Bedok ActiveSG Gym,60%
2026-09-14T08:15:15.155295+00:00,Hougang ActiveSG Gym,73%
2026-09-14T08:15:15.155295+00:00,Jalan Besar ActiveSG Gym,66%
2026-09-14T08:15:15.155295+00:00,Jurong East ActiveSG Gym,50%
2026-09-14T08:15:15.155295+00:00,Jurong Lake Gardens ActiveSG Gym,33%
2026-09-14T08:15:15.155295+00:00,Jurong West ActiveSG Gym,35%
2026-09-14T08:15:15.155295+00:00,Katong ActiveSG Gym,45%
2026-09-14T08:15:15.155295+00:00,Pasir Ris ActiveSG Gym,26%
2026-09-14T08:15:15.155295+00:00,Queenstown ActiveSG Gym,0%
2026-09-14T08:15:15.155295+00:00,Sengkang ActiveSG Gym,78%
2026-09-14T08:15:15.155295+00:00,Senja-Cashew ActiveSG Gym,65%
2026-09-14T08:15:15.155295+00:00,Tampines ActiveSG Gym,64%
2026-09-14T08:15:15.155295+00:00,Woodlands ActiveSG Gym,51%
2026-09-14T08:15:15.155295+00:00,Yio Chu Kang ActiveSG Gym,51%
2026-09-14T08:15:15.155295+00:00,Yishun ActiveSG Gym,44%
2026-09-14T08:30:14.238674+00:00,ActiveSG Gym @ Ang Mo Kio Community Centre,52%
2026-09-14T08:30:14.238674+00:00,ActiveSG Gym @ Enabling Village,0%
2026-09-14T08:30:14.238674+00:00,ActiveSG Gym @ Fernvale Square,55%
2026-09-14T08:30:14.238674+00:00,ActiveSG Gym @ Serangoon Central,23%
2026-09-14T08:30:14.238674+00:00,ActiveSG Gym @ Toa Payoh,49%
2026-09-14T08:30:14.238674+00:00,ActiveSG Gym @ Toa Payoh West Community Centre,27%
2026-09-14T08:30:14.238674+00:00,ActiveSG Hockey Village @ Boon Lay Gym,25%
2026-09-14T08:30:14.238674+00:00,ActiveSG Sport Park @ Teck Ghee ActiveSG Gym,49%
2026-09-14T08:30:14.238674+00:00,Bishan ActiveSG Gym,65%
2026-09-14T08:30:14.238674+00:00,Bukit Batok ActiveSG Gym,57%
2026-09-14T08:30:14.238674+00:00,Bukit Canberra ActiveSG Gym,57%
2026-09-14T08:30:14.238674+00:00,Bukit Gombak ActiveSG Gym,48%
2026-09-14T08:30:14.238674+00:00,Choa Chu Kang ActiveSG Gym,44%
2026-09-14T08:30:14.238674+00:00,Clementi ActiveSG Gym,72%
2026-09-14T08:30:14.238674+00:00,Delta ActiveSG Gym,0%
2026-09-14T08:30:14.238674+00:00,Heartbeat @ Bedok ActiveSG Gym,56%
2026-09-14T08:30:14.238674+00:00,Hougang ActiveSG Gym,75%
2026-09-14T08:30:14.238674+00:00,Jalan Besar ActiveSG Gym,66%
2026-09-14T08:30:14.238674+00:00,Jurong East ActiveSG Gym,52%
2026-09-14T08:30:14.238674+00:00,Jurong Lake Gardens ActiveSG Gym,32%
2026-09-14T08:30:14.238674+00:00,Jurong West ActiveSG Gym,34%
2026-09-14T08:30:14.238674+00:00,Katong ActiveSG Gym,40%
2026-09-14T08:30:14.238674+00:00,Pasir Ris ActiveSG Gym,31%
2026-09-14T08:30:14.238674+00:00,Queenstown ActiveSG Gym,0%
2026-09-14T08:30:14.238674+00:00,Sengkang ActiveSG Gym,73%
2026-09-14T08:30:14.238674+00:00,Senja-Cashew ActiveSG Gym,58%
2026-09-14T08:30:14.238674+00:00,Tampines ActiveSG Gym,64%
2026-09-14T08:30:14.238674+00:00,Woodlands ActiveSG Gym,57%
2026-09-14T08:30:14.238674+00:00,Yio Chu Kang ActiveSG Gym,46%
2026-09-14T08:30:14.238674+00:00,Yishun ActiveSG Gym,48%
2026-09-14T08:45:27.728792+00:00,ActiveSG Gym @ Ang Mo Kio Community Centre,52%
2026-09-14T08:45:27.728792+00:00,ActiveSG Gym @ Enabling Village,0%
2026-09-14T08:45:27.728792+00:00,ActiveSG Gym @ Fernvale Square,62%
2026-09-14T08:45:27.728792+00:00,ActiveSG Gym @ Serangoon Central,23%
2026-09-14T08:45:27.728792+00:00,ActiveSG Gym @ Toa Payoh,49%
2026-09-14T08:45:27.728792+00:00,ActiveSG Gym @ Toa Payoh West Community Centre,25%
2026-09-14T08:45:27.728792+00:00,ActiveSG Hockey Village @ Boon Lay Gym,25%
2026-09-14T08:45:27.728792+00:00,ActiveSG Sport Park @ Teck Ghee ActiveSG Gym,45%
2026-09-14T08:45:27.728792+00:00,Bishan ActiveSG Gym,65%
2026-09-14T08:45:27.728792+00:00,Bukit Batok ActiveSG Gym,68%
2026-09-14T08:45:27.728792+00:00,Bukit Canberra ActiveSG Gym,60%
2026-09-14T08:45:27.728792+00:00,Bukit Gombak ActiveSG Gym,44%
2026-09-14T08:45:27.728792+00:00,Choa Chu Kang ActiveSG Gym,52%
2026-09-14T08:45:27.728792+00:00,Clementi ActiveSG Gym,72%
2026-09-14T08:45:27.728792+00:00,Delta ActiveSG Gym,0%
2026-09-14T08:45:27.728792+00:00,Heartbeat @ Bedok ActiveSG Gym,49%
2026-09-14T08:45:27.728792+00:00,Hougang ActiveSG Gym,79%
2026-09-14T08:45:27.728792+00:00,Jalan Besar ActiveSG Gym,61%
2026-09-14T08:45:27.728792+00:00,Jurong East ActiveSG Gym,51%
2026-09-14T08:45:27.728792+00:00,Jurong Lake Gardens ActiveSG Gym,30%
2026-09-14T08:45:27.728792+00:00,Jurong West ActiveSG Gym,35%
2026-09-14T08:45:27.728792+00:00,Katong ActiveSG Gym,38%
2026-09-14T08:45:27.728792+00:00,Pasir Ris ActiveSG Gym,25%
2026-09-14T08:45:27.728792+00:00,Queenstown ActiveSG Gym,0%
2026-09-14T08:45:27.728792+00:00,Sengkang ActiveSG Gym,78%
2026-09-14T08:45:27.728792+00:00,Senja-Cashew ActiveSG Gym,63%
2026-09-14T08:45:27.728792+00:00,Tampines ActiveSG Gym,63%
2026-09-14T08:45:27.728792+00:00,Woodlands ActiveSG Gym,60%
2026-09-14T08:45:27.728792+00:00,Yio Chu Kang ActiveSG Gym,43%
2026-09-14T08:45:27.728792+00:00,Yishun ActiveSG Gym,50%
2026-09-14T09:00:12.580815+00:00,ActiveSG Gym @ Ang Mo Kio Community Centre,52%
2026-09-14T09:00:12.580815+00:00,ActiveSG Gym @ Enabling Village,0%
2026-09-14T09:00:12.580815+00:00,ActiveSG Gym @ Fernvale Square,70%
2026-09-14T09:00:12.580815+00:00,ActiveSG Gym @ Serangoon Central,23%
2026-09-14T09:00:12.580815+00:00,ActiveSG Gym @ Toa Payoh,51%
2026-09-14T09:00:12.580815+00:00,ActiveSG Gym @ Toa Payoh West Community Centre,28%
2026-09-14T09:00:12.580815+00:00,ActiveSG Hockey Village @ Boon Lay Gym,25%
2026-09-14T09:00:12.580815+00:00,ActiveSG Sport Park @ Teck Ghee ActiveSG Gym,46%
2026-09-14T09:00:12.580815+00:00,Bishan ActiveSG Gym,68%
2026-09-14T09:00:12.580815+00:00,Bukit Batok ActiveSG Gym,68%
2026-09-14T09:00:12.580815+00:00,Bukit Canberra ActiveSG Gym,61%
2026-09-14T09:00:12.580815+00:00,Bukit Gombak ActiveSG Gym,48%
2026-09-14T09:00:12.580815+00:00,Choa Chu Kang ActiveSG Gym,60%
2026-09-14T09:00:12.580815+00:00,Clementi ActiveSG Gym,75%
2026-09-14T09:00:12.580815+00:00,Delta ActiveSG Gym,0%
2026-09-14T09:00:12.580815+00:00,Heartbeat @ Bedok ActiveSG Gym,43%
2026-09-14T09:00:12.580815+00:00,Hougang ActiveSG Gym,78%
2026-09-14T09:00:12.580815+00:00,Jalan Besar ActiveSG Gym,42%
2026-09-14T09:00:12.580815+00:00,Jurong East ActiveSG Gym,49%
2026-09-14T09:00:12.580815+00:00,Jurong Lake Gardens ActiveSG Gym,33%
2026-09-14T09:00:12.580815+00:00,Jurong West ActiveSG Gym,34%
2026-09-14T09:00:12.580815+00:00,Katong ActiveSG Gym,42%
2026-09-14T09:00:12.580815+00:00,Pasir Ris ActiveSG Gym,35%
2026-09-14T09:00:12.580815+00:00,Queenstown ActiveSG Gym,0%
2026-09-14T09:00:12.580815+00:00,Sengkang ActiveSG Gym,77%
2026-09-14T09:00:12.580815+00:00,Senja-Cashew ActiveSG Gym,63%
2026-09-14T09:00:12.580815+00:00,Tampines ActiveSG Gym,69%
2026-09-14T09:00:12.580815+00:00,Woodlands ActiveSG Gym,56%
2026-09-14T09:00:12.580815+00:00,Yio Chu Kang ActiveSG Gym,42%
2026-09-14T09:00:12.580815+00:00,Yishun ActiveSG Gym,54%
2026-09-14T09:15:15.536190+00:00,ActiveSG Gym @ Ang Mo Kio Community Centre,52%
2026-09-14T09:15:15.536190+00:00,ActiveSG Gym @ Enabling Village,0%
2026-09-14T09:15:15.536190+00:00,ActiveSG Gym @ Fernvale Square,73%
2026-09-14T09:15:15.536190+00:00,ActiveSG Gym @ Serangoon Central,50%
2026-09-14T09:15:15.536190+00:00,ActiveSG Gym @ Toa Payoh,56%
2026-09-14T09:15:15.536190+00:00,ActiveSG Gym @ Toa Payoh West Community Centre,37%
2026-09-14T09:15:15.536190+00:00,ActiveSG Hockey Village @ Boon Lay Gym,25%
2026-09-14T09:15:15.536190+00:00,ActiveSG Sport Park @ Teck Ghee ActiveSG Gym,47%
2026-09-14T09:15:15.536190+00:00,Bishan ActiveSG Gym,64%
2026-09-14T09:15:15.536190+00:00,Bukit Batok ActiveSG Gym,75%
2026-09-14T09:15:15.536190+00:00,Bukit Canberra ActiveSG Gym,62%
2026-09-14T09:15:15.536190+00:00,Bukit Gombak ActiveSG Gym,53%
2026-09-14T09:15:15.536190+00:00,Choa Chu Kang ActiveSG Gym,63%
2026-09-14T09:15:15.536190+00:00,Clementi ActiveSG Gym,78%
2026-09-14T09:15:15.536190+00:00,Delta ActiveSG Gym,0%
2026-09-14T09:15:15.536190+00:00,Heartbeat @ Bedok ActiveSG Gym,48%
2026-09-14T09:15:15.536190+00:00,Hougang ActiveSG Gym,77%
2026-09-14T09:15:15.536190+00:00,Jalan Besar ActiveSG Gym,44%
2026-09-14T09:15:15.536190+00:00,Jurong East ActiveSG Gym,47%
2026-09-14T09:15:15.536190+00:00,Jurong Lake Gardens ActiveSG Gym,35%
2026-09-14T09:15:15.536190+00:00,Jurong West ActiveSG Gym,35%
2026-09-14T09:15:15.536190+00:00,Katong ActiveSG Gym,52%
2026-09-14T09:15:15.536190+00:00,Pasir Ris ActiveSG Gym,35%
2026-09-14T09:15:15.536190+00:00,Queenstown ActiveSG Gym,0%
2026-09-14T09:15:15.536190+00:00,Sengkang ActiveSG Gym,76%
2026-09-14T09:15:15.536190+00:00,Senja-Cashew ActiveSG Gym,57%
2026-09-14T09:15:15.536190+00:00,Tampines ActiveSG Gym,68%
2026-09-14T09:15:15.536190+00:00,Woodlands ActiveSG Gym,61%
2026-09-14T09:15:15.536190+00:00,Yio Chu Kang ActiveSG Gym,44%
2026-09-14T09:15:15.536190+00:00,Yishun ActiveSG Gym,57%
2026-09-14T09:30:13.999779+00:00,ActiveSG Gym @ Ang Mo Kio Community Centre,45%
2026-09-14T09:30:13.999779+00:00,ActiveSG Gym @ Enabling Village,0%
2026-09-14T09:30:13.999779+00:00,ActiveSG Gym @ Fernvale Square,70%
2026-09-14T09:30:13.999779+00:00,ActiveSG Gym @ Serangoon Central,50%
2026-09-14T09:30:13.999779+00:00,ActiveSG Gym @ Toa Payoh,57%
2026-09-14T09:30:13.999779+00:00,ActiveSG Gym @ Toa Payoh West Community Centre,39%
2026-09-14T09:30:13.999779+00:00,ActiveSG Hockey Village @ Boon Lay Gym,25%
2026-09-14T09:30:13.999779+00:00,ActiveSG Sport Park @ Teck Ghee ActiveSG Gym,46%
2026-09-14T09:30:13.999779+00:00,Bishan ActiveSG Gym,64%
2026-09-14T09:30:13.999779+00:00,Bukit Batok ActiveSG Gym,57%
2026-09-14T09:30:13.999779+00:00,Bukit Canberra ActiveSG Gym,64%
2026-09-14T09:30:13.999779+00:00,Bukit Gombak ActiveSG Gym,62%
2026-09-14T09:30:13.999779+00:00,Choa Chu Kang ActiveSG Gym,61%
2026-09-14T09:30:13.999779+00:00,Clementi ActiveSG Gym,83%
2026-09-14T09:30:13.999779+00:00,Delta ActiveSG Gym,0%
2026-09-14T09:30:13.999779+00:00,Heartbeat @ Bedok ActiveSG Gym,51%
2026-09-14T09:30:13.999779+00:00,Hougang ActiveSG Gym,82%
2026-09-14T09:30:13.999779+00:00,Jalan Besar ActiveSG Gym,51%
2026-09-14T09:30:13.999779+00:00,Jurong East ActiveSG Gym,36%
2026-09-14T09:30:13.999779+00:00,Jurong Lake Gardens ActiveSG Gym,36%
2026-09-14T09:30:13.999779+00:00,Jurong West ActiveSG Gym,36%
2026-09-14T09:30:13.999779+00:00,Katong ActiveSG Gym,65%
2026-09-14T09:30:13.999779+00:00,Pasir Ris ActiveSG Gym,34%
2026-09-14T09:30:13.999779+00:00,Queenstown ActiveSG Gym,0%
2026-09-14T09:30:13.999779+00:00,Sengkang ActiveSG Gym,79%
2026-09-14T09:30:13.999779+00:00,Senja-Cashew ActiveSG Gym,54%
2026-09-14T09:30:13.999779+00:00,Tampines ActiveSG Gym,68%
2026-09-14T09:30:13.999779+00:00,Woodlands ActiveSG Gym,69%
2026-09-14T09:30:13.999779+00:00,Yio Chu Kang ActiveSG Gym,43%
2026-09-14T09:30:13.999779+00:00,Yishun ActiveSG Gym,56%
2026-09-14T09:45:14.487199+00:00,ActiveSG Gym @ Ang Mo Kio Community Centre,45%
2026-09-14T09:45:14.487199+00:00,ActiveSG Gym @ Enabling Village,0%
2026-09-14T09:45:14.487199+00:00,ActiveSG Gym @ Fernvale Square,63%
2026-09-14T09:45:14.487199+00:00,ActiveSG Gym @ Serangoon Central,63%
2026-09-14T09:45:14.487199+00:00,ActiveSG Gym @ Toa Payoh,56%
2026-09-14T09:45:14.487199+00:00,ActiveSG Gym @ Toa Payoh West Community Centre,32%
2026-09-14T09:45:14.487199+00:00,ActiveSG Hockey Village @ Boon Lay Gym,25%
2026-09-14T09:45:14.487199+00:00,ActiveSG Sport Park @ Teck Ghee ActiveSG Gym,46%
2026-09-14T09:45:14.487199+00:00,Bishan ActiveSG Gym,64%
2026-09-14T09:45:14.487199+00:00,Bukit Batok ActiveSG Gym,75%
2026-09-14T09:45:14.487199+00:00,Bukit Canberra ActiveSG Gym,62%
2026-09-14T09:45:14.487199+00:00,Bukit Gombak ActiveSG Gym,53%
2026-09-14T09:45:14.487199+00:00,Choa Chu Kang ActiveSG Gym,55%
2026-09-14T09:45:14.487199+00:00,Clementi ActiveSG Gym,74%
2026-09-14T09:45:14.487199+00:00,Delta ActiveSG Gym,0%
2026-09-14T09:45:14.487199+00:00,Heartbeat @ Bedok ActiveSG Gym,48%
2026-09-14T09:45:14.487199+00:00,Hougang ActiveSG Gym,84%
2026-09-14T09:45:14.487199+00:00,Jalan Besar ActiveSG Gym,59%
2026-09-14T09:45:14.487199+00:00,Jurong East ActiveSG Gym,44%
2026-09-14T09:45:14.487199+00:00,Jurong Lake Gardens ActiveSG Gym,36%
2026-09-14T09:45:14.487199+00:00,Jurong West ActiveSG Gym,37%
2026-09-14T09:45:14.487199+00:00,Katong ActiveSG Gym,65%
2026-09-14T09:45:14.487199+00:00,Pasir Ris ActiveSG Gym,41%
2026-09-14T09:45:14.487199+00:00,Queenstown ActiveSG Gym,0%
2026-09-14T09:45:14.487199+00:00,Sengkang ActiveSG Gym,72%
2026-09-14T09:45:14.487199+00:00,Senja-Cashew ActiveSG Gym,60%
2026-09-14T09:45:14.487199+00:00,Tampines ActiveSG Gym,71%
2026-09-14T09:45:14.487199+00:00,Woodlands ActiveSG Gym,66%
2026-09-14T09:45:14.487199+00:00,Yio Chu Kang ActiveSG Gym,41%
2026-09-14T09:45:14.487199+00:00,Yishun ActiveSG Gym,54%
2026-09-14T10:00:15.220163+00:00,ActiveSG Gym @ Ang Mo Kio Community Centre,45%
2026-09-14T10:00:15.220163+00:00,ActiveSG Gym @ Enabling Village,0%
2026-09-14T10:00:15.220163+00:00,ActiveSG Gym @ Fernvale Square,50%
2026-09-14T10:00:15.220163+00:00,ActiveSG Gym @ Serangoon Central,63%
2026-09-14T10:00:15.220163+00:00,ActiveSG Gym @ Toa Payoh,55%
2026-09-14T10:00:15.220163+00:00,ActiveSG Gym @ Toa Payoh West Community Centre,31%
2026-09-14T10:00:15.220163+00:00,ActiveSG Hockey Village @ Boon Lay Gym,25%
2026-09-14T10:00:15.220163+00:00,ActiveSG Sport Park @ Teck Ghee ActiveSG Gym,49%
2026-09-14T10:00:15.220163+00:00,Bishan ActiveSG Gym,64%
2026-09-14T10:00:15.220163+00:00,Bukit Batok ActiveSG Gym,85%
2026-09-14T10:00:15.220163+00:00,Bukit Canberra ActiveSG Gym,62%
2026-09-14T10:00:15.220163+00:00,Bukit Gombak ActiveSG Gym,59%
2026-09-14T10:00:15.220163+00:00,Choa Chu Kang ActiveSG Gym,62%
2026-09-14T10:00:15.220163+00:00,Clementi ActiveSG Gym,69%
2026-09-14T10:00:15.220163+00:00,Delta ActiveSG Gym,0%
2026-09-14T10:00:15.220163+00:00,Heartbeat @ Bedok ActiveSG Gym,51%
2026-09-14T10:00:15.220163+00:00,Hougang ActiveSG Gym,82%
2026-09-14T10:00:15.220163+00:00,Jalan Besar ActiveSG Gym,61%
2026-09-14T10:00:15.220163+00:00,Jurong East ActiveSG Gym,54%
2026-09-14T10:00:15.220163+00:00,Jurong Lake Gardens ActiveSG Gym,37%
2026-09-14T10:00:15.220163+00:00,Jurong West ActiveSG Gym,38%
2026-09-14T10:00:15.220163+00:00,Katong ActiveSG Gym,62%
2026-09-14T10:00:15.220163+00:00,Pasir Ris ActiveSG Gym,43%
2026-09-14T10:00:15.220163+00:00,Queenstown ActiveSG Gym,0%
2026-09-14T10:00:15.220163+00:00,Sengkang ActiveSG Gym,86%
2026-09-14T10:00:15.220163+00:00,Senja-Cashew ActiveSG Gym,75%
2026-09-14T10:00:15.220163+00:00,Tampines ActiveSG Gym,62%
2026-09-14T10:00:15.220163+00:00,Woodlands ActiveSG Gym,57%
2026-09-14T10:00:15.220163+00:00,Yio Chu Kang ActiveSG Gym,40%
2026-09-14T10:00:15.220163+00:00,Yishun ActiveSG Gym,53%
2026-09-14T10:15:15.388035+00:00,ActiveSG Gym @ Ang Mo Kio Community Centre,45%
2026-09-14T10:15:15.388035+00:00,ActiveSG Gym @ Enabling Village,0%
2026-09-14T10:15:15.388035+00:00,ActiveSG Gym @ Fernvale Square,32%
2026-09-14T10:15:15.388035+00:00,ActiveSG Gym @ Serangoon Central,63%
2026-09-14T10:15:15.388035+00:00,ActiveSG Gym @ Toa Payoh,60%
2026-09-14T10:15:15.388035+00:00,ActiveSG Gym @ Toa Payoh West Community Centre,43%
2026-09-14T10:15:15.388035+00:00,ActiveSG Hockey Village @ Boon Lay Gym,25%
2026-09-14T10:15:15.388035+00:00,ActiveSG Sport Park @ Teck Ghee ActiveSG Gym,50%
2026-09-14T10:15:15.388035+00:00,Bishan ActiveSG Gym,64%
2026-09-14T10:15:15.388035+00:00,Bukit Batok ActiveSG Gym,85%
2026-09-14T10:15:15.388035+00:00,Bukit Canberra ActiveSG Gym,64%
2026-09-14T10:15:15.388035+00:00,Bukit Gombak ActiveSG Gym,64%
2026-09-14T10:15:15.388035+00:00,Choa Chu Kang ActiveSG Gym,66%
2026-09-14T10:15:15.388035+00:00,Clementi ActiveSG Gym,71%
2026-09-14T10:15:15.388035+00:00,Delta ActiveSG Gym,0%
2026-09-14T10:15:15.388035+00:00,Heartbeat @ Bedok ActiveSG Gym,55%
2026-09-14T10:15:15.388035+00:00,Hougang ActiveSG Gym,77%
2026-09-14T10:15:15.388035+00:00,Jalan Besar ActiveSG Gym,66%
2026-09-14T10:15:15.388035+00:00,Jurong East ActiveSG Gym,57%
2026-09-14T10:15:15.388035+00:00,Jurong Lake Gardens ActiveSG Gym,43%
2026-09-14T10:15:15.388035+00:00,Jurong West ActiveSG Gym,42%
2026-09-14T10:15:15.388035+00:00,Katong ActiveSG Gym,65%
2026-09-14T10:15:15.388035+00:00,Pasir Ris ActiveSG Gym,43%
2026-09-14T10:15:15.388035+00:00,Queenstown ActiveSG Gym,0%
2026-09-14T10:15:15.388035+00:00,Sengkang ActiveSG Gym,89%
2026-09-14T10:15:15.388035+00:00,Senja-Cashew ActiveSG Gym,74%
2026-09-14T10:15:15.388035+00:00,Tampines ActiveSG Gym,71%
2026-09-14T10:15:15.388035+00:00,Woodlands ActiveSG Gym,62%
2026-09-14T10:15:15.388035+00:00,Yio Chu Kang ActiveSG Gym,44%
2026-09-14T10:15:15.388035+00:00,Yishun ActiveSG Gym,65%
2026-09-14T10:30:13.837963+00:00,ActiveSG Gym @ Ang Mo Kio Community Centre,45%
2026-09-14T10:30:13.837963+00:00,ActiveSG Gym @ Enabling Village,0%
2026-09-14T10:30:13.837963+00:00,ActiveSG Gym @ Fernvale Square,30%
2026-09-14T10:30:13.837963+00:00,ActiveSG Gym @ Serangoon Central,77%
2026-09-14T10:30:13.837963+00:00,ActiveSG Gym @ Toa Payoh,70%
2026-09-14T10:30:13.837963+00:00,ActiveSG Gym @ Toa Payoh West Community Centre,39%
2026-09-14T10:30:13.837963+00:00,ActiveSG Hockey Village @ Boon Lay Gym,25%
2026-09-14T10:30:13.837963+00:00,ActiveSG Sport Park @ Teck Ghee ActiveSG Gym,51%
2026-09-14T10:30:13.837963+00:00,Bishan ActiveSG Gym,77%
2026-09-14T10:30:13.837963+00:00,Bukit Batok ActiveSG Gym,65%
2026-09-14T10:30:13.837963+00:00,Bukit Canberra ActiveSG Gym,62%
2026-09-14T10:30:13.837963+00:00,Bukit Gombak ActiveSG Gym,74%
2026-09-14T10:30:13.837963+00:00,Choa Chu Kang ActiveSG Gym,62%
2026-09-14T10:30:13.837963+00:00,Clementi ActiveSG Gym,68%
2026-09-14T10:30:13.837963+00:00,Delta ActiveSG Gym,0%
2026-09-14T10:30:13.837963+00:00,Heartbeat @ Bedok ActiveSG Gym,60%
2026-09-14T10:30:13.837963+00:00,Hougang ActiveSG Gym,85%
2026-09-14T10:30:13.837963+00:00,Jalan Besar ActiveSG Gym,60%
2026-09-14T10:30:13.837963+00:00,Jurong East ActiveSG Gym,57%
2026-09-14T10:30:13.837963+00:00,Jurong Lake Gardens ActiveSG Gym,42%
2026-09-14T10:30:13.837963+00:00,Jurong West ActiveSG Gym,43%
2026-09-14T10:30:13.837963+00:00,Katong ActiveSG Gym,74%
2026-09-14T10:30:13.837963+00:00,Pasir Ris ActiveSG Gym,46%
2026-09-14T10:30:13.837963+00:00,Queenstown ActiveSG Gym,0%
2026-09-14T10:30:13.837963+00:00,Sengkang ActiveSG Gym,85%
2026-09-14T10:30:13.837963+00:00,Senja-Cashew ActiveSG Gym,78%
2026-09-14T10:30:13.837963+00:00,Tampines ActiveSG Gym,71%
2026-09-14T10:30:13.837963+00:00,Woodlands ActiveSG Gym,62%
2026-09-14T10:30:13.837963+00:00,Yio Chu Kang ActiveSG Gym,43%
2026-09-14T10:30:13.837963+00:00,Yishun ActiveSG Gym,79%
2026-09-14T10:45:14.075911+00:00,ActiveSG Gym @ Ang Mo Kio Community Centre,45%
2026-09-14T10:45:14.075911+00:00,ActiveSG Gym @ Enabling Village,0%
2026-09-14T10:45:14.075911+00:00,ActiveSG Gym @ Fernvale Square,27%
2026-09-14T10:45:14.075911+00:00,ActiveSG Gym @ Serangoon Central,77%
2026-09-14T10:45:14.075911+00:00,ActiveSG Gym @ Toa Payoh,71%
2026-09-14T10:45:14.075911+00:00,ActiveSG Gym @ Toa Payoh West Community Centre,45%
2026-09-14T10:45:14.075911+00:00,ActiveSG Hockey Village @ Boon Lay Gym,25%
2026-09-14T10:45:14.075911+00:00,ActiveSG Sport Park @ Teck Ghee ActiveSG Gym,54%
2026-09-14T10:45:14.075911+00:00,Bishan ActiveSG Gym,77%
2026-09-14T10:45:14.075911+00:00,Bukit Batok ActiveSG Gym,70%
2026-09-14T10:45:14.075911+00:00,Bukit Canberra ActiveSG Gym,63%
2026-09-14T10:45:14.075911+00:00,Bukit Gombak ActiveSG Gym,78%
2026-09-14T10:45:14.075911+00:00,Choa Chu Kang ActiveSG Gym,58%
2026-09-14T10:45:14.075911+00:00,Clementi ActiveSG Gym,81%
2026-09-14T10:45:14.075911+00:00,Delta ActiveSG Gym,0%
2026-09-14T10:45:14.075911+00:00,Heartbeat @ Bedok ActiveSG Gym,71%
2026-09-14T10:45:14.075911+00:00,Hougang ActiveSG Gym,86%
2026-09-14T10:45:14.075911+00:00,Jalan Besar ActiveSG Gym,74%
2026-09-14T10:45:14.075911+00:00,Jurong East ActiveSG Gym,66%
2026-09-14T10:45:14.075911+00:00,Jurong Lake Gardens ActiveSG Gym,43%
2026-09-14T10:45:14.075911+00:00,Jurong West ActiveSG Gym,46%
2026-09-14T10:45:14.075911+00:00,Katong ActiveSG Gym,78%
2026-09-14T10:45:14.075911+00:00,Pasir Ris ActiveSG Gym,55%
2026-09-14T10:45:14.075911+00:00,Queenstown ActiveSG Gym,0%
2026-09-14T10:45:14.075911+00:00,Sengkang ActiveSG Gym,74%
2026-09-14T10:45:14.075911+00:00,Senja-Cashew ActiveSG Gym,72%
2026-09-14T10:45:14.075911+00:00,Tampines ActiveSG Gym,78%
2026-09-14T10:45:14.075911+00:00,Woodlands ActiveSG Gym,64%
2026-09-14T10:45:14.075911+00:00,Yio Chu Kang ActiveSG Gym,51%
2026-09-14T10:45:14.075911+00:00,Yishun ActiveSG Gym,69%
2026-09-14T11:00:09.093946+00:00,ActiveSG Gym @ Ang Mo Kio Community Centre,48%
2026-09-14T11:00:09.093946+00:00,ActiveSG Gym @ Enabling Village,0%
2026-09-14T11:00:09.093946+00:00,ActiveSG Gym @ Fernvale Square,45%
2026-09-14T11:00:09.093946+00:00,ActiveSG Gym @ Serangoon Central,77%
2026-09-14T11:00:09.093946+00:00,ActiveSG Gym @ Toa Payoh,73%
2026-09-14T11:00:09.093946+00:00,ActiveSG Gym @ Toa Payoh West Community Centre,44%
2026-09-14T11:00:09.093946+00:00,ActiveSG Hockey Village @ Boon Lay Gym,25%
2026-09-14T11:00:09.093946+00:00,ActiveSG Sport Park @ Teck Ghee ActiveSG Gym,54%
2026-09-14T11:00:09.093946+00:00,Bishan ActiveSG Gym,77%
2026-09-14T11:00:09.093946+00:00,Bukit Batok ActiveSG Gym,60%
2026-09-14T11:00:09.093946+00:00,Bukit Canberra ActiveSG Gym,70%
2026-09-14T11:00:09.093946+00:00,Bukit Gombak ActiveSG Gym,87%
2026-09-14T11:00:09.093946+00:00,Choa Chu Kang ActiveSG Gym,63%
2026-09-14T11:00:09.093946+00:00,Clementi ActiveSG Gym,89%
2026-09-14T11:00:09.093946+00:00,Delta ActiveSG Gym,0%
2026-09-14T11:00:09.093946+00:00,Heartbeat @ Bedok ActiveSG Gym,66%
2026-09-14T11:00:09.093946+00:00,Hougang ActiveSG Gym,90%
2026-09-14T11:00:09.093946+00:00,Jalan Besar ActiveSG Gym,79%
2026-09-14T11:00:09.093946+00:00,Jurong East ActiveSG Gym,63%
2026-09-14T11:00:09.093946+00:00,Jurong Lake Gardens ActiveSG Gym,41%
2026-09-14T11:00:09.093946+00:00,Jurong West ActiveSG Gym,46%
2026-09-14T11:00:09.093946+00:00,Katong ActiveSG Gym,88%
2026-09-14T11:00:09.093946+00:00,Pasir Ris ActiveSG Gym,61%
2026-09-14T11:00:09.093946+00:00,Queenstown ActiveSG Gym,0%
2026-09-14T11:00:09.093946+00:00,Sengkang ActiveSG Gym,84%
2026-09-14T11:00:09.093946+00:00,Senja-Cashew ActiveSG Gym,68%
2026-09-14T11:00:09.093946+00:00,Tampines ActiveSG Gym,80%
2026-09-14T11:00:09.093946+00:00,Woodlands ActiveSG Gym,66%
2026-09-14T11:00:09.093946+00:00,Yio Chu Kang ActiveSG Gym,56%
2026-09-14T11:00:09.093946+00:00,Yishun ActiveSG Gym,63%
2026-09-14T11:15:16.098087+00:00,ActiveSG Gym @ Ang Mo Kio Community Centre,48%
2026-09-14T11:15:16.098087+00:00,ActiveSG Gym @ Enabling Village,0%
2026-09-14T11:15:16.098087+00:00,ActiveSG Gym @ Fernvale Square,58%
2026-09-14T11:15:16.098087+00:00,ActiveSG Gym @ Serangoon Central,77%
2026-09-14T11:15:16.098087+00:00,ActiveSG Gym @ Toa Payoh,74%
2026-09-14T11:15:16.098087+00:00,ActiveSG Gym @ Toa Payoh West Community Centre,43%
2026-09-14T11:15:16.098087+00:00,ActiveSG Hockey Village @ Boon Lay Gym,25%
2026-09-14T11:15:16.098087+00:00,ActiveSG Sport Park @ Teck Ghee ActiveSG Gym,53%
2026-09-14T11:15:16.098087+00:00,Bishan ActiveSG Gym,77%
2026-09-14T11:15:16.098087+00:00,Bukit Batok ActiveSG Gym,75%
2026-09-14T11:15:16.098087+00:00,Bukit Canberra ActiveSG Gym,75%
2026-09-14T11:15:16.098087+00:00,Bukit Gombak ActiveSG Gym,80%
2026-09-14T11:15:16.098087+00:00,Choa Chu Kang ActiveSG Gym,65%
2026-09-14T11:15:16.098087+00:00,Clementi ActiveSG Gym,95%
2026-09-14T11:15:16.098087+00:00,Delta ActiveSG Gym,0%
2026-09-14T11:15:16.098087+00:00,Heartbeat @ Bedok ActiveSG Gym,66%
2026-09-14T11:15:16.098087+00:00,Hougang ActiveSG Gym,89%
2026-09-14T11:15:16.098087+00:00,Jalan Besar ActiveSG Gym,68%
2026-09-14T11:15:16.098087+00:00,Jurong East ActiveSG Gym,68%
2026-09-14T11:15:16.098087+00:00,Jurong Lake Gardens ActiveSG Gym,39%
2026-09-14T11:15:16.098087+00:00,Jurong West ActiveSG Gym,46%
2026-09-14T11:15:16.098087+00:00,Katong ActiveSG Gym,86%
2026-09-14T11:15:16.098087+00:00,Pasir Ris ActiveSG Gym,60%
2026-09-14T11:15:16.098087+00:00,Queenstown ActiveSG Gym,0%
2026-09-14T11:15:16.098087+00:00,Sengkang ActiveSG Gym,93%
2026-09-14T11:15:16.098087+00:00,Senja-Cashew ActiveSG Gym,71%
2026-09-14T11:15:16.098087+00:00,Tampines ActiveSG Gym,87%
2026-09-14T11:15:16.098087+00:00,Woodlands ActiveSG Gym,66%
2026-09-14T11:15:16.098087+00:00,Yio Chu Kang ActiveSG Gym,51%
2026-09-14T11:15:16.098087+00:00,Yishun ActiveSG Gym,59%
2026-09-14T11:30:15.925046+00:00,ActiveSG Gym @ Ang Mo Kio Community Centre,48%
2026-09-14T11:30:15.925046+00:00,ActiveSG Gym @ Enabling Village,0%
2026-09-14T11:30:15.925046+00:00,ActiveSG Gym @ Fernvale Square,68%
2026-09-14T11:30:15.925046+00:00,ActiveSG Gym @ Serangoon Central,50%
2026-09-14T11:30:15.925046+00:00,ActiveSG Gym @ Toa Payoh,74%
2026-09-14T11:30:15.925046+00:00,ActiveSG Gym @ Toa Payoh West Community Centre,31%
2026-09-14T11:30:15.925046+00:00,ActiveSG Hockey Village @ Boon Lay Gym,25%
2026-09-14T11:30:15.925046+00:00,ActiveSG Sport Park @ Teck Ghee ActiveSG Gym,52%
2026-09-14T11:30:15.925046+00:00,Bishan ActiveSG Gym,77%
2026-09-14T11:30:15.925046+00:00,Bukit Batok ActiveSG Gym,83%
2026-09-14T11:30:15.925046+00:00,Bukit Canberra ActiveSG Gym,79%
2026-09-14T11:30:15.925046+00:00,Bukit Gombak ActiveSG Gym,82%
2026-09-14T11:30:15.925046+00:00,Choa Chu Kang ActiveSG Gym,69%
2026-09-14T11:30:15.925046+00:00,Clementi ActiveSG Gym,93%
2026-09-14T11:30:15.925046+00:00,Delta ActiveSG Gym,0%
2026-09-14T11:30:15.925046+00:00,Heartbeat @ Bedok ActiveSG Gym,65%
2026-09-14T11:30:15.925046+00:00,Hougang ActiveSG Gym,90%
2026-09-14T11:30:15.925046+00:00,Jalan Besar ActiveSG Gym,81%
2026-09-14T11:30:15.925046+00:00,Jurong East ActiveSG Gym,68%
2026-09-14T11:30:15.925046+00:00,Jurong Lake Gardens ActiveSG Gym,37%
2026-09-14T11:30:15.925046+00:00,Jurong West ActiveSG Gym,48%
2026-09-14T11:30:15.925046+00:00,Katong ActiveSG Gym,78%
2026-09-14T11:30:15.925046+00:00,Pasir Ris ActiveSG Gym,60%
2026-09-14T11:30:15.925046+00:00,Queenstown ActiveSG Gym,0%
2026-09-14T11:30:15.925046+00:00,Sengkang ActiveSG Gym,100%
2026-09-14T11:30:15.925046+00:00,Senja-Cashew ActiveSG Gym,69%
2026-09-14T11:30:15.925046+00:00,Tampines ActiveSG Gym,88%
2026-09-14T11:30:15.925046+00:00,Woodlands ActiveSG Gym,69%
2026-09-14T11:30:15.925046+00:00,Yio Chu Kang ActiveSG Gym,45%
2026-09-14T11:30:15.925046+00:00,Yishun ActiveSG Gym,61%
2026-09-14T11:45:14.222008+00:00,ActiveSG Gym @ Ang Mo Kio Community Centre,48%
2026-09-14T11:45:14.222008+00:00,ActiveSG Gym @ Enabling Village,0%
2026-09-14T11:45:14.222008+00:00,ActiveSG Gym @ Fernvale Square,67%
2026-09-14T11:45:14.222008+00:00,ActiveSG Gym @ Serangoon Central,50%
2026-09-14T11:45:14.222008+00:00,ActiveSG Gym @ Toa Payoh,65%
2026-09-14T11:45:14.222008+00:00,ActiveSG Gym @ Toa Payoh West Community Centre,25%
2026-09-14T11:45:14.222008+00:00,ActiveSG Hockey Village @ Boon Lay Gym,39%
2026-09-14T11:45:14.222008+00:00,ActiveSG Sport Park @ Teck Ghee ActiveSG Gym,53%
2026-09-14T11:45:14.222008+00:00,Bishan ActiveSG Gym,82%
2026-09-14T11:45:14.222008+00:00,Bukit Batok ActiveSG Gym,80%
2026-09-14T11:45:14.222008+00:00,Bukit Canberra ActiveSG Gym,80%
2026-09-14T11:45:14.222008+00:00,Bukit Gombak ActiveSG Gym,80%
2026-09-14T11:45:14.222008+00:00,Choa Chu Kang ActiveSG Gym,74%
2026-09-14T11:45:14.222008+00:00,Clementi ActiveSG Gym,96%
2026-09-14T11:45:14.222008+00:00,Delta ActiveSG Gym,0%
2026-09-14T11:45:14.222008+00:00,Heartbeat @ Bedok ActiveSG Gym,69%
2026-09-14T11:45:14.222008+00:00,Hougang ActiveSG Gym,87%
2026-09-14T11:45:14.222008+00:00,Jalan Besar ActiveSG Gym,74%
2026-09-14T11:45:14.222008+00:00,Jurong East ActiveSG Gym,62%
2026-09-14T11:45:14.222008+00:00,Jurong Lake Gardens ActiveSG Gym,37%
2026-09-14T11:45:14.222008+00:00,Jurong West ActiveSG Gym,47%
2026-09-14T11:45:14.222008+00:00,Katong ActiveSG Gym,82%
2026-09-14T11:45:14.222008+00:00,Pasir Ris ActiveSG Gym,58%
2026-09-14T11:45:14.222008+00:00,Queenstown ActiveSG Gym,0%
2026-09-14T11:45:14.222008+00:00,Sengkang ActiveSG Gym,100%
2026-09-14T11:45:14.222008+00:00,Senja-Cashew ActiveSG Gym,88%
2026-09-14T11:45:14.222008+00:00,Tampines ActiveSG Gym,72%
2026-09-14T11:45:14.222008+00:00,Woodlands ActiveSG Gym,71%
2026-09-14T11:45:14.222008+00:00,Yio Chu Kang ActiveSG Gym,48%
2026-09-14T11:45:14.222008+00:00,Yishun ActiveSG Gym,57%
2026-09-14T12:00:14.008480+00:00,ActiveSG Gym @ Ang Mo Kio Community Centre,48%
2026-09-14T12:00:14.008480+00:00,ActiveSG Gym @ Enabling Village,0%
2026-09-14T12:00:14.008480+00:00,ActiveSG Gym @ Fernvale Square,73%
2026-09-14T12:00:14.008480+00:00,ActiveSG Gym @ Serangoon Central,50%
2026-09-14T12:00:14.008480+00:00,ActiveSG Gym @ Toa Payoh,58%
2026-09-14T12:00:14.008480+00:00,ActiveSG Gym @ Toa Payoh West Community Centre,25%
2026-09-14T12:00:14.008480+00:00,ActiveSG Hockey Village @ Boon Lay Gym,39%
2026-09-14T12:00:14.008480+00:00,ActiveSG Sport Park @ Teck Ghee ActiveSG Gym,55%
2026-09-14T12:00:14.008480+00:00,Bishan ActiveSG Gym,82%
2026-09-14T12:00:14.008480+00:00,Bukit Batok ActiveSG Gym,80%
2026-09-14T12:00:14.008480+00:00,Bukit Canberra ActiveSG Gym,80%
2026-09-14T12:00:14.008480+00:00,Bukit Gombak ActiveSG Gym,80%
2026-09-14T12:00:14.008480+00:00,Choa Chu Kang ActiveSG Gym,78%
2026-09-14T12:00:14.008480+00:00,Clementi ActiveSG Gym,85%
2026-09-14T12:00:14.008480+00:00,Delta ActiveSG Gym,0%
2026-09-14T12:00:14.008480+00:00,Heartbeat @ Bedok ActiveSG Gym,48%
2026-09-14T12:00:14.008480+00:00,Hougang ActiveSG Gym,90%
2026-09-14T12:00:14.008480+00:00,Jalan Besar ActiveSG Gym,72%
2026-09-14T12:00:14.008480+00:00,Jurong East ActiveSG Gym,50%
2026-09-14T12:00:14.008480+00:00,Jurong Lake Gardens ActiveSG Gym,40%
2026-09-14T12:00:14.008480+00:00,Jurong West ActiveSG Gym,43%
2026-09-14T12:00:14.008480+00:00,Katong ActiveSG Gym,86%
2026-09-14T12:00:14.008480+00:00,Pasir Ris ActiveSG Gym,65%
2026-09-14T12:00:14.008480+00:00,Queenstown ActiveSG Gym,0%
2026-09-14T12:00:14.008480+00:00,Sengkang ActiveSG Gym,100%
2026-09-14T12:00:14.008480+00:00,Senja-Cashew ActiveSG Gym,88%
2026-09-14T12:00:14.008480+00:00,Tampines ActiveSG Gym,68%
2026-09-14T12:00:14.008480+00:00,Woodlands ActiveSG Gym,71%
2026-09-14T12:00:14.008480+00:00,Yio Chu Kang ActiveSG Gym,59%
2026-09-14T12:00:14.008480+00:00,Yishun ActiveSG Gym,59%
2026-09-14T12:10:31.271920+00:00,ActiveSG Gym @ Ang Mo Kio Community Centre,48%
2026-09-14T12:10:31.271920+00:00,ActiveSG Gym @ Enabling Village,0%
2026-09-14T12:10:31.271920+00:00,ActiveSG Gym @ Fernvale Square,73%
2026-09-14T12:10:31.271920+00:00,ActiveSG Gym @ Serangoon Central,40%
2026-09-14T12:10:31.271920+00:00,ActiveSG Gym @ Toa Payoh,65%
2026-09-14T12:10:31.271920+00:00,ActiveSG Gym @ Toa Payoh West Community Centre,27%
2026-09-14T12:10:31.271920+00:00,ActiveSG Hockey Village @ Boon Lay Gym,39%
2026-09-14T12:10:31.271920+00:00,ActiveSG Sport Park @ Teck Ghee ActiveSG Gym,56%
2026-09-14T12:10:31.271920+00:00,Bishan ActiveSG Gym,82%
2026-09-14T12:10:31.271920+00:00,Bukit Batok ActiveSG Gym,78%
2026-09-14T12:10:31.271920+00:00,Bukit Canberra ActiveSG Gym,78%
2026-09-14T12:10:31.271920+00:00,Bukit Gombak ActiveSG Gym,87%
2026-09-14T12:10:31.271920+00:00,Choa Chu Kang ActiveSG Gym,79%
2026-09-14T12:10:31.271920+00:00,Clementi ActiveSG Gym,87%
2026-09-14T12:10:31.271920+00:00,Delta ActiveSG Gym,0%
2026-09-14T12:10:31.271920+00:00,Heartbeat @ Bedok ActiveSG Gym,50%
2026-09-14T12:10:31.271920+00:00,Hougang ActiveSG Gym,90%
2026-09-14T12:10:31.271920+00:00,Jalan Besar ActiveSG Gym,69%
2026-09-14T12:10:31.271920+00:00,Jurong East ActiveSG Gym,45%
2026-09-14T12:10:31.271920+00:00,Jurong Lake Gardens ActiveSG Gym,39%
2026-09-14T12:10:31.271920+00:00,Jurong West ActiveSG Gym,43%
2026-09-14T12:10:31.271920+00:00,Katong ActiveSG Gym,92%
2026-09-14T12:10:31.271920+00:00,Pasir Ris ActiveSG Gym,56%
2026-09-14T12:10:31.271920+00:00,Queenstown ActiveSG Gym,0%
2026-09-14T12:10:31.271920+00:00,Sengkang ActiveSG Gym,91%
2026-09-14T12:10:31.271920+00:00,Senja-Cashew ActiveSG Gym,86%
2026-09-14T12:10:31.271920+00:00,Tampines ActiveSG Gym,65%
2026-09-14T12:10:31.271920+00:00,Woodlands ActiveSG Gym,65%
2026-09-14T12:10:31.271920+00:00,Yio Chu Kang ActiveSG Gym,59%
2026-09-14T12:10:31.271920+00:00,Yishun ActiveSG Gym,60%
2026-09-14T12:15:13.781467+00:00,ActiveSG Gym @ Ang Mo Kio Community Centre,48%
2026-09-14T12:15:13.781467+00:00,ActiveSG Gym @ Enabling Village,0%
2026-09-14T12:15:13.781467+00:00,ActiveSG Gym @ Fernvale Square,75%
2026-09-14T12:15:13.781467+00:00,ActiveSG Gym @ Serangoon Central,40%
2026-09-14T12:15:13.781467+00:00,ActiveSG Gym @ Toa Payoh,64%
2026-09-14T12:15:13.781467+00:00,ActiveSG Gym @ Toa Payoh West Community Centre,27%
2026-09-14T12:15:13.781467+00:00,ActiveSG Hockey Village @ Boon Lay Gym,39%
2026-09-14T12:15:13.781467+00:00,ActiveSG Sport Park @ Teck Ghee ActiveSG Gym,56%
2026-09-14T12:15:13.781467+00:00,Bishan ActiveSG Gym,82%
2026-09-14T12:15:13.781467+00:00,Bukit Batok ActiveSG Gym,80%
2026-09-14T12:15:13.781467+00:00,Bukit Canberra ActiveSG Gym,82%
2026-09-14T12:15:13.781467+00:00,Bukit Gombak ActiveSG Gym,87%
2026-09-14T12:15:13.781467+00:00,Choa Chu Kang ActiveSG Gym,81%
2026-09-14T12:15:13.781467+00:00,Clementi ActiveSG Gym,89%
2026-09-14T12:15:13.781467+00:00,Delta ActiveSG Gym,0%
2026-09-14T12:15:13.781467+00:00,Heartbeat @ Bedok ActiveSG Gym,46%
2026-09-14T12:15:13.781467+00:00,Hougang ActiveSG Gym,88%
2026-09-14T12:15:13.781467+00:00,Jalan Besar ActiveSG Gym,69%
2026-09-14T12:15:13.781467+00:00,Jurong East ActiveSG Gym,42%
2026-09-14T12:15:13.781467+00:00,Jurong Lake Gardens ActiveSG Gym,40%
2026-09-14T12:15:13.781467+00:00,Jurong West ActiveSG Gym,43%
2026-09-14T12:15:13.781467+00:00,Katong ActiveSG Gym,91%
2026-09-14T12:15:13.781467+00:00,Pasir Ris ActiveSG Gym,56%
2026-09-14T12:15:13.781467+00:00,Queenstown ActiveSG Gym,0%
2026-09-14T12:15:13.781467+00:00,Sengkang ActiveSG Gym,91%
2026-09-14T12:15:13.781467+00:00,Senja-Cashew ActiveSG Gym,80%
2026-09-14T12:15:13.781467+00:00,Tampines ActiveSG Gym,62%
2026-09-14T12:15:13.781467+00:00,Woodlands ActiveSG Gym,68%
2026-09-14T12:15:13.781467+00:00,Yio Chu Kang ActiveSG Gym,58%
2026-09-14T12:15:13.781467+00:00,Yishun ActiveSG Gym,58%
2026-09-14T12:30:14.524967+00:00,ActiveSG Gym @ Ang Mo Kio Community Centre,48%
2026-09-14T12:30:14.524967+00:00,ActiveSG Gym @ Enabling Village,0%
2026-09-14T12:30:14.524967+00:00,ActiveSG Gym @ Fernvale Square,63%
2026-09-14T12:30:14.524967+00:00,ActiveSG Gym @ Serangoon Central,40%
2026-09-14T12:30:14.524967+00:00,ActiveSG Gym @ Toa Payoh,67%
2026-09-14T12:30:14.524967+00:00,ActiveSG Gym @ Toa Payoh West Community Centre,33%
2026-09-14T12:30:14.524967+00:00,ActiveSG Hockey Village @ Boon Lay Gym,39%
2026-09-14T12:30:14.524967+00:00,ActiveSG Sport Park @ Teck Ghee ActiveSG Gym,54%
2026-09-14T12:30:14.524967+00:00,Bishan ActiveSG Gym,82%
2026-09-14T12:30:14.524967+00:00,Bukit Batok ActiveSG Gym,60%
2026-09-14T12:30:14.524967+00:00,Bukit Canberra ActiveSG Gym,85%
2026-09-14T12:30:14.524967+00:00,Bukit Gombak ActiveSG Gym,80%
2026-09-14T12:30:14.524967+00:00,Choa Chu Kang ActiveSG Gym,73%
2026-09-14T12:30:14.524967+00:00,Clementi ActiveSG Gym,85%
2026-09-14T12:30:14.524967+00:00,Delta ActiveSG Gym,0%
2026-09-14T12:30:14.524967+00:00,Heartbeat @ Bedok ActiveSG Gym,45%
2026-09-14T12:30:14.524967+00:00,Hougang ActiveSG Gym,94%
2026-09-14T12:30:14.524967+00:00,Jalan Besar ActiveSG Gym,62%
2026-09-14T12:30:14.524967+00:00,Jurong East ActiveSG Gym,46%
2026-09-14T12:30:14.524967+00:00,Jurong Lake Gardens ActiveSG Gym,45%
2026-09-14T12:30:14.524967+00:00,Jurong West ActiveSG Gym,41%
2026-09-14T12:30:14.524967+00:00,Katong ActiveSG Gym,97%
2026-09-14T12:30:14.524967+00:00,Pasir Ris ActiveSG Gym,50%
2026-09-14T12:30:14.524967+00:00,Queenstown ActiveSG Gym,0%
2026-09-14T12:30:14.524967+00:00,Sengkang ActiveSG Gym,86%
2026-09-14T12:30:14.524967+00:00,Senja-Cashew ActiveSG Gym,80%
2026-09-14T12:30:14.524967+00:00,Tampines ActiveSG Gym,62%
2026-09-14T12:30:14.524967+00:00,Woodlands ActiveSG Gym,68%
2026-09-14T12:30:14.524967+00:00,Yio Chu Kang ActiveSG Gym,57%
2026-09-14T12:30:14.524967+00:00,Yishun ActiveSG Gym,51%
2026-09-14T12:45:13.905239+00:00,ActiveSG Gym @ Ang Mo Kio Community Centre,48%
2026-09-14T12:45:13.905239+00:00,ActiveSG Gym @ Enabling Village,0%
2026-09-14T12:45:13.905239+00:00,ActiveSG Gym @ Fernvale Square,65%
2026-09-14T12:45:13.905239+00:00,ActiveSG Gym @ Serangoon Central,20%
2026-09-14T12:45:13.905239+00:00,ActiveSG Gym @ Toa Payoh,65%
2026-09-14T12:45:13.905239+00:00,ActiveSG Gym @ Toa Payoh West Community Centre,35%
2026-09-14T12:45:13.905239+00:00,ActiveSG Hockey Village @ Boon Lay Gym,39%
2026-09-14T12:45:13.905239+00:00,ActiveSG Sport Park @ Teck Ghee ActiveSG Gym,56%
2026-09-14T12:45:13.905239+00:00,Bishan ActiveSG Gym,73%
2026-09-14T12:45:13.905239+00:00,Bukit Batok ActiveSG Gym,63%
2026-09-14T12:45:13.905239+00:00,Bukit Canberra ActiveSG Gym,84%
2026-09-14T12:45:13.905239+00:00,Bukit Gombak ActiveSG Gym,80%
2026-09-14T12:45:13.905239+00:00,Choa Chu Kang ActiveSG Gym,67%
2026-09-14T12:45:13.905239+00:00,Clementi ActiveSG Gym,82%
2026-09-14T12:45:13.905239+00:00,Delta ActiveSG Gym,0%
2026-09-14T12:45:13.905239+00:00,Heartbeat @ Bedok ActiveSG Gym,44%
2026-09-14T12:45:13.905239+00:00,Hougang ActiveSG Gym,87%
2026-09-14T12:45:13.905239+00:00,Jalan Besar ActiveSG Gym,56%
2026-09-14T12:45:13.905239+00:00,Jurong East ActiveSG Gym,41%
2026-09-14T12:45:13.905239+00:00,Jurong Lake Gardens ActiveSG Gym,44%
2026-09-14T12:45:13.905239+00:00,Jurong West ActiveSG Gym,42%
2026-09-14T12:45:13.905239+00:00,Katong ActiveSG Gym,72%
2026-09-14T12:45:13.905239+00:00,Pasir Ris ActiveSG Gym,44%
2026-09-14T12:45:13.905239+00:00,Queenstown ActiveSG Gym,0%
2026-09-14T12:45:13.905239+00:00,Sengkang ActiveSG Gym,86%
2026-09-14T12:45:13.905239+00:00,Senja-Cashew ActiveSG Gym,78%
2026-09-14T12:45:13.905239+00:00,Tampines ActiveSG Gym,62%
2026-09-14T12:45:13.905239+00:00,Woodlands ActiveSG Gym,60%
2026-09-14T12:45:13.905239+00:00,Yio Chu Kang ActiveSG Gym,57%
2026-09-14T12:45:13.905239+00:00,Yishun ActiveSG Gym,43%
2026-09-14T13:00:17.316452+00:00,ActiveSG Gym @ Ang Mo Kio Community Centre,48%
2026-09-14T13:00:17.316452+00:00,ActiveSG Gym @ Enabling Village,0%
2026-09-14T13:00:17.316452+00:00,ActiveSG Gym @ Fernvale Square,63%
2026-09-14T13:00:17.316452+00:00,ActiveSG Gym @ Serangoon Central,20%
2026-09-14T13:00:17.316452+00:00,ActiveSG Gym @ Toa Payoh,58%
2026-09-14T13:00:17.316452+00:00,ActiveSG Gym @ Toa Payoh West Community Centre,40%
2026-09-14T13:00:17.316452+00:00,ActiveSG Hockey Village @ Boon Lay Gym,39%
2026-09-14T13:00:17.316452+00:00,ActiveSG Sport Park @ Teck Ghee ActiveSG Gym,55%
2026-09-14T13:00:17.316452+00:00,Bishan ActiveSG Gym,73%
2026-09-14T13:00:17.316452+00:00,Bukit Batok ActiveSG Gym,60%
2026-09-14T13:00:17.316452+00:00,Bukit Canberra ActiveSG Gym,78%
2026-09-14T13:00:17.316452+00:00,Bukit Gombak ActiveSG Gym,76%
2026-09-14T13:00:17.316452+00:00,Choa Chu Kang ActiveSG Gym,63%
2026-09-14T13:00:17.316452+00:00,Clementi ActiveSG Gym,80%
2026-09-14T13:00:17.316452+00:00,Delta ActiveSG Gym,0%
2026-09-14T13:00:17.316452+00:00,Heartbeat @ Bedok ActiveSG Gym,48%
2026-09-14T13:00:17.316452+00:00,Hougang ActiveSG Gym,86%
2026-09-14T13:00:17.316452+00:00,Jalan Besar ActiveSG Gym,47%
2026-09-14T13:00:17.316452+00:00,Jurong East ActiveSG Gym,41%
2026-09-14T13:00:17.316452+00:00,Jurong Lake Gardens ActiveSG Gym,43%
2026-09-14T13:00:17.316452+00:00,Jurong West ActiveSG Gym,39%
2026-09-14T13:00:17.316452+00:00,Katong ActiveSG Gym,60%
2026-09-14T13:00:17.316452+00:00,Pasir Ris ActiveSG Gym,44%
2026-09-14T13:00:17.316452+00:00,Queenstown ActiveSG Gym,0%
2026-09-14T13:00:17.316452+00:00,Sengkang ActiveSG Gym,93%
2026-09-14T13:00:17.316452+00:00,Senja-Cashew ActiveSG Gym,65%
2026-09-14T13:00:17.316452+00:00,Tampines ActiveSG Gym,58%
2026-09-14T13:00:17.316452+00:00,Woodlands ActiveSG Gym,53%
2026-09-14T13:00:17.316452+00:00,Yio Chu Kang ActiveSG Gym,55%
2026-09-14T13:00:17.316452+00:00,Yishun ActiveSG Gym,42%
2026-09-14T13:15:13.832126+00:00,ActiveSG Gym @ Ang Mo Kio Community Centre,48%
2026-09-14T13:15:13.832126+00:00,ActiveSG Gym @ Enabling Village,0%
2026-09-14T13:15:13.832126+00:00,ActiveSG Gym @ Fernvale Square,65%
2026-09-14T13:15:13.832126+00:00,ActiveSG Gym @ Serangoon Central,13%
2026-09-14T13:15:13.832126+00:00,ActiveSG Gym @ Toa Payoh,57%
2026-09-14T13:15:13.832126+00:00,ActiveSG Gym @ Toa Payoh West Community Centre,36%
2026-09-14T13:15:13.832126+00:00,ActiveSG Hockey Village @ Boon Lay Gym,39%
2026-09-14T13:15:13.832126+00:00,ActiveSG Sport Park @ Teck Ghee ActiveSG Gym,49%
2026-09-14T13:15:13.832126+00:00,Bishan ActiveSG Gym,69%
2026-09-14T13:15:13.832126+00:00,Bukit Batok ActiveSG Gym,80%
2026-09-14T13:15:13.832126+00:00,Bukit Canberra ActiveSG Gym,78%
2026-09-14T13:15:13.832126+00:00,Bukit Gombak ActiveSG Gym,70%
2026-09-14T13:15:13.832126+00:00,Choa Chu Kang ActiveSG Gym,63%
2026-09-14T13:15:13.832126+00:00,Clementi ActiveSG Gym,77%
2026-09-14T13:15:13.832126+00:00,Delta ActiveSG Gym,0%
2026-09-14T13:15:13.832126+00:00,Heartbeat @ Bedok ActiveSG Gym,45%
2026-09-14T13:15:13.832126+00:00,Hougang ActiveSG Gym,85%
2026-09-14T13:15:13.832126+00:00,Jalan Besar ActiveSG Gym,51%
2026-09-14T13:15:13.832126+00:00,Jurong East ActiveSG Gym,36%
2026-09-14T13:15:13.832126+00:00,Jurong Lake Gardens ActiveSG Gym,36%
2026-09-14T13:15:13.832126+00:00,Jurong West ActiveSG Gym,38%
2026-09-14T13:15:13.832126+00:00,Katong ActiveSG Gym,60%
2026-09-14T13:15:13.832126+00:00,Pasir Ris ActiveSG Gym,45%
2026-09-14T13:15:13.832126+00:00,Queenstown ActiveSG Gym,0%
2026-09-14T13:15:13.832126+00:00,Sengkang ActiveSG Gym,85%
2026-09-14T13:15:13.832126+00:00,Senja-Cashew ActiveSG Gym,58%
2026-09-14T13:15:13.832126+00:00,Tampines ActiveSG Gym,55%
2026-09-14T13:15:13.832126+00:00,Woodlands ActiveSG Gym,54%
2026-09-14T13:15:13.832126+00:00,Yio Chu Kang ActiveSG Gym,53%
2026-09-14T13:15:13.832126+00:00,Yishun ActiveSG Gym,44%
2026-09-14T13:30:14.346537+00:00,ActiveSG Gym @ Ang Mo Kio Community Centre,48%
2026-09-14T13:30:14.346537+00:00,ActiveSG Gym @ Enabling Village,0%
2026-09-14T13:30:14.346537+00:00,ActiveSG Gym @ Fernvale Square,43%
2026-09-14T13:30:14.346537+00:00,ActiveSG Gym @ Serangoon Central,13%
2026-09-14T13:30:14.346537+00:00,ActiveSG Gym @ Toa Payoh,51%
2026-09-14T13:30:14.346537+00:00,ActiveSG Gym @ Toa Payoh West Community Centre,28%
2026-09-14T13:30:14.346537+00:00,ActiveSG Hockey Village @ Boon Lay Gym,39%
2026-09-14T13:30:14.346537+00:00,ActiveSG Sport Park @ Teck Ghee ActiveSG Gym,48%
2026-09-14T13:30:14.346537+00:00,Bishan ActiveSG Gym,39%
2026-09-14T13:30:14.346537+00:00,Bukit Batok ActiveSG Gym,0%
2026-09-14T13:30:14.346537+00:00,Bukit Canberra ActiveSG Gym,72%
2026-09-14T13:30:14.346537+00:00,Bukit Gombak ActiveSG Gym,41%
2026-09-14T13:30:14.346537+00:00,Choa Chu Kang ActiveSG Gym,51%
2026-09-14T13:30:14.346537+00:00,Clementi ActiveSG Gym,56%
2026-09-14T13:30:14.346537+00:00,Delta ActiveSG Gym,0%
2026-09-14T13:30:14.346537+00:00,Heartbeat @ Bedok ActiveSG Gym,38%
2026-09-14T13:30:14.346537+00:00,Hougang ActiveSG Gym,77%
2026-09-14T13:30:14.346537+00:00,Jalan Besar ActiveSG Gym,20%
2026-09-14T13:30:14.346537+00:00,Jurong East ActiveSG Gym,21%
2026-09-14T13:30:14.346537+00:00,Jurong Lake Gardens ActiveSG Gym,25%
2026-09-14T13:30:14.346537+00:00,Jurong West ActiveSG Gym,30%
2026-09-14T13:30:14.346537+00:00,Katong ActiveSG Gym,49%
2026-09-14T13:30:14.346537+00:00,Pasir Ris ActiveSG Gym,37%
2026-09-14T13:30:14.346537+00:00,Queenstown ActiveSG Gym,0%
2026-09-14T13:30:14.346537+00:00,Sengkang ActiveSG Gym,78%
2026-09-14T13:30:14.346537+00:00,Senja-Cashew ActiveSG Gym,35%
2026-09-14T13:30:14.346537+00:00,Tampines ActiveSG Gym,50%
2026-09-14T13:30:14.346537+00:00,Woodlands ActiveSG Gym,0%
2026-09-14T13:30:14.346537+00:00,Yio Chu Kang ActiveSG Gym,40%
2026-09-14T13:30:14.346537+00:00,Yishun ActiveSG Gym,32%
2026-09-14T13:45:13.755240+00:00,ActiveSG Gym @ Ang Mo Kio Community Centre,48%
2026-09-14T13:45:13.755240+00:00,ActiveSG Gym @ Enabling Village,0%
2026-09-14T13:45:13.755240+00:00,ActiveSG Gym @ Fernvale Square,37%
2026-09-14T13:45:13.755240+00:00,ActiveSG Gym @ Serangoon Central,13%
2026-09-14T13:45:13.755240+00:00,ActiveSG Gym @ Toa Payoh,41%
2026-09-14T13:45:13.755240+00:00,ActiveSG Gym @ Toa Payoh West Community Centre,24%
2026-09-14T13:45:13.755240+00:00,ActiveSG Hockey Village @ Boon Lay Gym,0%
2026-09-14T13:45:13.755240+00:00,ActiveSG Sport Park @ Teck Ghee ActiveSG Gym,48%
2026-09-14T13:45:13.755240+00:00,Bishan ActiveSG Gym,29%
2026-09-14T13:45:13.755240+00:00,Bukit Batok ActiveSG Gym,0%
2026-09-14T13:45:13.755240+00:00,Bukit Canberra ActiveSG Gym,0%
2026-09-14T13:45:13.755240+00:00,Bukit Gombak ActiveSG Gym,29%
2026-09-14T13:45:13.755240+00:00,Choa Chu Kang ActiveSG Gym,34%
2026-09-14T13:45:13.755240+00:00,Clementi ActiveSG Gym,28%
2026-09-14T13:45:13.755240+00:00,Delta ActiveSG Gym,0%
2026-09-14T13:45:13.755240+00:00,Heartbeat @ Bedok ActiveSG Gym,38%
2026-09-14T13:45:13.755240+00:00,Hougang ActiveSG Gym,66%
2026-09-14T13:45:13.755240+00:00,Jalan Besar ActiveSG Gym,0%
2026-09-14T13:45:13.755240+00:00,Jurong East ActiveSG Gym,21%
2026-09-14T13:45:13.755240+00:00,Jurong Lake Gardens ActiveSG Gym,25%
2026-09-14T13:45:13.755240+00:00,Jurong West ActiveSG Gym,0%
2026-09-14T13:45:13.755240+00:00,Katong ActiveSG Gym,0%
2026-09-14T13:45:13.755240+00:00,Pasir Ris ActiveSG Gym,25%
2026-09-14T13:45:13.755240+00:00,Queenstown ActiveSG Gym,0%
2026-09-14T13:45:13.755240+00:00,Sengkang ActiveSG Gym,78%
2026-09-14T13:45:13.755240+00:00,Senja-Cashew ActiveSG Gym,11%
2026-09-14T13:45:13.755240+00:00,Tampines ActiveSG Gym,48%
2026-09-14T13:45:13.755240+00:00,Woodlands ActiveSG Gym,0%
2026-09-14T13:45:13.755240+00:00,Yio Chu Kang ActiveSG Gym,38%
2026-09-14T13:45:13.755240+00:00,Yishun ActiveSG Gym,30%
2026-09-14T23:00:11.835686+00:00,ActiveSG Gym @ Ang Mo Kio Community Centre,0%
2026-09-14T23:00:11.835686+00:00,ActiveSG Gym @ Enabling Village,0%
2026-09-14T23:00:11.835686+00:00,ActiveSG Gym @ Fernvale Square,0%
2026-09-14T23:00:11.835686+00:00,ActiveSG Gym @ Serangoon Central,0%
2026-09-14T23:00:11.835686+00:00,ActiveSG Gym @ Toa Payoh,0%
2026-09-14T23:00:11.835686+00:00,ActiveSG Gym @ Toa Payoh West Community Centre,0%
2026-09-14T23:00:11.835686+00:00,ActiveSG Hockey Village @ Boon Lay Gym,2%
2026-09-14T23:00:11.835686+00:00,ActiveSG Sport Park @ Teck Ghee ActiveSG Gym,0%
2026-09-14T23:00:11.835686+00:00,Bishan ActiveSG Gym,0%
2026-09-14T23:00:11.835686+00:00,Bukit Batok ActiveSG Gym,13%
2026-09-14T23:00:11.835686+00:00,Bukit Canberra ActiveSG Gym,3%
2026-09-14T23:00:11.835686+00:00,Bukit Gombak ActiveSG Gym,0%
2026-09-14T23:00:11.835686+00:00,Choa Chu Kang ActiveSG Gym,0%
2026-09-14T23:00:11.835686+00:00,Clementi ActiveSG Gym,0%
2026-09-14T23:00:11.835686+00:00,Delta ActiveSG Gym,0%
2026-09-14T23:00:11.835686+00:00,Heartbeat @ Bedok ActiveSG Gym,0%
2026-09-14T23:00:11.835686+00:00,Hougang ActiveSG Gym,0%
2026-09-14T23:00:11.835686+00:00,Jalan Besar ActiveSG Gym,1%
2026-09-14T23:00:11.835686+00:00,Jurong East ActiveSG Gym,0%
2026-09-14T23:00:11.835686+00:00,Jurong Lake Gardens ActiveSG Gym,0%
2026-09-14T23:00:11.835686+00:00,Jurong West ActiveSG Gym,0%
2026-09-14T23:00:11.835686+00:00,Katong ActiveSG Gym,0%
2026-09-14T23:00:11.835686+00:00,Pasir Ris ActiveSG Gym,0%
2026-09-14T23:00:11.835686+00:00,Queenstown ActiveSG Gym,0%
2026-09-14T23:00:11.835686+00:00,Sengkang ActiveSG Gym,0%
2026-09-14T23:00:11.835686+00:00,Senja-Cashew ActiveSG Gym,0%
2026-09-14T23:00:11.835686+00:00,Tampines ActiveSG Gym,0%
2026-09-14T23:00:11.835686+00:00,Woodlands ActiveSG Gym,0%
2026-09-14T23:00:11.835686+00:00,Yio Chu Kang ActiveSG Gym,2%
2026-09-14T23:00:11.835686+00:00,Yishun ActiveSG Gym,0%
2026-09-14T23:15:14.389087+00:00,ActiveSG Gym @ Ang Mo Kio Community Centre,18%
2026-09-14T23:15:14.389087+00:00,ActiveSG Gym @ Enabling Village,13%
2026-09-14T23:15:14.389087+00:00,ActiveSG Gym @ Fernvale Square,22%
2026-09-14T23:15:14.389087+00:00,ActiveSG Gym @ Serangoon Central,47%
2026-09-14T23:15:14.389087+00:00,ActiveSG Gym @ Toa Payoh,21%
2026-09-14T23:15:14.389087+00:00,ActiveSG Gym @ Toa Payoh West Community Centre,0%
2026-09-14T23:15:14.389087+00:00,ActiveSG Hockey Village @ Boon Lay Gym,5%
2026-09-14T23:15:14.389087+00:00,ActiveSG Sport Park @ Teck Ghee ActiveSG Gym,17%
2026-09-14T23:15:14.389087+00:00,Bishan ActiveSG Gym,19%
2026-09-14T23:15:14.389087+00:00,Bukit Batok ActiveSG Gym,33%
2026-09-14T23:15:14.389087+00:00,Bukit Canberra ActiveSG Gym,17%
2026-09-14T23:15:14.389087+00:00,Bukit Gombak ActiveSG Gym,18%
2026-09-14T23:15:14.389087+00:00,Choa Chu Kang ActiveSG Gym,16%
2026-09-14T23:15:14.389087+00:00,Clementi ActiveSG Gym,28%
2026-09-14T23:15:14.389087+00:00,Delta ActiveSG Gym,18%
2026-09-14T23:15:14.389087+00:00,Heartbeat @ Bedok ActiveSG Gym,25%
2026-09-14T23:15:14.389087+00:00,Hougang ActiveSG Gym,19%
2026-09-14T23:15:14.389087+00:00,Jalan Besar ActiveSG Gym,28%
2026-09-14T23:15:14.389087+00:00,Jurong East ActiveSG Gym,19%
2026-09-14T23:15:14.389087+00:00,Jurong Lake Gardens ActiveSG Gym,11%
2026-09-14T23:15:14.389087+00:00,Jurong West ActiveSG Gym,10%
2026-09-14T23:15:14.389087+00:00,Katong ActiveSG Gym,23%
2026-09-14T23:15:14.389087+00:00,Pasir Ris ActiveSG Gym,21%
2026-09-14T23:15:14.389087+00:00,Queenstown ActiveSG Gym,23%
2026-09-14T23:15:14.389087+00:00,Sengkang ActiveSG Gym,20%
2026-09-14T23:15:14.389087+00:00,Senja-Cashew ActiveSG Gym,31%
2026-09-14T23:15:14.389087+00:00,Tampines ActiveSG Gym,25%
2026-09-14T23:15:14.389087+00:00,Woodlands ActiveSG Gym,11%
2026-09-14T23:15:14.389087+00:00,Yio Chu Kang ActiveSG Gym,18%
2026-09-14T23:15:14.389087+00:00,Yishun ActiveSG Gym,20%
2026-09-14T23:30:13.716612+00:00,ActiveSG Gym @ Ang Mo Kio Community Centre,27%
2026-09-14T23:30:13.716612+00:00,ActiveSG Gym @ Enabling Village,27%
2026-09-14T23:30:13.716612+00:00,ActiveSG Gym @ Fernvale Square,22%
2026-09-14T23:30:13.716612+00:00,ActiveSG Gym @ Serangoon Central,73%
2026-09-14T23:30:13.716612+00:00,ActiveSG Gym @ Toa Payoh,27%
2026-09-14T23:30:13.716612+00:00,ActiveSG Gym @ Toa Payoh West Community Centre,8%
2026-09-14T23:30:13.716612+00:00,ActiveSG Hockey Village @ Boon Lay Gym,8%
2026-09-14T23:30:13.716612+00:00,ActiveSG Sport Park @ Teck Ghee ActiveSG Gym,18%
2026-09-14T23:30:13.716612+00:00,Bishan ActiveSG Gym,25%
2026-09-14T23:30:13.716612+00:00,Bukit Batok ActiveSG Gym,35%
2026-09-14T23:30:13.716612+00:00,Bukit Canberra ActiveSG Gym,23%
2026-09-14T23:30:13.716612+00:00,Bukit Gombak ActiveSG Gym,26%
2026-09-14T23:30:13.716612+00:00,Choa Chu Kang ActiveSG Gym,25%
2026-09-14T23:30:13.716612+00:00,Clementi ActiveSG Gym,37%
2026-09-14T23:30:13.716612+00:00,Delta ActiveSG Gym,25%
2026-09-14T23:30:13.716612+00:00,Heartbeat @ Bedok ActiveSG Gym,33%
2026-09-14T23:30:13.716612+00:00,Hougang ActiveSG Gym,26%
2026-09-14T23:30:13.716612+00:00,Jalan Besar ActiveSG Gym,40%
2026-09-14T23:30:13.716612+00:00,Jurong East ActiveSG Gym,20%
2026-09-14T23:30:13.716612+00:00,Jurong Lake Gardens ActiveSG Gym,14%
2026-09-14T23:30:13.716612+00:00,Jurong West ActiveSG Gym,13%
2026-09-14T23:30:13.716612+00:00,Katong ActiveSG Gym,23%
2026-09-14T23:30:13.716612+00:00,Pasir Ris ActiveSG Gym,30%
2026-09-14T23:30:13.716612+00:00,Queenstown ActiveSG Gym,27%
2026-09-14T23:30:13.716612+00:00,Sengkang ActiveSG Gym,27%
2026-09-14T23:30:13.716612+00:00,Senja-Cashew ActiveSG Gym,43%
2026-09-14T23:30:13.716612+00:00,Tampines ActiveSG Gym,34%
2026-09-14T23:30:13.716612+00:00,Woodlands ActiveSG Gym,18%
2026-09-14T23:30:13.716612+00:00,Yio Chu Kang ActiveSG Gym,23%
2026-09-14T23:30:13.716612+00:00,Yishun ActiveSG Gym,24%
2026-09-14T23:45:13.993221+00:00,ActiveSG Gym @ Ang Mo Kio Community Centre,25%
2026-09-14T23:45:13.993221+00:00,ActiveSG Gym @ Enabling Village,31%
2026-09-14T23:45:13.993221+00:00,ActiveSG Gym @ Fernvale Square,25%
2026-09-14T23:45:13.993221+00:00,ActiveSG Gym @ Serangoon Central,73%
2026-09-14T23:45:13.993221+00:00,ActiveSG Gym @ Toa Payoh,34%
2026-09-14T23:45:13.993221+00:00,ActiveSG Gym @ Toa Payoh West Community Centre,9%
2026-09-14T23:45:13.993221+00:00,ActiveSG Hockey Village @ Boon Lay Gym,9%
2026-09-14T23:45:13.993221+00:00,ActiveSG Sport Park @ Teck Ghee ActiveSG Gym,22%
2026-09-14T23:45:13.993221+00:00,Bishan ActiveSG Gym,22%
2026-09-14T23:45:13.993221+00:00,Bukit Batok ActiveSG Gym,40%
2026-09-14T23:45:13.993221+00:00,Bukit Canberra ActiveSG Gym,28%
2026-09-14T23:45:13.993221+00:00,Bukit Gombak ActiveSG Gym,38%
2026-09-14T23:45:13.993221+00:00,Choa Chu Kang ActiveSG Gym,28%
2026-09-14T23:45:13.993221+00:00,Clementi ActiveSG Gym,44%
2026-09-14T23:45:13.993221+00:00,Delta ActiveSG Gym,28%
2026-09-14T23:45:13.993221+00:00,Heartbeat @ Bedok ActiveSG Gym,36%
2026-09-14T23:45:13.993221+00:00,Hougang ActiveSG Gym,28%
2026-09-14T23:45:13.993221+00:00,Jalan Besar ActiveSG Gym,38%
2026-09-14T23:45:13.993221+00:00,Jurong East ActiveSG Gym,28%
2026-09-14T23:45:13.993221+00:00,Jurong Lake Gardens ActiveSG Gym,23%
2026-09-14T23:45:13.993221+00:00,Jurong West ActiveSG Gym,16%
2026-09-14T23:45:13.993221+00:00,Katong ActiveSG Gym,35%
2026-09-14T23:45:13.993221+00:00,Pasir Ris ActiveSG Gym,33%
2026-09-14T23:45:13.993221+00:00,Queenstown ActiveSG Gym,32%
2026-09-14T23:45:13.993221+00:00,Sengkang ActiveSG Gym,35%
2026-09-14T23:45:13.993221+00:00,Senja-Cashew ActiveSG Gym,51%
2026-09-14T23:45:13.993221+00:00,Tampines ActiveSG Gym,36%
2026-09-14T23:45:13.993221+00:00,Woodlands ActiveSG Gym,21%
2026-09-14T23:45:13.993221+00:00,Yio Chu Kang ActiveSG Gym,28%
2026-09-14T23:45:13.993221+00:00,Yishun ActiveSG Gym,28%
2026-09-15T00:00:13.808801+00:00,ActiveSG Gym @ Ang Mo Kio Community Centre,35%
2026-09-15T00:00:13.808801+00:00,ActiveSG Gym @ Enabling Village,38%
2026-09-15T00:00:13.808801+00:00,ActiveSG Gym @ Fernvale Square,35%
2026-09-15T00:00:13.808801+00:00,ActiveSG Gym @ Serangoon Central,63%
2026-09-15T00:00:13.808801+00:00,ActiveSG Gym @ Toa Payoh,31%
2026-09-15T00:00:13.808801+00:00,ActiveSG Gym @ Toa Payoh West Community Centre,13%
2026-09-15T00:00:13.808801+00:00,ActiveSG Hockey Village @ Boon Lay Gym,12%
2026-09-15T00:00:13.808801+00:00,ActiveSG Sport Park @ Teck Ghee ActiveSG Gym,23%
2026-09-15T00:00:13.808801+00:00,Bishan ActiveSG Gym,16%
2026-09-15T00:00:13.808801+00:00,Bukit Batok ActiveSG Gym,33%
2026-09-15T00:00:13.808801+00:00,Bukit Canberra ActiveSG Gym,30%
2026-09-15T00:00:13.808801+00:00,Bukit Gombak ActiveSG Gym,53%
2026-09-15T00:00:13.808801+00:00,Choa Chu Kang ActiveSG Gym,31%
2026-09-15T00:00:13.808801+00:00,Clementi ActiveSG Gym,46%
2026-09-15T00:00:13.808801+00:00,Delta ActiveSG Gym,32%
2026-09-15T00:00:13.808801+00:00,Heartbeat @ Bedok ActiveSG Gym,34%
2026-09-15T00:00:13.808801+00:00,Hougang ActiveSG Gym,28%
2026-09-15T00:00:13.808801+00:00,Jalan Besar ActiveSG Gym,32%
2026-09-15T00:00:13.808801+00:00,Jurong East ActiveSG Gym,26%
2026-09-15T00:00:13.808801+00:00,Jurong Lake Gardens ActiveSG Gym,22%
2026-09-15T00:00:13.808801+00:00,Jurong West ActiveSG Gym,17%
2026-09-15T00:00:13.808801+00:00,Katong ActiveSG Gym,38%
2026-09-15T00:00:13.808801+00:00,Pasir Ris ActiveSG Gym,30%
2026-09-15T00:00:13.808801+00:00,Queenstown ActiveSG Gym,36%
2026-09-15T00:00:13.808801+00:00,Sengkang ActiveSG Gym,46%
2026-09-15T00:00:13.808801+00:00,Senja-Cashew ActiveSG Gym,43%
2026-09-15T00:00:13.808801+00:00,Tampines ActiveSG Gym,36%
2026-09-15T00:00:13.808801+00:00,Woodlands ActiveSG Gym,21%
2026-09-15T00:00:13.808801+00:00,Yio Chu Kang ActiveSG Gym,31%
2026-09-15T00:00:13.808801+00:00,Yishun ActiveSG Gym,27%
2026-09-15T00:15:14.635638+00:00,ActiveSG Gym @ Ang Mo Kio Community Centre,40%
2026-09-15T00:15:14.635638+00:00,ActiveSG Gym @ Enabling Village,27%
2026-09-15T00:15:14.635638+00:00,ActiveSG Gym @ Fernvale Square,32%
2026-09-15T00:15:14.635638+00:00,ActiveSG Gym @ Serangoon Central,73%
2026-09-15T00:15:14.635638+00:00,ActiveSG Gym @ Toa Payoh,31%
2026-09-15T00:15:14.635638+00:00,ActiveSG Gym @ Toa Payoh West Community Centre,15%
2026-09-15T00:15:14.635638+00:00,ActiveSG Hockey Village @ Boon Lay Gym,14%
2026-09-15T00:15:14.635638+00:00,ActiveSG Sport Park @ Teck Ghee ActiveSG Gym,25%
2026-09-15T00:15:14.635638+00:00,Bishan ActiveSG Gym,17%
2026-09-15T00:15:14.635638+00:00,Bukit Batok ActiveSG Gym,35%
2026-09-15T00:15:14.635638+00:00,Bukit Canberra ActiveSG Gym,31%
2026-09-15T00:15:14.635638+00:00,Bukit Gombak ActiveSG Gym,47%
2026-09-15T00:15:14.635638+00:00,Choa Chu Kang ActiveSG Gym,34%
2026-09-15T00:15:14.635638+00:00,Clementi ActiveSG Gym,45%
2026-09-15T00:15:14.635638+00:00,Delta ActiveSG Gym,25%
2026-09-15T00:15:14.635638+00:00,Heartbeat @ Bedok ActiveSG Gym,32%
2026-09-15T00:15:14.635638+00:00,Hougang ActiveSG Gym,29%
2026-09-15T00:15:14.635638+00:00,Jalan Besar ActiveSG Gym,31%
2026-09-15T00:15:14.635638+00:00,Jurong East ActiveSG Gym,24%
2026-09-15T00:15:14.635638+00:00,Jurong Lake Gardens ActiveSG Gym,23%
2026-09-15T00:15:14.635638+00:00,Jurong West ActiveSG Gym,18%
2026-09-15T00:15:14.635638+00:00,Katong ActiveSG Gym,38%
2026-09-15T00:15:14.635638+00:00,Pasir Ris ActiveSG Gym,36%
2026-09-15T00:15:14.635638+00:00,Queenstown ActiveSG Gym,37%
2026-09-15T00:15:14.635638+00:00,Sengkang ActiveSG Gym,54%
2026-09-15T00:15:14.635638+00:00,Senja-Cashew ActiveSG Gym,57%
2026-09-15T00:15:14.635638+00:00,Tampines ActiveSG Gym,36%
2026-09-15T00:15:14.635638+00:00,Woodlands ActiveSG Gym,23%
2026-09-15T00:15:14.635638+00:00,Yio Chu Kang ActiveSG Gym,32%
2026-09-15T00:15:14.635638+00:00,Yishun ActiveSG Gym,30%
2026-09-15T00:30:13.728682+00:00,ActiveSG Gym @ Ang Mo Kio Community Centre,35%
2026-09-15T00:30:13.728682+00:00,ActiveSG Gym @ Enabling Village,31%
2026-09-15T00:30:13.728682+00:00,ActiveSG Gym @ Fernvale Square,38%
2026-09-15T00:30:13.728682+00:00,ActiveSG Gym @ Serangoon Central,60%
2026-09-15T00:30:13.728682+00:00,ActiveSG Gym @ Toa Payoh,36%
2026-09-15T00:30:13.728682+00:00,ActiveSG Gym @ Toa Payoh West Community Centre,16%
2026-09-15T00:30:13.728682+00:00,ActiveSG Hockey Village @ Boon Lay Gym,16%
2026-09-15T00:30:13.728682+00:00,ActiveSG Sport Park @ Teck Ghee ActiveSG Gym,21%
2026-09-15T00:30:13.728682+00:00,Bishan ActiveSG Gym,17%
2026-09-15T00:30:13.728682+00:00,Bukit Batok ActiveSG Gym,38%
2026-09-15T00:30:13.728682+00:00,Bukit Canberra ActiveSG Gym,31%
2026-09-15T00:30:13.728682+00:00,Bukit Gombak ActiveSG Gym,47%
2026-09-15T00:30:13.728682+00:00,Choa Chu Kang ActiveSG Gym,37%
2026-09-15T00:30:13.728682+00:00,Clementi ActiveSG Gym,44%
2026-09-15T00:30:13.728682+00:00,Delta ActiveSG Gym,22%
2026-09-15T00:30:13.728682+00:00,Heartbeat @ Bedok ActiveSG Gym,29%
2026-09-15T00:30:13.728682+00:00,Hougang ActiveSG Gym,32%
2026-09-15T00:30:13.728682+00:00,Jalan Besar ActiveSG Gym,26%
2026-09-15T00:30:13.728682+00:00,Jurong East ActiveSG Gym,22%
2026-09-15T00:30:13.728682+00:00,Jurong Lake Gardens ActiveSG Gym,25%
2026-09-15T00:30:13.728682+00:00,Jurong West ActiveSG Gym,18%
2026-09-15T00:30:13.728682+00:00,Katong ActiveSG Gym,38%
2026-09-15T00:30:13.728682+00:00,Pasir Ris ActiveSG Gym,43%
2026-09-15T00:30:13.728682+00:00,Queenstown ActiveSG Gym,40%
2026-09-15T00:30:13.728682+00:00,Sengkang ActiveSG Gym,62%
2026-09-15T00:30:13.728682+00:00,Senja-Cashew ActiveSG Gym,66%
2026-09-15T00:30:13.728682+00:00,Tampines ActiveSG Gym,37%
2026-09-15T00:30:13.728682+00:00,Woodlands ActiveSG Gym,23%
2026-09-15T00:30:13.728682+00:00,Yio Chu Kang ActiveSG Gym,33%
2026-09-15T00:30:13.728682+00:00,Yishun ActiveSG Gym,29%
2026-09-15T00:45:14.242710+00:00,ActiveSG Gym @ Ang Mo Kio Community Centre,38%
2026-09-15T00:45:14.242710+00:00,ActiveSG Gym @ Enabling Village,24%
2026-09-15T00:45:14.242710+00:00,ActiveSG Gym @ Fernvale Square,40%
2026-09-15T00:45:14.242710+00:00,ActiveSG Gym @ Serangoon Central,50%
2026-09-15T00:45:14.242710+00:00,ActiveSG Gym @ Toa Payoh,39%
2026-09-15T00:45:14.242710+00:00,ActiveSG Gym @ Toa Payoh West Community Centre,29%
2026-09-15T00:45:14.242710+00:00,ActiveSG Hockey Village @ Boon Lay Gym,20%
2026-09-15T00:45:14.242710+00:00,ActiveSG Sport Park @ Teck Ghee ActiveSG Gym,21%
2026-09-15T00:45:14.242710+00:00,Bishan ActiveSG Gym,20%
2026-09-15T00:45:14.242710+00:00,Bukit Batok ActiveSG Gym,35%
2026-09-15T00:45:14.242710+00:00,Bukit Canberra ActiveSG Gym,32%
2026-09-15T00:45:14.242710+00:00,Bukit Gombak ActiveSG Gym,47%
2026-09-15T00:45:14.242710+00:00,Choa Chu Kang ActiveSG Gym,37%
2026-09-15T00:45:14.242710+00:00,Clementi ActiveSG Gym,48%
2026-09-15T00:45:14.242710+00:00,Delta ActiveSG Gym,30%
2026-09-15T00:45:14.242710+00:00,Heartbeat @ Bedok ActiveSG Gym,25%
2026-09-15T00:45:14.242710+00:00,Hougang ActiveSG Gym,35%
2026-09-15T00:45:14.242710+00:00,Jalan Besar ActiveSG Gym,33%
2026-09-15T00:45:14.242710+00:00,Jurong East ActiveSG Gym,26%
2026-09-15T00:45:14.242710+00:00,Jurong Lake Gardens ActiveSG Gym,26%
2026-09-15T00:45:14.242710+00:00,Jurong West ActiveSG Gym,20%
2026-09-15T00:45:14.242710+00:00,Katong ActiveSG Gym,38%
2026-09-15T00:45:14.242710+00:00,Pasir Ris ActiveSG Gym,38%
2026-09-15T00:45:14.242710+00:00,Queenstown ActiveSG Gym,33%
2026-09-15T00:45:14.242710+00:00,Sengkang ActiveSG Gym,66%
2026-09-15T00:45:14.242710+00:00,Senja-Cashew ActiveSG Gym,83%
2026-09-15T00:45:14.242710+00:00,Tampines ActiveSG Gym,37%
2026-09-15T00:45:14.242710+00:00,Woodlands ActiveSG Gym,23%
2026-09-15T00:45:14.242710+00:00,Yio Chu Kang ActiveSG Gym,33%
2026-09-15T00:45:14.242710+00:00,Yishun ActiveSG Gym,28%
2026-09-15T01:00:13.904002+00:00,ActiveSG Gym @ Ang Mo Kio Community Centre,43%
2026-09-15T01:00:13.904002+00:00,ActiveSG Gym @ Enabling Village,27%
2026-09-15T01:00:13.904002+00:00,ActiveSG Gym @ Fernvale Square,42%
2026-09-15T01:00:13.904002+00:00,ActiveSG Gym @ Serangoon Central,47%
2026-09-15T01:00:13.904002+00:00,ActiveSG Gym @ Toa Payoh,38%
2026-09-15T01:00:13.904002+00:00,ActiveSG Gym @ Toa Payoh West Community Centre,24%
2026-09-15T01:00:13.904002+00:00,ActiveSG Hockey Village @ Boon Lay Gym,20%
2026-09-15T01:00:13.904002+00:00,ActiveSG Sport Park @ Teck Ghee ActiveSG Gym,24%
2026-09-15T01:00:13.904002+00:00,Bishan ActiveSG Gym,25%
2026-09-15T01:00:13.904002+00:00,Bukit Batok ActiveSG Gym,38%
2026-09-15T01:00:13.904002+00:00,Bukit Canberra ActiveSG Gym,33%
2026-09-15T01:00:13.904002+00:00,Bukit Gombak ActiveSG Gym,47%
2026-09-15T01:00:13.904002+00:00,Choa Chu Kang ActiveSG Gym,41%
2026-09-15T01:00:13.904002+00:00,Clementi ActiveSG Gym,44%
2026-09-15T01:00:13.904002+00:00,Delta ActiveSG Gym,31%
2026-09-15T01:00:13.904002+00:00,Heartbeat @ Bedok ActiveSG Gym,29%
2026-09-15T01:00:13.904002+00:00,Hougang ActiveSG Gym,35%
2026-09-15T01:00:13.904002+00:00,Jalan Besar ActiveSG Gym,35%
2026-09-15T01:00:13.904002+00:00,Jurong East ActiveSG Gym,25%
2026-09-15T01:00:13.904002+00:00,Jurong Lake Gardens ActiveSG Gym,25%
2026-09-15T01:00:13.904002+00:00,Jurong West ActiveSG Gym,21%
2026-09-15T01:00:13.904002+00:00,Katong ActiveSG Gym,38%
2026-09-15T01:00:13.904002+00:00,Pasir Ris ActiveSG Gym,44%
2026-09-15T01:00:13.904002+00:00,Queenstown ActiveSG Gym,39%
2026-09-15T01:00:13.904002+00:00,Sengkang ActiveSG Gym,76%
2026-09-15T01:00:13.904002+00:00,Senja-Cashew ActiveSG Gym,71%
2026-09-15T01:00:13.904002+00:00,Tampines ActiveSG Gym,38%
2026-09-15T01:00:13.904002+00:00,Woodlands ActiveSG Gym,27%
2026-09-15T01:00:13.904002+00:00,Yio Chu Kang ActiveSG Gym,27%
2026-09-15T01:00:13.904002+00:00,Yishun ActiveSG Gym,29%
2026-09-15T01:15:13.739040+00:00,ActiveSG Gym @ Ang Mo Kio Community Centre,43%
2026-09-15T01:15:13.739040+00:00,ActiveSG Gym @ Enabling Village,29%
2026-09-15T01:15:13.739040+00:00,ActiveSG Gym @ Fernvale Square,48%
2026-09-15T01:15:13.739040+00:00,ActiveSG Gym @ Serangoon Central,53%
2026-09-15T01:15:13.739040+00:00,ActiveSG Gym @ Toa Payoh,44%
2026-09-15T01:15:13.739040+00:00,ActiveSG Gym @ Toa Payoh West Community Centre,24%
2026-09-15T01:15:13.739040+00:00,ActiveSG Hockey Village @ Boon Lay Gym,20%
2026-09-15T01:15:13.739040+00:00,ActiveSG Sport Park @ Teck Ghee ActiveSG Gym,23%
2026-09-15T01:15:13.739040+00:00,Bishan ActiveSG Gym,26%
2026-09-15T01:15:13.739040+00:00,Bukit Batok ActiveSG Gym,28%
2026-09-15T01:15:13.739040+00:00,Bukit Canberra ActiveSG Gym,38%
2026-09-15T01:15:13.739040+00:00,Bukit Gombak ActiveSG Gym,51%
2026-09-15T01:15:13.739040+00:00,Choa Chu Kang ActiveSG Gym,41%
2026-09-15T01:15:13.739040+00:00,Clementi ActiveSG Gym,47%
2026-09-15T01:15:13.739040+00:00,Delta ActiveSG Gym,35%
2026-09-15T01:15:13.739040+00:00,Heartbeat @ Bedok ActiveSG Gym,33%
2026-09-15T01:15:13.739040+00:00,Hougang ActiveSG Gym,37%
2026-09-15T01:15:13.739040+00:00,Jalan Besar ActiveSG Gym,38%
2026-09-15T01:15:13.739040+00:00,Jurong East ActiveSG Gym,29%
2026-09-15T01:15:13.739040+00:00,Jurong Lake Gardens ActiveSG Gym,26%
2026-09-15T01:15:13.739040+00:00,Jurong West ActiveSG Gym,21%
2026-09-15T01:15:13.739040+00:00,Katong ActiveSG Gym,42%
2026-09-15T01:15:13.739040+00:00,Pasir Ris ActiveSG Gym,42%
2026-09-15T01:15:13.739040+00:00,Queenstown ActiveSG Gym,40%
2026-09-15T01:15:13.739040+00:00,Sengkang ActiveSG Gym,76%
2026-09-15T01:15:13.739040+00:00,Senja-Cashew ActiveSG Gym,72%
2026-09-15T01:15:13.739040+00:00,Tampines ActiveSG Gym,40%
2026-09-15T01:15:13.739040+00:00,Woodlands ActiveSG Gym,24%
2026-09-15T01:15:13.739040+00:00,Yio Chu Kang ActiveSG Gym,24%
2026-09-15T01:15:13.739040+00:00,Yishun ActiveSG Gym,29%
2026-09-15T01:15:49.587847+00:00,ActiveSG Gym @ Ang Mo Kio Community Centre,45%
2026-09-15T01:15:49.587847+00:00,ActiveSG Gym @ Enabling Village,29%
2026-09-15T01:15:49.587847+00:00,ActiveSG Gym @ Fernvale Square,52%
2026-09-15T01:15:49.587847+00:00,ActiveSG Gym @ Serangoon Central,53%
2026-09-15T01:15:49.587847+00:00,ActiveSG Gym @ Toa Payoh,43%
2026-09-15T01:15:49.587847+00:00,ActiveSG Gym @ Toa Payoh West Community Centre,24%
2026-09-15T01:15:49.587847+00:00,ActiveSG Hockey Village @ Boon Lay Gym,20%
2026-09-15T01:15:49.587847+00:00,ActiveSG Sport Park @ Teck Ghee ActiveSG Gym,23%
2026-09-15T01:15:49.587847+00:00,Bishan ActiveSG Gym,26%
2026-09-15T01:15:49.587847+00:00,Bukit Batok ActiveSG Gym,28%
2026-09-15T01:15:49.587847+00:00,Bukit Canberra ActiveSG Gym,38%
2026-09-15T01:15:49.587847+00:00,Bukit Gombak ActiveSG Gym,48%
2026-09-15T01:15:49.587847+00:00,Choa Chu Kang ActiveSG Gym,41%
2026-09-15T01:15:49.587847+00:00,Clementi ActiveSG Gym,48%
2026-09-15T01:15:49.587847+00:00,Delta ActiveSG Gym,35%
2026-09-15T01:15:49.587847+00:00,Heartbeat @ Bedok ActiveSG Gym,33%
2026-09-15T01:15:49.587847+00:00,Hougang ActiveSG Gym,37%
2026-09-15T01:15:49.587847+00:00,Jalan Besar ActiveSG Gym,38%
2026-09-15T01:15:49.587847+00:00,Jurong East ActiveSG Gym,29%
2026-09-15T01:15:49.587847+00:00,Jurong Lake Gardens ActiveSG Gym,26%
2026-09-15T01:15:49.587847+00:00,Jurong West ActiveSG Gym,21%
2026-09-15T01:15:49.587847+00:00,Katong ActiveSG Gym,42%
2026-09-15T01:15:49.587847+00:00,Pasir Ris ActiveSG Gym,42%
2026-09-15T01:15:49.587847+00:00,Queenstown ActiveSG Gym,40%
2026-09-15T01:15:49.587847+00:00,Sengkang ActiveSG Gym,74%
2026-09-15T01:15:49.587847+00:00,Senja-Cashew ActiveSG Gym,72%
2026-09-15T01:15:49.587847+00:00,Tampines ActiveSG Gym,39%
2026-09-15T01:15:49.587847+00:00,Woodlands ActiveSG Gym,24%
2026-09-15T01:15:49.587847+00:00,Yio Chu Kang ActiveSG Gym,23%
2026-09-15T01:15:49.587847+00:00,Yishun ActiveSG Gym,30%
2026-09-15T01:30:13.856990+00:00,ActiveSG Gym @ Ang Mo Kio Community Centre,47%
2026-09-15T01:30:13.856990+00:00,ActiveSG Gym @ Enabling Village,27%
2026-09-15T01:30:13.856990+00:00,ActiveSG Gym @ Fernvale Square,55%
2026-09-15T01:30:13.856990+00:00,ActiveSG Gym @ Serangoon Central,57%
2026-09-15T01:30:13.856990+00:00,ActiveSG Gym @ Toa Payoh,44%
2026-09-15T01:30:13.856990+00:00,ActiveSG Gym @ Toa Payoh West Community Centre,32%
2026-09-15T01:30:13.856990+00:00,ActiveSG Hockey Village @ Boon Lay Gym,20%
2026-09-15T01:30:13.856990+00:00,ActiveSG Sport Park @ Teck Ghee ActiveSG Gym,22%
2026-09-15T01:30:13.856990+00:00,Bishan ActiveSG Gym,35%
2026-09-15T01:30:13.856990+00:00,Bukit Batok ActiveSG Gym,35%
2026-09-15T01:30:13.856990+00:00,Bukit Canberra ActiveSG Gym,39%
2026-09-15T01:30:13.856990+00:00,Bukit Gombak ActiveSG Gym,48%
2026-09-15T01:30:13.856990+00:00,Choa Chu Kang ActiveSG Gym,45%
2026-09-15T01:30:13.856990+00:00,Clementi ActiveSG Gym,52%
2026-09-15T01:30:13.856990+00:00,Delta ActiveSG Gym,35%
2026-09-15T01:30:13.856990+00:00,Heartbeat @ Bedok ActiveSG Gym,36%
2026-09-15T01:30:13.856990+00:00,Hougang ActiveSG Gym,33%
2026-09-15T01:30:13.856990+00:00,Jalan Besar ActiveSG Gym,39%
2026-09-15T01:30:13.856990+00:00,Jurong East ActiveSG Gym,32%
2026-09-15T01:30:13.856990+00:00,Jurong Lake Gardens ActiveSG Gym,24%
2026-09-15T01:30:13.856990+00:00,Jurong West ActiveSG Gym,19%
2026-09-15T01:30:13.856990+00:00,Katong ActiveSG Gym,42%
2026-09-15T01:30:13.856990+00:00,Pasir Ris ActiveSG Gym,44%
2026-09-15T01:30:13.856990+00:00,Queenstown ActiveSG Gym,47%
2026-09-15T01:30:13.856990+00:00,Sengkang ActiveSG Gym,72%
2026-09-15T01:30:13.856990+00:00,Senja-Cashew ActiveSG Gym,77%
2026-09-15T01:30:13.856990+00:00,Tampines ActiveSG Gym,41%
2026-09-15T01:30:13.856990+00:00,Woodlands ActiveSG Gym,29%
2026-09-15T01:30:13.856990+00:00,Yio Chu Kang ActiveSG Gym,30%
2026-09-15T01:30:13.856990+00:00,Yishun ActiveSG Gym,30%
2026-09-15T01:45:13.748322+00:00,ActiveSG Gym @ Ang Mo Kio Community Centre,47%
2026-09-15T01:45:13.748322+00:00,ActiveSG Gym @ Enabling Village,20%
2026-09-15T01:45:13.748322+00:00,ActiveSG Gym @ Fernvale Square,45%
2026-09-15T01:45:13.748322+00:00,ActiveSG Gym @ Serangoon Central,57%
2026-09-15T01:45:13.748322+00:00,ActiveSG Gym @ Toa Payoh,48%
2026-09-15T01:45:13.748322+00:00,ActiveSG Gym @ Toa Payoh West Community Centre,32%
2026-09-15T01:45:13.748322+00:00,ActiveSG Hockey Village @ Boon Lay Gym,21%
2026-09-15T01:45:13.748322+00:00,ActiveSG Sport Park @ Teck Ghee ActiveSG Gym,21%
2026-09-15T01:45:13.748322+00:00,Bishan ActiveSG Gym,36%
2026-09-15T01:45:13.748322+00:00,Bukit Batok ActiveSG Gym,38%
2026-09-15T01:45:13.748322+00:00,Bukit Canberra ActiveSG Gym,38%
2026-09-15T01:45:13.748322+00:00,Bukit Gombak ActiveSG Gym,48%
2026-09-15T01:45:13.748322+00:00,Choa Chu Kang ActiveSG Gym,43%
2026-09-15T01:45:13.748322+00:00,Clementi ActiveSG Gym,57%
2026-09-15T01:45:13.748322+00:00,Delta ActiveSG Gym,36%
2026-09-15T01:45:13.748322+00:00,Heartbeat @ Bedok ActiveSG Gym,41%
2026-09-15T01:45:13.748322+00:00,Hougang ActiveSG Gym,33%
2026-09-15T01:45:13.748322+00:00,Jalan Besar ActiveSG Gym,38%
2026-09-15T01:45:13.748322+00:00,Jurong East ActiveSG Gym,37%
2026-09-15T01:45:13.748322+00:00,Jurong Lake Gardens ActiveSG Gym,25%
2026-09-15T01:45:13.748322+00:00,Jurong West ActiveSG Gym,22%
2026-09-15T01:45:13.748322+00:00,Katong ActiveSG Gym,38%
2026-09-15T01:45:13.748322+00:00,Pasir Ris ActiveSG Gym,39%
2026-09-15T01:45:13.748322+00:00,Queenstown ActiveSG Gym,49%
2026-09-15T01:45:13.748322+00:00,Sengkang ActiveSG Gym,72%
2026-09-15T01:45:13.748322+00:00,Senja-Cashew ActiveSG Gym,74%
2026-09-15T01:45:13.748322+00:00,Tampines ActiveSG Gym,43%
2026-09-15T01:45:13.748322+00:00,Woodlands ActiveSG Gym,34%
2026-09-15T01:45:13.748322+00:00,Yio Chu Kang ActiveSG Gym,33%
2026-09-15T01:45:13.748322+00:00,Yishun ActiveSG Gym,33%
2026-09-15T02:00:14.504957+00:00,ActiveSG Gym @ Ang Mo Kio Community Centre,47%
2026-09-15T02:00:14.504957+00:00,ActiveSG Gym @ Enabling Village,13%
2026-09-15T02:00:14.504957+00:00,ActiveSG Gym @ Fernvale Square,57%
2026-09-15T02:00:14.504957+00:00,ActiveSG Gym @ Serangoon Central,60%
2026-09-15T02:00:14.504957+00:00,ActiveSG Gym @ Toa Payoh,56%
2026-09-15T02:00:14.504957+00:00,ActiveSG Gym @ Toa Payoh West Community Centre,28%
2026-09-15T02:00:14.504957+00:00,ActiveSG Hockey Village @ Boon Lay Gym,25%
2026-09-15T02:00:14.504957+00:00,ActiveSG Sport Park @ Teck Ghee ActiveSG Gym,21%
2026-09-15T02:00:14.504957+00:00,Bishan ActiveSG Gym,45%
2026-09-15T02:00:14.504957+00:00,Bukit Batok ActiveSG Gym,43%
2026-09-15T02:00:14.504957+00:00,Bukit Canberra ActiveSG Gym,39%
2026-09-15T02:00:14.504957+00:00,Bukit Gombak ActiveSG Gym,46%
2026-09-15T02:00:14.504957+00:00,Choa Chu Kang ActiveSG Gym,48%
2026-09-15T02:00:14.504957+00:00,Clementi ActiveSG Gym,61%
2026-09-15T02:00:14.504957+00:00,Delta ActiveSG Gym,33%
2026-09-15T02:00:14.504957+00:00,Heartbeat @ Bedok ActiveSG Gym,42%
2026-09-15T02:00:14.504957+00:00,Hougang ActiveSG Gym,36%
2026-09-15T02:00:14.504957+00:00,Jalan Besar ActiveSG Gym,45%
2026-09-15T02:00:14.504957+00:00,Jurong East ActiveSG Gym,43%
2026-09-15T02:00:14.504957+00:00,Jurong Lake Gardens ActiveSG Gym,19%
2026-09-15T02:00:14.504957+00:00,Jurong West ActiveSG Gym,21%
2026-09-15T02:00:14.504957+00:00,Katong ActiveSG Gym,38%
2026-09-15T02:00:14.504957+00:00,Pasir Ris ActiveSG Gym,45%
2026-09-15T02:00:14.504957+00:00,Queenstown ActiveSG Gym,40%
2026-09-15T02:00:14.504957+00:00,Sengkang ActiveSG Gym,74%
2026-09-15T02:00:14.504957+00:00,Senja-Cashew ActiveSG Gym,69%
2026-09-15T02:00:14.504957+00:00,Tampines ActiveSG Gym,45%
2026-09-15T02:00:14.504957+00:00,Woodlands ActiveSG Gym,37%
2026-09-15T02:00:14.504957+00:00,Yio Chu Kang ActiveSG Gym,30%
2026-09-15T02:00:14.504957+00:00,Yishun ActiveSG Gym,42%
2026-09-15T02:15:14.050391+00:00,ActiveSG Gym @ Ang Mo Kio Community Centre,47%
2026-09-15T02:15:14.050391+00:00,ActiveSG Gym @ Enabling Village,16%
2026-09-15T02:15:14.050391+00:00,ActiveSG Gym @ Fernvale Square,52%
2026-09-15T02:15:14.050391+00:00,ActiveSG Gym @ Serangoon Central,40%
2026-09-15T02:15:14.050391+00:00,ActiveSG Gym @ Toa Payoh,51%
2026-09-15T02:15:14.050391+00:00,ActiveSG Gym @ Toa Payoh West Community Centre,28%
2026-09-15T02:15:14.050391+00:00,ActiveSG Hockey Village @ Boon Lay Gym,21%
2026-09-15T02:15:14.050391+00:00,ActiveSG Sport Park @ Teck Ghee ActiveSG Gym,23%
2026-09-15T02:15:14.050391+00:00,Bishan ActiveSG Gym,46%
2026-09-15T02:15:14.050391+00:00,Bukit Batok ActiveSG Gym,45%
2026-09-15T02:15:14.050391+00:00,Bukit Canberra ActiveSG Gym,39%
2026-09-15T02:15:14.050391+00:00,Bukit Gombak ActiveSG Gym,46%
2026-09-15T02:15:14.050391+00:00,Choa Chu Kang ActiveSG Gym,51%
2026-09-15T02:15:14.050391+00:00,Clementi ActiveSG Gym,65%
2026-09-15T02:15:14.050391+00:00,Delta ActiveSG Gym,40%
2026-09-15T02:15:14.050391+00:00,Heartbeat @ Bedok ActiveSG Gym,44%
2026-09-15T02:15:14.050391+00:00,Hougang ActiveSG Gym,39%
2026-09-15T02:15:14.050391+00:00,Jalan Besar ActiveSG Gym,44%
2026-09-15T02:15:14.050391+00:00,Jurong East ActiveSG Gym,40%
2026-09-15T02:15:14.050391+00:00,Jurong Lake Gardens ActiveSG Gym,20%
2026-09-15T02:15:14.050391+00:00,Jurong West ActiveSG Gym,19%
2026-09-15T02:15:14.050391+00:00,Katong ActiveSG Gym,54%
2026-09-15T02:15:14.050391+00:00,Pasir Ris ActiveSG Gym,45%
2026-09-15T02:15:14.050391+00:00,Queenstown ActiveSG Gym,43%
2026-09-15T02:15:14.050391+00:00,Sengkang ActiveSG Gym,79%
2026-09-15T02:15:14.050391+00:00,Senja-Cashew ActiveSG Gym,63%
2026-09-15T02:15:14.050391+00:00,Tampines ActiveSG Gym,45%
2026-09-15T02:15:14.050391+00:00,Woodlands ActiveSG Gym,37%
2026-09-15T02:15:14.050391+00:00,Yio Chu Kang ActiveSG Gym,33%
2026-09-15T02:15:14.050391+00:00,Yishun ActiveSG Gym,38%
2026-09-15T02:30:13.783351+00:00,ActiveSG Gym @ Ang Mo Kio Community Centre,47%
2026-09-15T02:30:13.783351+00:00,ActiveSG Gym @ Enabling Village,18%
2026-09-15T02:30:13.783351+00:00,ActiveSG Gym @ Fernvale Square,55%
2026-09-15T02:30:13.783351+00:00,ActiveSG Gym @ Serangoon Central,60%
2026-09-15T02:30:13.783351+00:00,ActiveSG Gym @ Toa Payoh,52%
2026-09-15T02:30:13.783351+00:00,ActiveSG Gym @ Toa Payoh West Community Centre,11%
2026-09-15T02:30:13.783351+00:00,ActiveSG Hockey Village @ Boon Lay Gym,24%
2026-09-15T02:30:13.783351+00:00,ActiveSG Sport Park @ Teck Ghee ActiveSG Gym,23%
2026-09-15T02:30:13.783351+00:00,Bishan ActiveSG Gym,52%
2026-09-15T02:30:13.783351+00:00,Bukit Batok ActiveSG Gym,43%
2026-09-15T02:30:13.783351+00:00,Bukit Canberra ActiveSG Gym,39%
2026-09-15T02:30:13.783351+00:00,Bukit Gombak ActiveSG Gym,46%
2026-09-15T02:30:13.783351+00:00,Choa Chu Kang ActiveSG Gym,51%
2026-09-15T02:30:13.783351+00:00,Clementi ActiveSG Gym,62%
2026-09-15T02:30:13.783351+00:00,Delta ActiveSG Gym,38%
2026-09-15T02:30:13.783351+00:00,Heartbeat @ Bedok ActiveSG Gym,47%
2026-09-15T02:30:13.783351+00:00,Hougang ActiveSG Gym,43%
2026-09-15T02:30:13.783351+00:00,Jalan Besar ActiveSG Gym,39%
2026-09-15T02:30:13.783351+00:00,Jurong East ActiveSG Gym,39%
2026-09-15T02:30:13.783351+00:00,Jurong Lake Gardens ActiveSG Gym,20%
2026-09-15T02:30:13.783351+00:00,Jurong West ActiveSG Gym,20%
2026-09-15T02:30:13.783351+00:00,Katong ActiveSG Gym,54%
2026-09-15T02:30:13.783351+00:00,Pasir Ris ActiveSG Gym,50%
2026-09-15T02:30:13.783351+00:00,Queenstown ActiveSG Gym,43%
2026-09-15T02:30:13.783351+00:00,Sengkang ActiveSG Gym,74%
2026-09-15T02:30:13.783351+00:00,Senja-Cashew ActiveSG Gym,55%
2026-09-15T02:30:13.783351+00:00,Tampines ActiveSG Gym,47%
2026-09-15T02:30:13.783351+00:00,Woodlands ActiveSG Gym,37%
2026-09-15T02:30:13.783351+00:00,Yio Chu Kang ActiveSG Gym,32%
2026-09-15T02:30:13.783351+00:00,Yishun ActiveSG Gym,39%
2026-09-15T02:45:14.786146+00:00,ActiveSG Gym @ Ang Mo Kio Community Centre,48%
2026-09-15T02:45:14.786146+00:00,ActiveSG Gym @ Enabling Village,20%
2026-09-15T02:45:14.786146+00:00,ActiveSG Gym @ Fernvale Square,37%
2026-09-15T02:45:14.786146+00:00,ActiveSG Gym @ Serangoon Central,57%
2026-09-15T02:45:14.786146+00:00,ActiveSG Gym @ Toa Payoh,51%
2026-09-15T02:45:14.786146+00:00,ActiveSG Gym @ Toa Payoh West Community Centre,12%
2026-09-15T02:45:14.786146+00:00,ActiveSG Hockey Village @ Boon Lay Gym,25%
2026-09-15T02:45:14.786146+00:00,ActiveSG Sport Park @ Teck Ghee ActiveSG Gym,27%
2026-09-15T02:45:14.786146+00:00,Bishan ActiveSG Gym,56%
2026-09-15T02:45:14.786146+00:00,Bukit Batok ActiveSG Gym,45%
2026-09-15T02:45:14.786146+00:00,Bukit Canberra ActiveSG Gym,41%
2026-09-15T02:45:14.786146+00:00,Bukit Gombak ActiveSG Gym,46%
2026-09-15T02:45:14.786146+00:00,Choa Chu Kang ActiveSG Gym,49%
2026-09-15T02:45:14.786146+00:00,Clementi ActiveSG Gym,64%
2026-09-15T02:45:14.786146+00:00,Delta ActiveSG Gym,40%
2026-09-15T02:45:14.786146+00:00,Heartbeat @ Bedok ActiveSG Gym,45%
2026-09-15T02:45:14.786146+00:00,Hougang ActiveSG Gym,44%
2026-09-15T02:45:14.786146+00:00,Jalan Besar ActiveSG Gym,38%
2026-09-15T02:45:14.786146+00:00,Jurong East ActiveSG Gym,39%
2026-09-15T02:45:14.786146+00:00,Jurong Lake Gardens ActiveSG Gym,20%
2026-09-15T02:45:14.786146+00:00,Jurong West ActiveSG Gym,19%
2026-09-15T02:45:14.786146+00:00,Katong ActiveSG Gym,54%
2026-09-15T02:45:14.786146+00:00,Pasir Ris ActiveSG Gym,50%
2026-09-15T02:45:14.786146+00:00,Queenstown ActiveSG Gym,41%
2026-09-15T02:45:14.786146+00:00,Sengkang ActiveSG Gym,66%
2026-09-15T02:45:14.786146+00:00,Senja-Cashew ActiveSG Gym,51%
2026-09-15T02:45:14.786146+00:00,Tampines ActiveSG Gym,52%
2026-09-15T02:45:14.786146+00:00,Woodlands ActiveSG Gym,36%
2026-09-15T02:45:14.786146+00:00,Yio Chu Kang ActiveSG Gym,36%
2026-09-15T02:45:14.786146+00:00,Yishun ActiveSG Gym,27%
2026-09-15T03:00:13.932173+00:00,ActiveSG Gym @ Ang Mo Kio Community Centre,47%
2026-09-15T03:00:13.932173+00:00,ActiveSG Gym @ Enabling Village,29%
2026-09-15T03:00:13.932173+00:00,ActiveSG Gym @ Fernvale Square,30%
2026-09-15T03:00:13.932173+00:00,ActiveSG Gym @ Serangoon Central,47%
2026-09-15T03:00:13.932173+00:00,ActiveSG Gym @ Toa Payoh,55%
2026-09-15T03:00:13.932173+00:00,ActiveSG Gym @ Toa Payoh West Community Centre,13%
2026-09-15T03:00:13.932173+00:00,ActiveSG Hockey Village @ Boon Lay Gym,24%
2026-09-15T03:00:13.932173+00:00,ActiveSG Sport Park @ Teck Ghee ActiveSG Gym,26%
2026-09-15T03:00:13.932173+00:00,Bishan ActiveSG Gym,47%
2026-09-15T03:00:13.932173+00:00,Bukit Batok ActiveSG Gym,45%
2026-09-15T03:00:13.932173+00:00,Bukit Canberra ActiveSG Gym,39%
2026-09-15T03:00:13.932173+00:00,Bukit Gombak ActiveSG Gym,47%
2026-09-15T03:00:13.932173+00:00,Choa Chu Kang ActiveSG Gym,49%
2026-09-15T03:00:13.932173+00:00,Clementi ActiveSG Gym,64%
2026-09-15T03:00:13.932173+00:00,Delta ActiveSG Gym,34%
2026-09-15T03:00:13.932173+00:00,Heartbeat @ Bedok ActiveSG Gym,45%
2026-09-15T03:00:13.932173+00:00,Hougang ActiveSG Gym,43%
2026-09-15T03:00:13.932173+00:00,Jalan Besar ActiveSG Gym,38%
2026-09-15T03:00:13.932173+00:00,Jurong East ActiveSG Gym,39%
2026-09-15T03:00:13.932173+00:00,Jurong Lake Gardens ActiveSG Gym,21%
2026-09-15T03:00:13.932173+00:00,Jurong West ActiveSG Gym,19%
2026-09-15T03:00:13.932173+00:00,Katong ActiveSG Gym,54%
2026-09-15T03:00:13.932173+00:00,Pasir Ris ActiveSG Gym,49%
2026-09-15T03:00:13.932173+00:00,Queenstown ActiveSG Gym,46%
2026-09-15T03:00:13.932173+00:00,Sengkang ActiveSG Gym,63%
2026-09-15T03:00:13.932173+00:00,Senja-Cashew ActiveSG Gym,45%
2026-09-15T03:00:13.932173+00:00,Tampines ActiveSG Gym,54%
2026-09-15T03:00:13.932173+00:00,Woodlands ActiveSG Gym,33%
2026-09-15T03:00:13.932173+00:00,Yio Chu Kang ActiveSG Gym,36%
2026-09-15T03:00:13.932173+00:00,Yishun ActiveSG Gym,24%
2026-09-15T03:15:13.864007+00:00,ActiveSG Gym @ Ang Mo Kio Community Centre,33%
2026-09-15T03:15:13.864007+00:00,ActiveSG Gym @ Enabling Village,29%
2026-09-15T03:15:13.864007+00:00,ActiveSG Gym @ Fernvale Square,32%
2026-09-15T03:15:13.864007+00:00,ActiveSG Gym @ Serangoon Central,50%
2026-09-15T03:15:13.864007+00:00,ActiveSG Gym @ Toa Payoh,48%
2026-09-15T03:15:13.864007+00:00,ActiveSG Gym @ Toa Payoh West Community Centre,16%
2026-09-15T03:15:13.864007+00:00,ActiveSG Hockey Village @ Boon Lay Gym,24%
2026-09-15T03:15:13.864007+00:00,ActiveSG Sport Park @ Teck Ghee ActiveSG Gym,28%
2026-09-15T03:15:13.864007+00:00,Bishan ActiveSG Gym,45%
2026-09-15T03:15:13.864007+00:00,Bukit Batok ActiveSG Gym,45%
2026-09-15T03:15:13.864007+00:00,Bukit Canberra ActiveSG Gym,41%
2026-09-15T03:15:13.864007+00:00,Bukit Gombak ActiveSG Gym,43%
2026-09-15T03:15:13.864007+00:00,Choa Chu Kang ActiveSG Gym,51%
2026-09-15T03:15:13.864007+00:00,Clementi ActiveSG Gym,73%
2026-09-15T03:15:13.864007+00:00,Delta ActiveSG Gym,35%
2026-09-15T03:15:13.864007+00:00,Heartbeat @ Bedok ActiveSG Gym,49%
2026-09-15T03:15:13.864007+00:00,Hougang ActiveSG Gym,42%
2026-09-15T03:15:13.864007+00:00,Jalan Besar ActiveSG Gym,44%
2026-09-15T03:15:13.864007+00:00,Jurong East ActiveSG Gym,32%
2026-09-15T03:15:13.864007+00:00,Jurong Lake Gardens ActiveSG Gym,22%
2026-09-15T03:15:13.864007+00:00,Jurong West ActiveSG Gym,18%
2026-09-15T03:15:13.864007+00:00,Katong ActiveSG Gym,38%
2026-09-15T03:15:13.864007+00:00,Pasir Ris ActiveSG Gym,47%
2026-09-15T03:15:13.864007+00:00,Queenstown ActiveSG Gym,46%
2026-09-15T03:15:13.864007+00:00,Sengkang ActiveSG Gym,60%
2026-09-15T03:15:13.864007+00:00,Senja-Cashew ActiveSG Gym,45%
2026-09-15T03:15:13.864007+00:00,Tampines ActiveSG Gym,52%
2026-09-15T03:15:13.864007+00:00,Woodlands ActiveSG Gym,34%
2026-09-15T03:15:13.864007+00:00,Yio Chu Kang ActiveSG Gym,43%
2026-09-15T03:15:13.864007+00:00,Yishun ActiveSG Gym,24%
2026-09-15T03:30:13.790713+00:00,ActiveSG Gym @ Ang Mo Kio Community Centre,38%
2026-09-15T03:30:13.790713+00:00,ActiveSG Gym @ Enabling Village,31%
2026-09-15T03:30:13.790713+00:00,ActiveSG Gym @ Fernvale Square,30%
2026-09-15T03:30:13.790713+00:00,ActiveSG Gym @ Serangoon Central,57%
2026-09-15T03:30:13.790713+00:00,ActiveSG Gym @ Toa Payoh,49%
2026-09-15T03:30:13.790713+00:00,ActiveSG Gym @ Toa Payoh West Community Centre,27%
2026-09-15T03:30:13.790713+00:00,ActiveSG Hockey Village @ Boon Lay Gym,24%
2026-09-15T03:30:13.790713+00:00,ActiveSG Sport Park @ Teck Ghee ActiveSG Gym,25%
2026-09-15T03:30:13.790713+00:00,Bishan ActiveSG Gym,39%
2026-09-15T03:30:13.790713+00:00,Bukit Batok ActiveSG Gym,30%
2026-09-15T03:30:13.790713+00:00,Bukit Canberra ActiveSG Gym,42%
2026-09-15T03:30:13.790713+00:00,Bukit Gombak ActiveSG Gym,38%
2026-09-15T03:30:13.790713+00:00,Choa Chu Kang ActiveSG Gym,47%
2026-09-15T03:30:13.790713+00:00,Clementi ActiveSG Gym,69%
2026-09-15T03:30:13.790713+00:00,Delta ActiveSG Gym,34%
2026-09-15T03:30:13.790713+00:00,Heartbeat @ Bedok ActiveSG Gym,48%
2026-09-15T03:30:13.790713+00:00,Hougang ActiveSG Gym,42%
2026-09-15T03:30:13.790713+00:00,Jalan Besar ActiveSG Gym,41%
2026-09-15T03:30:13.790713+00:00,Jurong East ActiveSG Gym,38%
2026-09-15T03:30:13.790713+00:00,Jurong Lake Gardens ActiveSG Gym,22%
2026-09-15T03:30:13.790713+00:00,Jurong West ActiveSG Gym,20%
2026-09-15T03:30:13.790713+00:00,Katong ActiveSG Gym,38%
2026-09-15T03:30:13.790713+00:00,Pasir Ris ActiveSG Gym,47%
2026-09-15T03:30:13.790713+00:00,Queenstown ActiveSG Gym,47%
2026-09-15T03:30:13.790713+00:00,Sengkang ActiveSG Gym,59%
2026-09-15T03:30:13.790713+00:00,Senja-Cashew ActiveSG Gym,52%
2026-09-15T03:30:13.790713+00:00,Tampines ActiveSG Gym,49%
2026-09-15T03:30:13.790713+00:00,Woodlands ActiveSG Gym,34%
2026-09-15T03:30:13.790713+00:00,Yio Chu Kang ActiveSG Gym,43%
2026-09-15T03:30:13.790713+00:00,Yishun ActiveSG Gym,20%
2026-09-15T03:45:13.741282+00:00,ActiveSG Gym @ Ang Mo Kio Community Centre,32%
2026-09-15T03:45:13.741282+00:00,ActiveSG Gym @ Enabling Village,31%
2026-09-15T03:45:13.741282+00:00,ActiveSG Gym @ Fernvale Square,40%
2026-09-15T03:45:13.741282+00:00,ActiveSG Gym @ Serangoon Central,73%
2026-09-15T03:45:13.741282+00:00,ActiveSG Gym @ Toa Payoh,42%
2026-09-15T03:45:13.741282+00:00,ActiveSG Gym @ Toa Payoh West Community Centre,29%
2026-09-15T03:45:13.741282+00:00,ActiveSG Hockey Village @ Boon Lay Gym,25%
2026-09-15T03:45:13.741282+00:00,ActiveSG Sport Park @ Teck Ghee ActiveSG Gym,24%
2026-09-15T03:45:13.741282+00:00,Bishan ActiveSG Gym,30%
2026-09-15T03:45:13.741282+00:00,Bukit Batok ActiveSG Gym,30%
2026-09-15T03:45:13.741282+00:00,Bukit Canberra ActiveSG Gym,44%
2026-09-15T03:45:13.741282+00:00,Bukit Gombak ActiveSG Gym,39%
2026-09-15T03:45:13.741282+00:00,Choa Chu Kang ActiveSG Gym,49%
2026-09-15T03:45:13.741282+00:00,Clementi ActiveSG Gym,58%
2026-09-15T03:45:13.741282+00:00,Delta ActiveSG Gym,33%
2026-09-15T03:45:13.741282+00:00,Heartbeat @ Bedok ActiveSG Gym,41%
2026-09-15T03:45:13.741282+00:00,Hougang ActiveSG Gym,42%
2026-09-15T03:45:13.741282+00:00,Jalan Besar ActiveSG Gym,47%
2026-09-15T03:45:13.741282+00:00,Jurong East ActiveSG Gym,36%
2026-09-15T03:45:13.741282+00:00,Jurong Lake Gardens ActiveSG Gym,22%
2026-09-15T03:45:13.741282+00:00,Jurong West ActiveSG Gym,21%
2026-09-15T03:45:13.741282+00:00,Katong ActiveSG Gym,38%
2026-09-15T03:45:13.741282+00:00,Pasir Ris ActiveSG Gym,45%
2026-09-15T03:45:13.741282+00:00,Queenstown ActiveSG Gym,34%
2026-09-15T03:45:13.741282+00:00,Sengkang ActiveSG Gym,58%
2026-09-15T03:45:13.741282+00:00,Senja-Cashew ActiveSG Gym,52%
2026-09-15T03:45:13.741282+00:00,Tampines ActiveSG Gym,50%
2026-09-15T03:45:13.741282+00:00,Woodlands ActiveSG Gym,34%
2026-09-15T03:45:13.741282+00:00,Yio Chu Kang ActiveSG Gym,39%
2026-09-15T03:45:13.741282+00:00,Yishun ActiveSG Gym,20%
2026-09-15T04:00:14.299897+00:00,ActiveSG Gym @ Ang Mo Kio Community Centre,32%
2026-09-15T04:00:14.299897+00:00,ActiveSG Gym @ Enabling Village,33%
2026-09-15T04:00:14.299897+00:00,ActiveSG Gym @ Fernvale Square,40%
2026-09-15T04:00:14.299897+00:00,ActiveSG Gym @ Serangoon Central,80%
2026-09-15T04:00:14.299897+00:00,ActiveSG Gym @ Toa Payoh,44%
2026-09-15T04:00:14.299897+00:00,ActiveSG Gym @ Toa Payoh West Community Centre,29%
2026-09-15T04:00:14.299897+00:00,ActiveSG Hockey Village @ Boon Lay Gym,27%
2026-09-15T04:00:14.299897+00:00,ActiveSG Sport Park @ Teck Ghee ActiveSG Gym,25%
2026-09-15T04:00:14.299897+00:00,Bishan ActiveSG Gym,26%
2026-09-15T04:00:14.299897+00:00,Bukit Batok ActiveSG Gym,40%
2026-09-15T04:00:14.299897+00:00,Bukit Canberra ActiveSG Gym,45%
2026-09-15T04:00:14.299897+00:00,Bukit Gombak ActiveSG Gym,39%
2026-09-15T04:00:14.299897+00:00,Choa Chu Kang ActiveSG Gym,49%
2026-09-15T04:00:14.299897+00:00,Clementi ActiveSG Gym,59%
2026-09-15T04:00:14.299897+00:00,Delta ActiveSG Gym,34%
2026-09-15T04:00:14.299897+00:00,Heartbeat @ Bedok ActiveSG Gym,40%
2026-09-15T04:00:14.299897+00:00,Hougang ActiveSG Gym,45%
2026-09-15T04:00:14.299897+00:00,Jalan Besar ActiveSG Gym,60%
2026-09-15T04:00:14.299897+00:00,Jurong East ActiveSG Gym,44%
2026-09-15T04:00:14.299897+00:00,Jurong Lake Gardens ActiveSG Gym,22%
2026-09-15T04:00:14.299897+00:00,Jurong West ActiveSG Gym,20%
2026-09-15T04:00:14.299897+00:00,Katong ActiveSG Gym,38%
2026-09-15T04:00:14.299897+00:00,Pasir Ris ActiveSG Gym,38%
2026-09-15T04:00:14.299897+00:00,Queenstown ActiveSG Gym,34%
2026-09-15T04:00:14.299897+00:00,Sengkang ActiveSG Gym,66%
2026-09-15T04:00:14.299897+00:00,Senja-Cashew ActiveSG Gym,58%
2026-09-15T04:00:14.299897+00:00,Tampines ActiveSG Gym,50%
2026-09-15T04:00:14.299897+00:00,Woodlands ActiveSG Gym,38%
2026-09-15T04:00:14.299897+00:00,Yio Chu Kang ActiveSG Gym,36%
2026-09-15T04:00:14.299897+00:00,Yishun ActiveSG Gym,30%
2026-09-15T04:15:13.854051+00:00,ActiveSG Gym @ Ang Mo Kio Community Centre,38%
2026-09-15T04:15:13.854051+00:00,ActiveSG Gym @ Enabling Village,51%
2026-09-15T04:15:13.854051+00:00,ActiveSG Gym @ Fernvale Square,40%
2026-09-15T04:15:13.854051+00:00,ActiveSG Gym @ Serangoon Central,87%
2026-09-15T04:15:13.854051+00:00,ActiveSG Gym @ Toa Payoh,43%
2026-09-15T04:15:13.854051+00:00,ActiveSG Gym @ Toa Payoh West Community Centre,13%
2026-09-15T04:15:13.854051+00:00,ActiveSG Hockey Village @ Boon Lay Gym,28%
2026-09-15T04:15:13.854051+00:00,ActiveSG Sport Park @ Teck Ghee ActiveSG Gym,25%
2026-09-15T04:15:13.854051+00:00,Bishan ActiveSG Gym,29%
2026-09-15T04:15:13.854051+00:00,Bukit Batok ActiveSG Gym,48%
2026-09-15T04:15:13.854051+00:00,Bukit Canberra ActiveSG Gym,45%
2026-09-15T04:15:13.854051+00:00,Bukit Gombak ActiveSG Gym,40%
2026-09-15T04:15:13.854051+00:00,Choa Chu Kang ActiveSG Gym,49%
2026-09-15T04:15:13.854051+00:00,Clementi ActiveSG Gym,65%
2026-09-15T04:15:13.854051+00:00,Delta ActiveSG Gym,32%
2026-09-15T04:15:13.854051+00:00,Heartbeat @ Bedok ActiveSG Gym,46%
2026-09-15T04:15:13.854051+00:00,Hougang ActiveSG Gym,43%
2026-09-15T04:15:13.854051+00:00,Jalan Besar ActiveSG Gym,59%
2026-09-15T04:15:13.854051+00:00,Jurong East ActiveSG Gym,45%
2026-09-15T04:15:13.854051+00:00,Jurong Lake Gardens ActiveSG Gym,21%
2026-09-15T04:15:13.854051+00:00,Jurong West ActiveSG Gym,26%
2026-09-15T04:15:13.854051+00:00,Katong ActiveSG Gym,38%
2026-09-15T04:15:13.854051+00:00,Pasir Ris ActiveSG Gym,36%
2026-09-15T04:15:13.854051+00:00,Queenstown ActiveSG Gym,36%
2026-09-15T04:15:13.854051+00:00,Sengkang ActiveSG Gym,57%
2026-09-15T04:15:13.854051+00:00,Senja-Cashew ActiveSG Gym,62%
2026-09-15T04:15:13.854051+00:00,Tampines ActiveSG Gym,54%
2026-09-15T04:15:13.854051+00:00,Woodlands ActiveSG Gym,37%
2026-09-15T04:15:13.854051+00:00,Yio Chu Kang ActiveSG Gym,40%
2026-09-15T04:15:13.854051+00:00,Yishun ActiveSG Gym,29%
2026-09-15T04:30:14.200277+00:00,ActiveSG Gym @ Ang Mo Kio Community Centre,35%
2026-09-15T04:30:14.200277+00:00,ActiveSG Gym @ Enabling Village,53%
2026-09-15T04:30:14.200277+00:00,ActiveSG Gym @ Fernvale Square,37%
2026-09-15T04:30:14.200277+00:00,ActiveSG Gym @ Serangoon Central,83%
2026-09-15T04:30:14.200277+00:00,ActiveSG Gym @ Toa Payoh,45%
2026-09-15T04:30:14.200277+00:00,ActiveSG Gym @ Toa Payoh West Community Centre,13%
2026-09-15T04:30:14.200277+00:00,ActiveSG Hockey Village @ Boon Lay Gym,27%
2026-09-15T04:30:14.200277+00:00,ActiveSG Sport Park @ Teck Ghee ActiveSG Gym,26%
2026-09-15T04:30:14.200277+00:00,Bishan ActiveSG Gym,30%
2026-09-15T04:30:14.200277+00:00,Bukit Batok ActiveSG Gym,53%
2026-09-15T04:30:14.200277+00:00,Bukit Canberra ActiveSG Gym,45%
2026-09-15T04:30:14.200277+00:00,Bukit Gombak ActiveSG Gym,42%
2026-09-15T04:30:14.200277+00:00,Choa Chu Kang ActiveSG Gym,52%
2026-09-15T04:30:14.200277+00:00,Clementi ActiveSG Gym,65%
2026-09-15T04:30:14.200277+00:00,Delta ActiveSG Gym,31%
2026-09-15T04:30:14.200277+00:00,Heartbeat @ Bedok ActiveSG Gym,50%
2026-09-15T04:30:14.200277+00:00,Hougang ActiveSG Gym,45%
2026-09-15T04:30:14.200277+00:00,Jalan Besar ActiveSG Gym,60%
2026-09-15T04:30:14.200277+00:00,Jurong East ActiveSG Gym,47%
2026-09-15T04:30:14.200277+00:00,Jurong Lake Gardens ActiveSG Gym,23%
2026-09-15T04:30:14.200277+00:00,Jurong West ActiveSG Gym,26%
2026-09-15T04:30:14.200277+00:00,Katong ActiveSG Gym,38%
2026-09-15T04:30:14.200277+00:00,Pasir Ris ActiveSG Gym,39%
2026-09-15T04:30:14.200277+00:00,Queenstown ActiveSG Gym,36%
2026-09-15T04:30:14.200277+00:00,Sengkang ActiveSG Gym,59%
2026-09-15T04:30:14.200277+00:00,Senja-Cashew ActiveSG Gym,65%
2026-09-15T04:30:14.200277+00:00,Tampines ActiveSG Gym,57%
2026-09-15T04:30:14.200277+00:00,Woodlands ActiveSG Gym,36%
2026-09-15T04:30:14.200277+00:00,Yio Chu Kang ActiveSG Gym,43%
2026-09-15T04:30:14.200277+00:00,Yishun ActiveSG Gym,26%
2026-09-15T04:45:14.228682+00:00,ActiveSG Gym @ Ang Mo Kio Community Centre,38%
2026-09-15T04:45:14.228682+00:00,ActiveSG Gym @ Enabling Village,56%
2026-09-15T04:45:14.228682+00:00,ActiveSG Gym @ Fernvale Square,37%
2026-09-15T04:45:14.228682+00:00,ActiveSG Gym @ Serangoon Central,83%
2026-09-15T04:45:14.228682+00:00,ActiveSG Gym @ Toa Payoh,46%
2026-09-15T04:45:14.228682+00:00,ActiveSG Gym @ Toa Payoh West Community Centre,12%
2026-09-15T04:45:14.228682+00:00,ActiveSG Hockey Village @ Boon Lay Gym,28%
2026-09-15T04:45:14.228682+00:00,ActiveSG Sport Park @ Teck Ghee ActiveSG Gym,26%
2026-09-15T04:45:14.228682+00:00,Bishan ActiveSG Gym,34%
2026-09-15T04:45:14.228682+00:00,Bukit Batok ActiveSG Gym,53%
2026-09-15T04:45:14.228682+00:00,Bukit Canberra ActiveSG Gym,42%
2026-09-15T04:45:14.228682+00:00,Bukit Gombak ActiveSG Gym,42%
2026-09-15T04:45:14.228682+00:00,Choa Chu Kang ActiveSG Gym,49%
2026-09-15T04:45:14.228682+00:00,Clementi ActiveSG Gym,60%
2026-09-15T04:45:14.228682+00:00,Delta ActiveSG Gym,33%
2026-09-15T04:45:14.228682+00:00,Heartbeat @ Bedok ActiveSG Gym,51%
2026-09-15T04:45:14.228682+00:00,Hougang ActiveSG Gym,48%
2026-09-15T04:45:14.228682+00:00,Jalan Besar ActiveSG Gym,60%
2026-09-15T04:45:14.228682+00:00,Jurong East ActiveSG Gym,49%
2026-09-15T04:45:14.228682+00:00,Jurong Lake Gardens ActiveSG Gym,24%
2026-09-15T04:45:14.228682+00:00,Jurong West ActiveSG Gym,27%
2026-09-15T04:45:14.228682+00:00,Katong ActiveSG Gym,38%
2026-09-15T04:45:14.228682+00:00,Pasir Ris ActiveSG Gym,35%
2026-09-15T04:45:14.228682+00:00,Queenstown ActiveSG Gym,38%
2026-09-15T04:45:14.228682+00:00,Sengkang ActiveSG Gym,49%
2026-09-15T04:45:14.228682+00:00,Senja-Cashew ActiveSG Gym,68%
2026-09-15T04:45:14.228682+00:00,Tampines ActiveSG Gym,56%
2026-09-15T04:45:14.228682+00:00,Woodlands ActiveSG Gym,33%
2026-09-15T04:45:14.228682+00:00,Yio Chu Kang ActiveSG Gym,35%
2026-09-15T04:45:14.228682+00:00,Yishun ActiveSG Gym,27%
2026-09-15T05:00:14.008179+00:00,ActiveSG Gym @ Ang Mo Kio Community Centre,38%
2026-09-15T05:00:14.008179+00:00,ActiveSG Gym @ Enabling Village,40%
2026-09-15T05:00:14.008179+00:00,ActiveSG Gym @ Fernvale Square,33%
2026-09-15T05:00:14.008179+00:00,ActiveSG Gym @ Serangoon Central,73%
2026-09-15T05:00:14.008179+00:00,ActiveSG Gym @ Toa Payoh,48%
2026-09-15T05:00:14.008179+00:00,ActiveSG Gym @ Toa Payoh West Community Centre,12%
2026-09-15T05:00:14.008179+00:00,ActiveSG Hockey Village @ Boon Lay Gym,27%
2026-09-15T05:00:14.008179+00:00,ActiveSG Sport Park @ Teck Ghee ActiveSG Gym,26%
2026-09-15T05:00:14.008179+00:00,Bishan ActiveSG Gym,37%
2026-09-15T05:00:14.008179+00:00,Bukit Batok ActiveSG Gym,57%
2026-09-15T05:00:14.008179+00:00,Bukit Canberra ActiveSG Gym,43%
2026-09-15T05:00:14.008179+00:00,Bukit Gombak ActiveSG Gym,43%
2026-09-15T05:00:14.008179+00:00,Choa Chu Kang ActiveSG Gym,46%
2026-09-15T05:00:14.008179+00:00,Clementi ActiveSG Gym,57%
2026-09-15T05:00:14.008179+00:00,Delta ActiveSG Gym,38%
2026-09-15T05:00:14.008179+00:00,Heartbeat @ Bedok ActiveSG Gym,50%
2026-09-15T05:00:14.008179+00:00,Hougang ActiveSG Gym,38%
2026-09-15T05:00:14.008179+00:00,Jalan Besar ActiveSG Gym,56%
2026-09-15T05:00:14.008179+00:00,Jurong East ActiveSG Gym,32%
2026-09-15T05:00:14.008179+00:00,Jurong Lake Gardens ActiveSG Gym,25%
2026-09-15T05:00:14.008179+00:00,Jurong West ActiveSG Gym,26%
2026-09-15T05:00:14.008179+00:00,Katong ActiveSG Gym,38%
2026-09-15T05:00:14.008179+00:00,Pasir Ris ActiveSG Gym,33%
2026-09-15T05:00:14.008179+00:00,Queenstown ActiveSG Gym,40%
2026-09-15T05:00:14.008179+00:00,Sengkang ActiveSG Gym,46%
2026-09-15T05:00:14.008179+00:00,Senja-Cashew ActiveSG Gym,68%
2026-09-15T05:00:14.008179+00:00,Tampines ActiveSG Gym,54%
2026-09-15T05:00:14.008179+00:00,Woodlands ActiveSG Gym,38%
2026-09-15T05:00:14.008179+00:00,Yio Chu Kang ActiveSG Gym,34%
2026-09-15T05:00:14.008179+00:00,Yishun ActiveSG Gym,28%
2026-09-15T05:15:15.818111+00:00,ActiveSG Gym @ Ang Mo Kio Community Centre,38%
2026-09-15T05:15:15.818111+00:00,ActiveSG Gym @ Enabling Village,38%
2026-09-15T05:15:15.818111+00:00,ActiveSG Gym @ Fernvale Square,37%
2026-09-15T05:15:15.818111+00:00,ActiveSG Gym @ Serangoon Central,50%
2026-09-15T05:15:15.818111+00:00,ActiveSG Gym @ Toa Payoh,47%
2026-09-15T05:15:15.818111+00:00,ActiveSG Gym @ Toa Payoh West Community Centre,12%
2026-09-15T05:15:15.818111+00:00,ActiveSG Hockey Village @ Boon Lay Gym,27%
2026-09-15T05:15:15.818111+00:00,ActiveSG Sport Park @ Teck Ghee ActiveSG Gym,26%
2026-09-15T05:15:15.818111+00:00,Bishan ActiveSG Gym,38%
2026-09-15T05:15:15.818111+00:00,Bukit Batok ActiveSG Gym,48%
2026-09-15T05:15:15.818111+00:00,Bukit Canberra ActiveSG Gym,37%
2026-09-15T05:15:15.818111+00:00,Bukit Gombak ActiveSG Gym,43%
2026-09-15T05:15:15.818111+00:00,Choa Chu Kang ActiveSG Gym,49%
2026-09-15T05:15:15.818111+00:00,Clementi ActiveSG Gym,26%
2026-09-15T05:15:15.818111+00:00,Delta ActiveSG Gym,39%
2026-09-15T05:15:15.818111+00:00,Heartbeat @ Bedok ActiveSG Gym,47%
2026-09-15T05:15:15.818111+00:00,Hougang ActiveSG Gym,38%
2026-09-15T05:15:15.818111+00:00,Jalan Besar ActiveSG Gym,49%
2026-09-15T05:15:15.818111+00:00,Jurong East ActiveSG Gym,28%
2026-09-15T05:15:15.818111+00:00,Jurong Lake Gardens ActiveSG Gym,25%
2026-09-15T05:15:15.818111+00:00,Jurong West ActiveSG Gym,26%
2026-09-15T05:15:15.818111+00:00,Katong ActiveSG Gym,38%
2026-09-15T05:15:15.818111+00:00,Pasir Ris ActiveSG Gym,27%
2026-09-15T05:15:15.818111+00:00,Queenstown ActiveSG Gym,43%
2026-09-15T05:15:15.818111+00:00,Sengkang ActiveSG Gym,49%
2026-09-15T05:15:15.818111+00:00,Senja-Cashew ActiveSG Gym,51%
2026-09-15T05:15:15.818111+00:00,Tampines ActiveSG Gym,54%
2026-09-15T05:15:15.818111+00:00,Woodlands ActiveSG Gym,38%
2026-09-15T05:15:15.818111+00:00,Yio Chu Kang ActiveSG Gym,29%
2026-09-15T05:15:15.818111+00:00,Yishun ActiveSG Gym,27%
2026-09-15T05:30:13.910559+00:00,ActiveSG Gym @ Ang Mo Kio Community Centre,38%
2026-09-15T05:30:13.910559+00:00,ActiveSG Gym @ Enabling Village,27%
2026-09-15T05:30:13.910559+00:00,ActiveSG Gym @ Fernvale Square,37%
2026-09-15T05:30:13.910559+00:00,ActiveSG Gym @ Serangoon Central,50%
2026-09-15T05:30:13.910559+00:00,ActiveSG Gym @ Toa Payoh,42%
2026-09-15T05:30:13.910559+00:00,ActiveSG Gym @ Toa Payoh West Community Centre,12%
2026-09-15T05:30:13.910559+00:00,ActiveSG Hockey Village @ Boon Lay Gym,30%
2026-09-15T05:30:13.910559+00:00,ActiveSG Sport Park @ Teck Ghee ActiveSG Gym,27%
2026-09-15T05:30:13.910559+00:00,Bishan ActiveSG Gym,41%
2026-09-15T05:30:13.910559+00:00,Bukit Batok ActiveSG Gym,48%
2026-09-15T05:30:13.910559+00:00,Bukit Canberra ActiveSG Gym,36%
2026-09-15T05:30:13.910559+00:00,Bukit Gombak ActiveSG Gym,41%
2026-09-15T05:30:13.910559+00:00,Choa Chu Kang ActiveSG Gym,45%
2026-09-15T05:30:13.910559+00:00,Clementi ActiveSG Gym,33%
2026-09-15T05:30:13.910559+00:00,Delta ActiveSG Gym,40%
2026-09-15T05:30:13.910559+00:00,Heartbeat @ Bedok ActiveSG Gym,44%
2026-09-15T05:30:13.910559+00:00,Hougang ActiveSG Gym,39%
2026-09-15T05:30:13.910559+00:00,Jalan Besar ActiveSG Gym,55%
2026-09-15T05:30:13.910559+00:00,Jurong East ActiveSG Gym,25%
2026-09-15T05:30:13.910559+00:00,Jurong Lake Gardens ActiveSG Gym,25%
2026-09-15T05:30:13.910559+00:00,Jurong West ActiveSG Gym,24%
2026-09-15T05:30:13.910559+00:00,Katong ActiveSG Gym,38%
2026-09-15T05:30:13.910559+00:00,Pasir Ris ActiveSG Gym,21%
2026-09-15T05:30:13.910559+00:00,Queenstown ActiveSG Gym,47%
2026-09-15T05:30:13.910559+00:00,Sengkang ActiveSG Gym,49%
2026-09-15T05:30:13.910559+00:00,Senja-Cashew ActiveSG Gym,55%
2026-09-15T05:30:13.910559+00:00,Tampines ActiveSG Gym,51%
2026-09-15T05:30:13.910559+00:00,Woodlands ActiveSG Gym,37%
2026-09-15T05:30:13.910559+00:00,Yio Chu Kang ActiveSG Gym,25%
2026-09-15T05:30:13.910559+00:00,Yishun ActiveSG Gym,30%
2026-09-15T05:45:13.895823+00:00,ActiveSG Gym @ Ang Mo Kio Community Centre,38%
2026-09-15T05:45:13.895823+00:00,ActiveSG Gym @ Enabling Village,24%
2026-09-15T05:45:13.895823+00:00,ActiveSG Gym @ Fernvale Square,33%
2026-09-15T05:45:13.895823+00:00,ActiveSG Gym @ Serangoon Central,50%
2026-09-15T05:45:13.895823+00:00,ActiveSG Gym @ Toa Payoh,39%
2026-09-15T05:45:13.895823+00:00,ActiveSG Gym @ Toa Payoh West Community Centre,16%
2026-09-15T05:45:13.895823+00:00,ActiveSG Hockey Village @ Boon Lay Gym,35%
2026-09-15T05:45:13.895823+00:00,ActiveSG Sport Park @ Teck Ghee ActiveSG Gym,31%
2026-09-15T05:45:13.895823+00:00,Bishan ActiveSG Gym,42%
2026-09-15T05:45:13.895823+00:00,Bukit Batok ActiveSG Gym,50%
2026-09-15T05:45:13.895823+00:00,Bukit Canberra ActiveSG Gym,34%
2026-09-15T05:45:13.895823+00:00,Bukit Gombak ActiveSG Gym,41%
2026-09-15T05:45:13.895823+00:00,Choa Chu Kang ActiveSG Gym,47%
2026-09-15T05:45:13.895823+00:00,Clementi ActiveSG Gym,42%
2026-09-15T05:45:13.895823+00:00,Delta ActiveSG Gym,32%
2026-09-15T05:45:13.895823+00:00,Heartbeat @ Bedok ActiveSG Gym,45%
2026-09-15T05:45:13.895823+00:00,Hougang ActiveSG Gym,38%
2026-09-15T05:45:13.895823+00:00,Jalan Besar ActiveSG Gym,49%
2026-09-15T05:45:13.895823+00:00,Jurong East ActiveSG Gym,22%
2026-09-15T05:45:13.895823+00:00,Jurong Lake Gardens ActiveSG Gym,25%
2026-09-15T05:45:13.895823+00:00,Jurong West ActiveSG Gym,23%
2026-09-15T05:45:13.895823+00:00,Katong ActiveSG Gym,38%
2026-09-15T05:45:13.895823+00:00,Pasir Ris ActiveSG Gym,25%
2026-09-15T05:45:13.895823+00:00,Queenstown ActiveSG Gym,45%
2026-09-15T05:45:13.895823+00:00,Sengkang ActiveSG Gym,49%
2026-09-15T05:45:13.895823+00:00,Senja-Cashew ActiveSG Gym,58%
2026-09-15T05:45:13.895823+00:00,Tampines ActiveSG Gym,50%
2026-09-15T05:45:13.895823+00:00,Woodlands ActiveSG Gym,44%
2026-09-15T05:45:13.895823+00:00,Yio Chu Kang ActiveSG Gym,33%
2026-09-15T05:45:13.895823+00:00,Yishun ActiveSG Gym,32%
2026-09-15T06:00:13.819869+00:00,ActiveSG Gym @ Ang Mo Kio Community Centre,42%
2026-09-15T06:00:13.819869+00:00,ActiveSG Gym @ Enabling Village,27%
2026-09-15T06:00:13.819869+00:00,ActiveSG Gym @ Fernvale Square,37%
2026-09-15T06:00:13.819869+00:00,ActiveSG Gym @ Serangoon Central,43%
2026-09-15T06:00:13.819869+00:00,ActiveSG Gym @ Toa Payoh,39%
2026-09-15T06:00:13.819869+00:00,ActiveSG Gym @ Toa Payoh West Community Centre,21%
2026-09-15T06:00:13.819869+00:00,ActiveSG Hockey Village @ Boon Lay Gym,37%
2026-09-15T06:00:13.819869+00:00,ActiveSG Sport Park @ Teck Ghee ActiveSG Gym,32%
2026-09-15T06:00:13.819869+00:00,Bishan ActiveSG Gym,44%
2026-09-15T06:00:13.819869+00:00,Bukit Batok ActiveSG Gym,55%
2026-09-15T06:00:13.819869+00:00,Bukit Canberra ActiveSG Gym,31%
2026-09-15T06:00:13.819869+00:00,Bukit Gombak ActiveSG Gym,39%
2026-09-15T06:00:13.819869+00:00,Choa Chu Kang ActiveSG Gym,41%
2026-09-15T06:00:13.819869+00:00,Clementi ActiveSG Gym,46%
2026-09-15T06:00:13.819869+00:00,Delta ActiveSG Gym,31%
2026-09-15T06:00:13.819869+00:00,Heartbeat @ Bedok ActiveSG Gym,49%
2026-09-15T06:00:13.819869+00:00,Hougang ActiveSG Gym,41%
2026-09-15T06:00:13.819869+00:00,Jalan Besar ActiveSG Gym,52%
2026-09-15T06:00:13.819869+00:00,Jurong East ActiveSG Gym,24%
2026-09-15T06:00:13.819869+00:00,Jurong Lake Gardens ActiveSG Gym,27%
2026-09-15T06:00:13.819869+00:00,Jurong West ActiveSG Gym,23%
2026-09-15T06:00:13.819869+00:00,Katong ActiveSG Gym,38%
2026-09-15T06:00:13.819869+00:00,Pasir Ris ActiveSG Gym,25%
2026-09-15T06:00:13.819869+00:00,Queenstown ActiveSG Gym,38%
2026-09-15T06:00:13.819869+00:00,Sengkang ActiveSG Gym,50%
2026-09-15T06:00:13.819869+00:00,Senja-Cashew ActiveSG Gym,66%
2026-09-15T06:00:13.819869+00:00,Tampines ActiveSG Gym,48%
2026-09-15T06:00:13.819869+00:00,Woodlands ActiveSG Gym,46%
2026-09-15T06:00:13.819869+00:00,Yio Chu Kang ActiveSG Gym,35%
2026-09-15T06:00:13.819869+00:00,Yishun ActiveSG Gym,30%
2026-09-15T06:15:14.124188+00:00,ActiveSG Gym @ Ang Mo Kio Community Centre,40%
2026-09-15T06:15:14.124188+00:00,ActiveSG Gym @ Enabling Village,31%
2026-09-15T06:15:14.124188+00:00,ActiveSG Gym @ Fernvale Square,25%
2026-09-15T06:15:14.124188+00:00,ActiveSG Gym @ Serangoon Central,37%
2026-09-15T06:15:14.124188+00:00,ActiveSG Gym @ Toa Payoh,41%
2026-09-15T06:15:14.124188+00:00,ActiveSG Gym @ Toa Payoh West Community Centre,23%
2026-09-15T06:15:14.124188+00:00,ActiveSG Hockey Village @ Boon Lay Gym,40%
2026-09-15T06:15:14.124188+00:00,ActiveSG Sport Park @ Teck Ghee ActiveSG Gym,31%
2026-09-15T06:15:14.124188+00:00,Bishan ActiveSG Gym,45%
2026-09-15T06:15:14.124188+00:00,Bukit Batok ActiveSG Gym,55%
2026-09-15T06:15:14.124188+00:00,Bukit Canberra ActiveSG Gym,36%
2026-09-15T06:15:14.124188+00:00,Bukit Gombak ActiveSG Gym,42%
2026-09-15T06:15:14.124188+00:00,Choa Chu Kang ActiveSG Gym,46%
2026-09-15T06:15:14.124188+00:00,Clementi ActiveSG Gym,46%
2026-09-15T06:15:14.124188+00:00,Delta ActiveSG Gym,35%
2026-09-15T06:15:14.124188+00:00,Heartbeat @ Bedok ActiveSG Gym,53%
2026-09-15T06:15:14.124188+00:00,Hougang ActiveSG Gym,48%
2026-09-15T06:15:14.124188+00:00,Jalan Besar ActiveSG Gym,59%
2026-09-15T06:15:14.124188+00:00,Jurong East ActiveSG Gym,24%
2026-09-15T06:15:14.124188+00:00,Jurong Lake Gardens ActiveSG Gym,27%
2026-09-15T06:15:14.124188+00:00,Jurong West ActiveSG Gym,25%
2026-09-15T06:15:14.124188+00:00,Katong ActiveSG Gym,42%
2026-09-15T06:15:14.124188+00:00,Pasir Ris ActiveSG Gym,28%
2026-09-15T06:15:14.124188+00:00,Queenstown ActiveSG Gym,33%
2026-09-15T06:15:14.124188+00:00,Sengkang ActiveSG Gym,57%
2026-09-15T06:15:14.124188+00:00,Senja-Cashew ActiveSG Gym,71%
2026-09-15T06:15:14.124188+00:00,Tampines ActiveSG Gym,51%
2026-09-15T06:15:14.124188+00:00,Woodlands ActiveSG Gym,43%
2026-09-15T06:15:14.124188+00:00,Yio Chu Kang ActiveSG Gym,44%
2026-09-15T06:15:14.124188+00:00,Yishun ActiveSG Gym,36%
2026-09-15T06:30:13.720980+00:00,ActiveSG Gym @ Ang Mo Kio Community Centre,23%
2026-09-15T06:30:13.720980+00:00,ActiveSG Gym @ Enabling Village,33%
2026-09-15T06:30:13.720980+00:00,ActiveSG Gym @ Fernvale Square,33%
2026-09-15T06:30:13.720980+00:00,ActiveSG Gym @ Serangoon Central,27%
2026-09-15T06:30:13.720980+00:00,ActiveSG Gym @ Toa Payoh,41%
2026-09-15T06:30:13.720980+00:00,ActiveSG Gym @ Toa Payoh West Community Centre,25%
2026-09-15T06:30:13.720980+00:00,ActiveSG Hockey Village @ Boon Lay Gym,40%
2026-09-15T06:30:13.720980+00:00,ActiveSG Sport Park @ Teck Ghee ActiveSG Gym,30%
2026-09-15T06:30:13.720980+00:00,Bishan ActiveSG Gym,52%
2026-09-15T06:30:13.720980+00:00,Bukit Batok ActiveSG Gym,60%
2026-09-15T06:30:13.720980+00:00,Bukit Canberra ActiveSG Gym,41%
2026-09-15T06:30:13.720980+00:00,Bukit Gombak ActiveSG Gym,46%
2026-09-15T06:30:13.720980+00:00,Choa Chu Kang ActiveSG Gym,49%
2026-09-15T06:30:13.720980+00:00,Clementi ActiveSG Gym,55%
2026-09-15T06:30:13.720980+00:00,Delta ActiveSG Gym,34%
2026-09-15T06:30:13.720980+00:00,Heartbeat @ Bedok ActiveSG Gym,55%
2026-09-15T06:30:13.720980+00:00,Hougang ActiveSG Gym,55%
2026-09-15T06:30:13.720980+00:00,Jalan Besar ActiveSG Gym,58%
2026-09-15T06:30:13.720980+00:00,Jurong East ActiveSG Gym,29%
2026-09-15T06:30:13.720980+00:00,Jurong Lake Gardens ActiveSG Gym,26%
2026-09-15T06:30:13.720980+00:00,Jurong West ActiveSG Gym,27%
2026-09-15T06:30:13.720980+00:00,Katong ActiveSG Gym,48%
2026-09-15T06:30:13.720980+00:00,Pasir Ris ActiveSG Gym,34%
2026-09-15T06:30:13.720980+00:00,Queenstown ActiveSG Gym,38%
2026-09-15T06:30:13.720980+00:00,Sengkang ActiveSG Gym,62%
2026-09-15T06:30:13.720980+00:00,Senja-Cashew ActiveSG Gym,72%
2026-09-15T06:30:13.720980+00:00,Tampines ActiveSG Gym,54%
2026-09-15T06:30:13.720980+00:00,Woodlands ActiveSG Gym,46%
2026-09-15T06:30:13.720980+00:00,Yio Chu Kang ActiveSG Gym,47%
2026-09-15T06:30:13.720980+00:00,Yishun ActiveSG Gym,37%
2026-09-15T06:31:36.572452+00:00,ActiveSG Gym @ Ang Mo Kio Community Centre,23%
2026-09-15T06:31:36.572452+00:00,ActiveSG Gym @ Enabling Village,33%
2026-09-15T06:31:36.572452+00:00,ActiveSG Gym @ Fernvale Square,33%
2026-09-15T06:31:36.572452+00:00,ActiveSG Gym @ Serangoon Central,27%
2026-09-15T06:31:36.572452+00:00,ActiveSG Gym @ Toa Payoh,41%
2026-09-15T06:31:36.572452+00:00,ActiveSG Gym @ Toa Payoh West Community Centre,25%
2026-09-15T06:31:36.572452+00:00,ActiveSG Hockey Village @ Boon Lay Gym,40%
2026-09-15T06:31:36.572452+00:00,ActiveSG Sport Park @ Teck Ghee ActiveSG Gym,31%
2026-09-15T06:31:36.572452+00:00,Bishan ActiveSG Gym,52%
2026-09-15T06:31:36.572452+00:00,Bukit Batok ActiveSG Gym,63%
2026-09-15T06:31:36.572452+00:00,Bukit Canberra ActiveSG Gym,42%
2026-09-15T06:31:36.572452+00:00,Bukit Gombak ActiveSG Gym,49%
2026-09-15T06:31:36.572452+00:00,Choa Chu Kang ActiveSG Gym,52%
2026-09-15T06:31:36.572452+00:00,Clementi ActiveSG Gym,56%
2026-09-15T06:31:36.572452+00:00,Delta ActiveSG Gym,34%
2026-09-15T06:31:36.572452+00:00,Heartbeat @ Bedok ActiveSG Gym,55%
2026-09-15T06:31:36.572452+00:00,Hougang ActiveSG Gym,55%
2026-09-15T06:31:36.572452+00:00,Jalan Besar ActiveSG Gym,55%
2026-09-15T06:31:36.572452+00:00,Jurong East ActiveSG Gym,29%
2026-09-15T06:31:36.572452+00:00,Jurong Lake Gardens ActiveSG Gym,26%
2026-09-15T06:31:36.572452+00:00,Jurong West ActiveSG Gym,27%
2026-09-15T06:31:36.572452+00:00,Katong ActiveSG Gym,48%
2026-09-15T06:31:36.572452+00:00,Pasir Ris ActiveSG Gym,34%
2026-09-15T06:31:36.572452+00:00,Queenstown ActiveSG Gym,38%
2026-09-15T06:31:36.572452+00:00,Sengkang ActiveSG Gym,59%
2026-09-15T06:31:36.572452+00:00,Senja-Cashew ActiveSG Gym,72%
2026-09-15T06:31:36.572452+00:00,Tampines ActiveSG Gym,55%
2026-09-15T06:31:36.572452+00:00,Woodlands ActiveSG Gym,48%
2026-09-15T06:31:36.572452+00:00,Yio Chu Kang ActiveSG Gym,45%
2026-09-15T06:31:36.572452+00:00,Yishun ActiveSG Gym,33%
2026-09-15T06:45:13.835860+00:00,ActiveSG Gym @ Ang Mo Kio Community Centre,28%
2026-09-15T06:45:13.835860+00:00,ActiveSG Gym @ Enabling Village,38%
2026-09-15T06:45:13.835860+00:00,ActiveSG Gym @ Fernvale Square,38%
2026-09-15T06:45:13.835860+00:00,ActiveSG Gym @ Serangoon Central,23%
2026-09-15T06:45:13.835860+00:00,ActiveSG Gym @ Toa Payoh,50%
2026-09-15T06:45:13.835860+00:00,ActiveSG Gym @ Toa Payoh West Community Centre,25%
2026-09-15T06:45:13.835860+00:00,ActiveSG Hockey Village @ Boon Lay Gym,41%
2026-09-15T06:45:13.835860+00:00,ActiveSG Sport Park @ Teck Ghee ActiveSG Gym,31%
2026-09-15T06:45:13.835860+00:00,Bishan ActiveSG Gym,55%
2026-09-15T06:45:13.835860+00:00,Bukit Batok ActiveSG Gym,45%
2026-09-15T06:45:13.835860+00:00,Bukit Canberra ActiveSG Gym,42%
2026-09-15T06:45:13.835860+00:00,Bukit Gombak ActiveSG Gym,69%
2026-09-15T06:45:13.835860+00:00,Choa Chu Kang ActiveSG Gym,51%
2026-09-15T06:45:13.835860+00:00,Clementi ActiveSG Gym,63%
2026-09-15T06:45:13.835860+00:00,Delta ActiveSG Gym,39%
2026-09-15T06:45:13.835860+00:00,Heartbeat @ Bedok ActiveSG Gym,56%
2026-09-15T06:45:13.835860+00:00,Hougang ActiveSG Gym,57%
2026-09-15T06:45:13.835860+00:00,Jalan Besar ActiveSG Gym,53%
2026-09-15T06:45:13.835860+00:00,Jurong East ActiveSG Gym,31%
2026-09-15T06:45:13.835860+00:00,Jurong Lake Gardens ActiveSG Gym,26%
2026-09-15T06:45:13.835860+00:00,Jurong West ActiveSG Gym,23%
2026-09-15T06:45:13.835860+00:00,Katong ActiveSG Gym,49%
2026-09-15T06:45:13.835860+00:00,Pasir Ris ActiveSG Gym,34%
2026-09-15T06:45:13.835860+00:00,Queenstown ActiveSG Gym,38%
2026-09-15T06:45:13.835860+00:00,Sengkang ActiveSG Gym,66%
2026-09-15T06:45:13.835860+00:00,Senja-Cashew ActiveSG Gym,63%
2026-09-15T06:45:13.835860+00:00,Tampines ActiveSG Gym,56%
2026-09-15T06:45:13.835860+00:00,Woodlands ActiveSG Gym,46%
2026-09-15T06:45:13.835860+00:00,Yio Chu Kang ActiveSG Gym,47%
2026-09-15T06:45:13.835860+00:00,Yishun ActiveSG Gym,38%
2026-09-15T07:00:11.695402+00:00,ActiveSG Gym @ Ang Mo Kio Community Centre,32%
2026-09-15T07:00:11.695402+00:00,ActiveSG Gym @ Enabling Village,47%
2026-09-15T07:00:11.695402+00:00,ActiveSG Gym @ Fernvale Square,43%
2026-09-15T07:00:11.695402+00:00,ActiveSG Gym @ Serangoon Central,47%
2026-09-15T07:00:11.695402+00:00,ActiveSG Gym @ Toa Payoh,41%
2026-09-15T07:00:11.695402+00:00,ActiveSG Gym @ Toa Payoh West Community Centre,28%
2026-09-15T07:00:11.695402+00:00,ActiveSG Hockey Village @ Boon Lay Gym,39%
2026-09-15T07:00:11.695402+00:00,ActiveSG Sport Park @ Teck Ghee ActiveSG Gym,31%
2026-09-15T07:00:11.695402+00:00,Bishan ActiveSG Gym,59%
2026-09-15T07:00:11.695402+00:00,Bukit Batok ActiveSG Gym,45%
2026-09-15T07:00:11.695402+00:00,Bukit Canberra ActiveSG Gym,41%
2026-09-15T07:00:11.695402+00:00,Bukit Gombak ActiveSG Gym,72%
2026-09-15T07:00:11.695402+00:00,Choa Chu Kang ActiveSG Gym,54%
2026-09-15T07:00:11.695402+00:00,Clementi ActiveSG Gym,73%
2026-09-15T07:00:11.695402+00:00,Delta ActiveSG Gym,42%
2026-09-15T07:00:11.695402+00:00,Heartbeat @ Bedok ActiveSG Gym,60%
2026-09-15T07:00:11.695402+00:00,Hougang ActiveSG Gym,63%
2026-09-15T07:00:11.695402+00:00,Jalan Besar ActiveSG Gym,61%
2026-09-15T07:00:11.695402+00:00,Jurong East ActiveSG Gym,30%
2026-09-15T07:00:11.695402+00:00,Jurong Lake Gardens ActiveSG Gym,26%
2026-09-15T07:00:11.695402+00:00,Jurong West ActiveSG Gym,23%
2026-09-15T07:00:11.695402+00:00,Katong ActiveSG Gym,48%
2026-09-15T07:00:11.695402+00:00,Pasir Ris ActiveSG Gym,35%
2026-09-15T07:00:11.695402+00:00,Queenstown ActiveSG Gym,40%
2026-09-15T07:00:11.695402+00:00,Sengkang ActiveSG Gym,66%
2026-09-15T07:00:11.695402+00:00,Senja-Cashew ActiveSG Gym,68%
2026-09-15T07:00:11.695402+00:00,Tampines ActiveSG Gym,58%
2026-09-15T07:00:11.695402+00:00,Woodlands ActiveSG Gym,48%
2026-09-15T07:00:11.695402+00:00,Yio Chu Kang ActiveSG Gym,41%
2026-09-15T07:00:11.695402+00:00,Yishun ActiveSG Gym,40%
2026-09-15T07:15:14.207616+00:00,ActiveSG Gym @ Ang Mo Kio Community Centre,30%
2026-09-15T07:15:14.207616+00:00,ActiveSG Gym @ Enabling Village,33%
2026-09-15T07:15:14.207616+00:00,ActiveSG Gym @ Fernvale Square,50%
2026-09-15T07:15:14.207616+00:00,ActiveSG Gym @ Serangoon Central,57%
2026-09-15T07:15:14.207616+00:00,ActiveSG Gym @ Toa Payoh,43%
2026-09-15T07:15:14.207616+00:00,ActiveSG Gym @ Toa Payoh West Community Centre,20%
2026-09-15T07:15:14.207616+00:00,ActiveSG Hockey Village @ Boon Lay Gym,42%
2026-09-15T07:15:14.207616+00:00,ActiveSG Sport Park @ Teck Ghee ActiveSG Gym,38%
2026-09-15T07:15:14.207616+00:00,Bishan ActiveSG Gym,59%
2026-09-15T07:15:14.207616+00:00,Bukit Batok ActiveSG Gym,35%
2026-09-15T07:15:14.207616+00:00,Bukit Canberra ActiveSG Gym,42%
2026-09-15T07:15:14.207616+00:00,Bukit Gombak ActiveSG Gym,76%
2026-09-15T07:15:14.207616+00:00,Choa Chu Kang ActiveSG Gym,47%
2026-09-15T07:15:14.207616+00:00,Clementi ActiveSG Gym,64%
2026-09-15T07:15:14.207616+00:00,Delta ActiveSG Gym,48%
2026-09-15T07:15:14.207616+00:00,Heartbeat @ Bedok ActiveSG Gym,58%
2026-09-15T07:15:14.207616+00:00,Hougang ActiveSG Gym,71%
2026-09-15T07:15:14.207616+00:00,Jalan Besar ActiveSG Gym,54%
2026-09-15T07:15:14.207616+00:00,Jurong East ActiveSG Gym,30%
2026-09-15T07:15:14.207616+00:00,Jurong Lake Gardens ActiveSG Gym,27%
2026-09-15T07:15:14.207616+00:00,Jurong West ActiveSG Gym,21%
2026-09-15T07:15:14.207616+00:00,Katong ActiveSG Gym,49%
2026-09-15T07:15:14.207616+00:00,Pasir Ris ActiveSG Gym,45%
2026-09-15T07:15:14.207616+00:00,Queenstown ActiveSG Gym,42%
2026-09-15T07:15:14.207616+00:00,Sengkang ActiveSG Gym,68%
2026-09-15T07:15:14.207616+00:00,Senja-Cashew ActiveSG Gym,69%
2026-09-15T07:15:14.207616+00:00,Tampines ActiveSG Gym,61%
2026-09-15T07:15:14.207616+00:00,Woodlands ActiveSG Gym,46%
2026-09-15T07:15:14.207616+00:00,Yio Chu Kang ActiveSG Gym,38%
2026-09-15T07:15:14.207616+00:00,Yishun ActiveSG Gym,41%
2026-09-15T07:30:15.119697+00:00,ActiveSG Gym @ Ang Mo Kio Community Centre,35%
2026-09-15T07:30:15.119697+00:00,ActiveSG Gym @ Enabling Village,36%
2026-09-15T07:30:15.119697+00:00,ActiveSG Gym @ Fernvale Square,62%
2026-09-15T07:30:15.119697+00:00,ActiveSG Gym @ Serangoon Central,50%
2026-09-15T07:30:15.119697+00:00,ActiveSG Gym @ Toa Payoh,49%
2026-09-15T07:30:15.119697+00:00,ActiveSG Gym @ Toa Payoh West Community Centre,20%
2026-09-15T07:30:15.119697+00:00,ActiveSG Hockey Village @ Boon Lay Gym,41%
2026-09-15T07:30:15.119697+00:00,ActiveSG Sport Park @ Teck Ghee ActiveSG Gym,40%
2026-09-15T07:30:15.119697+00:00,Bishan ActiveSG Gym,59%
2026-09-15T07:30:15.119697+00:00,Bukit Batok ActiveSG Gym,40%
2026-09-15T07:30:15.119697+00:00,Bukit Canberra ActiveSG Gym,45%
2026-09-15T07:30:15.119697+00:00,Bukit Gombak ActiveSG Gym,78%
2026-09-15T07:30:15.119697+00:00,Choa Chu Kang ActiveSG Gym,50%
2026-09-15T07:30:15.119697+00:00,Clementi ActiveSG Gym,69%
2026-09-15T07:30:15.119697+00:00,Delta ActiveSG Gym,48%
2026-09-15T07:30:15.119697+00:00,Heartbeat @ Bedok ActiveSG Gym,60%
2026-09-15T07:30:15.119697+00:00,Hougang ActiveSG Gym,70%
2026-09-15T07:30:15.119697+00:00,Jalan Besar ActiveSG Gym,65%
2026-09-15T07:30:15.119697+00:00,Jurong East ActiveSG Gym,29%
2026-09-15T07:30:15.119697+00:00,Jurong Lake Gardens ActiveSG Gym,27%
2026-09-15T07:30:15.119697+00:00,Jurong West ActiveSG Gym,22%
2026-09-15T07:30:15.119697+00:00,Katong ActiveSG Gym,54%
2026-09-15T07:30:15.119697+00:00,Pasir Ris ActiveSG Gym,45%
2026-09-15T07:30:15.119697+00:00,Queenstown ActiveSG Gym,43%
2026-09-15T07:30:15.119697+00:00,Sengkang ActiveSG Gym,66%
2026-09-15T07:30:15.119697+00:00,Senja-Cashew ActiveSG Gym,71%
2026-09-15T07:30:15.119697+00:00,Tampines ActiveSG Gym,56%
2026-09-15T07:30:15.119697+00:00,Woodlands ActiveSG Gym,43%
2026-09-15T07:30:15.119697+00:00,Yio Chu Kang ActiveSG Gym,34%
2026-09-15T07:30:15.119697+00:00,Yishun ActiveSG Gym,39%
2026-09-15T07:45:16.163917+00:00,ActiveSG Gym @ Ang Mo Kio Community Centre,32%
2026-09-15T07:45:16.163917+00:00,ActiveSG Gym @ Enabling Village,33%
2026-09-15T07:45:16.163917+00:00,ActiveSG Gym @ Fernvale Square,60%
2026-09-15T07:45:16.163917+00:00,ActiveSG Gym @ Serangoon Central,47%
2026-09-15T07:45:16.163917+00:00,ActiveSG Gym @ Toa Payoh,50%
2026-09-15T07:45:16.163917+00:00,ActiveSG Gym @ Toa Payoh West Community Centre,28%
2026-09-15T07:45:16.163917+00:00,ActiveSG Hockey Village @ Boon Lay Gym,42%
2026-09-15T07:45:16.163917+00:00,ActiveSG Sport Park @ Teck Ghee ActiveSG Gym,40%
2026-09-15T07:45:16.163917+00:00,Bishan ActiveSG Gym,59%
2026-09-15T07:45:16.163917+00:00,Bukit Batok ActiveSG Gym,48%
2026-09-15T07:45:16.163917+00:00,Bukit Canberra ActiveSG Gym,48%
2026-09-15T07:45:16.163917+00:00,Bukit Gombak ActiveSG Gym,67%
2026-09-15T07:45:16.163917+00:00,Choa Chu Kang ActiveSG Gym,53%
2026-09-15T07:45:16.163917+00:00,Clementi ActiveSG Gym,63%
2026-09-15T07:45:16.163917+00:00,Delta ActiveSG Gym,53%
2026-09-15T07:45:16.163917+00:00,Heartbeat @ Bedok ActiveSG Gym,60%
2026-09-15T07:45:16.163917+00:00,Hougang ActiveSG Gym,68%
2026-09-15T07:45:16.163917+00:00,Jalan Besar ActiveSG Gym,67%
2026-09-15T07:45:16.163917+00:00,Jurong East ActiveSG Gym,28%
2026-09-15T07:45:16.163917+00:00,Jurong Lake Gardens ActiveSG Gym,27%
2026-09-15T07:45:16.163917+00:00,Jurong West ActiveSG Gym,20%
2026-09-15T07:45:16.163917+00:00,Katong ActiveSG Gym,51%
2026-09-15T07:45:16.163917+00:00,Pasir Ris ActiveSG Gym,44%
2026-09-15T07:45:16.163917+00:00,Queenstown ActiveSG Gym,46%
2026-09-15T07:45:16.163917+00:00,Sengkang ActiveSG Gym,67%
2026-09-15T07:45:16.163917+00:00,Senja-Cashew ActiveSG Gym,69%
2026-09-15T07:45:16.163917+00:00,Tampines ActiveSG Gym,63%
2026-09-15T07:45:16.163917+00:00,Woodlands ActiveSG Gym,47%
2026-09-15T07:45:16.163917+00:00,Yio Chu Kang ActiveSG Gym,38%
2026-09-15T07:45:16.163917+00:00,Yishun ActiveSG Gym,41%
2026-09-15T08:00:16.302187+00:00,ActiveSG Gym @ Ang Mo Kio Community Centre,42%
2026-09-15T08:00:16.302187+00:00,ActiveSG Gym @ Enabling Village,36%
2026-09-15T08:00:16.302187+00:00,ActiveSG Gym @ Fernvale Square,63%
2026-09-15T08:00:16.302187+00:00,ActiveSG Gym @ Serangoon Central,53%
2026-09-15T08:00:16.302187+00:00,ActiveSG Gym @ Toa Payoh,49%
2026-09-15T08:00:16.302187+00:00,ActiveSG Gym @ Toa Payoh West Community Centre,23%
2026-09-15T08:00:16.302187+00:00,ActiveSG Hockey Village @ Boon Lay Gym,42%
2026-09-15T08:00:16.302187+00:00,ActiveSG Sport Park @ Teck Ghee ActiveSG Gym,39%
2026-09-15T08:00:16.302187+00:00,Bishan ActiveSG Gym,59%
2026-09-15T08:00:16.302187+00:00,Bukit Batok ActiveSG Gym,55%
2026-09-15T08:00:16.302187+00:00,Bukit Canberra ActiveSG Gym,51%
2026-09-15T08:00:16.302187+00:00,Bukit Gombak ActiveSG Gym,48%
2026-09-15T08:00:16.302187+00:00,Choa Chu Kang ActiveSG Gym,53%
2026-09-15T08:00:16.302187+00:00,Clementi ActiveSG Gym,63%
2026-09-15T08:00:16.302187+00:00,Delta ActiveSG Gym,34%
2026-09-15T08:00:16.302187+00:00,Heartbeat @ Bedok ActiveSG Gym,60%
2026-09-15T08:00:16.302187+00:00,Hougang ActiveSG Gym,47%
2026-09-15T08:00:16.302187+00:00,Jalan Besar ActiveSG Gym,62%
2026-09-15T08:00:16.302187+00:00,Jurong East ActiveSG Gym,28%
2026-09-15T08:00:16.302187+00:00,Jurong Lake Gardens ActiveSG Gym,27%
2026-09-15T08:00:16.302187+00:00,Jurong West ActiveSG Gym,21%
2026-09-15T08:00:16.302187+00:00,Katong ActiveSG Gym,49%
2026-09-15T08:00:16.302187+00:00,Pasir Ris ActiveSG Gym,41%
2026-09-15T08:00:16.302187+00:00,Queenstown ActiveSG Gym,48%
2026-09-15T08:00:16.302187+00:00,Sengkang ActiveSG Gym,68%
2026-09-15T08:00:16.302187+00:00,Senja-Cashew ActiveSG Gym,69%
2026-09-15T08:00:16.302187+00:00,Tampines ActiveSG Gym,64%
2026-09-15T08:00:16.302187+00:00,Woodlands ActiveSG Gym,51%
2026-09-15T08:00:16.302187+00:00,Yio Chu Kang ActiveSG Gym,40%
2026-09-15T08:00:16.302187+00:00,Yishun ActiveSG Gym,40%
2026-09-15T08:15:15.949824+00:00,ActiveSG Gym @ Ang Mo Kio Community Centre,37%
2026-09-15T08:15:15.949824+00:00,ActiveSG Gym @ Enabling Village,36%
2026-09-15T08:15:15.949824+00:00,ActiveSG Gym @ Fernvale Square,63%
2026-09-15T08:15:15.949824+00:00,ActiveSG Gym @ Serangoon Central,73%
2026-09-15T08:15:15.949824+00:00,ActiveSG Gym @ Toa Payoh,50%
2026-09-15T08:15:15.949824+00:00,ActiveSG Gym @ Toa Payoh West Community Centre,23%
2026-09-15T08:15:15.949824+00:00,ActiveSG Hockey Village @ Boon Lay Gym,42%
2026-09-15T08:15:15.949824+00:00,ActiveSG Sport Park @ Teck Ghee ActiveSG Gym,40%
2026-09-15T08:15:15.949824+00:00,Bishan ActiveSG Gym,64%
2026-09-15T08:15:15.949824+00:00,Bukit Batok ActiveSG Gym,45%
2026-09-15T08:15:15.949824+00:00,Bukit Canberra ActiveSG Gym,47%
2026-09-15T08:15:15.949824+00:00,Bukit Gombak ActiveSG Gym,57%
2026-09-15T08:15:15.949824+00:00,Choa Chu Kang ActiveSG Gym,49%
2026-09-15T08:15:15.949824+00:00,Clementi ActiveSG Gym,68%
2026-09-15T08:15:15.949824+00:00,Delta ActiveSG Gym,36%
2026-09-15T08:15:15.949824+00:00,Heartbeat @ Bedok ActiveSG Gym,60%
2026-09-15T08:15:15.949824+00:00,Hougang ActiveSG Gym,49%
2026-09-15T08:15:15.949824+00:00,Jalan Besar ActiveSG Gym,68%
2026-09-15T08:15:15.949824+00:00,Jurong East ActiveSG Gym,29%
2026-09-15T08:15:15.949824+00:00,Jurong Lake Gardens ActiveSG Gym,27%
2026-09-15T08:15:15.949824+00:00,Jurong West ActiveSG Gym,23%
2026-09-15T08:15:15.949824+00:00,Katong ActiveSG Gym,52%
2026-09-15T08:15:15.949824+00:00,Pasir Ris ActiveSG Gym,39%
2026-09-15T08:15:15.949824+00:00,Queenstown ActiveSG Gym,52%
2026-09-15T08:15:15.949824+00:00,Sengkang ActiveSG Gym,68%
2026-09-15T08:15:15.949824+00:00,Senja-Cashew ActiveSG Gym,72%
2026-09-15T08:15:15.949824+00:00,Tampines ActiveSG Gym,64%
2026-09-15T08:15:15.949824+00:00,Woodlands ActiveSG Gym,54%
2026-09-15T08:15:15.949824+00:00,Yio Chu Kang ActiveSG Gym,43%
2026-09-15T08:15:15.949824+00:00,Yishun ActiveSG Gym,41%
2026-09-15T08:30:16.020548+00:00,ActiveSG Gym @ Ang Mo Kio Community Centre,35%
2026-09-15T08:30:16.020548+00:00,ActiveSG Gym @ Enabling Village,27%
2026-09-15T08:30:16.020548+00:00,ActiveSG Gym @ Fernvale Square,58%
2026-09-15T08:30:16.020548+00:00,ActiveSG Gym @ Serangoon Central,80%
2026-09-15T08:30:16.020548+00:00,ActiveSG Gym @ Toa Payoh,43%
2026-09-15T08:30:16.020548+00:00,ActiveSG Gym @ Toa Payoh West Community Centre,21%
2026-09-15T08:30:16.020548+00:00,ActiveSG Hockey Village @ Boon Lay Gym,42%
2026-09-15T08:30:16.020548+00:00,ActiveSG Sport Park @ Teck Ghee ActiveSG Gym,39%
2026-09-15T08:30:16.020548+00:00,Bishan ActiveSG Gym,64%
2026-09-15T08:30:16.020548+00:00,Bukit Batok ActiveSG Gym,53%
2026-09-15T08:30:16.020548+00:00,Bukit Canberra ActiveSG Gym,48%
2026-09-15T08:30:16.020548+00:00,Bukit Gombak ActiveSG Gym,57%
2026-09-15T08:30:16.020548+00:00,Choa Chu Kang ActiveSG Gym,53%
2026-09-15T08:30:16.020548+00:00,Clementi ActiveSG Gym,68%
2026-09-15T08:30:16.020548+00:00,Delta ActiveSG Gym,38%
2026-09-15T08:30:16.020548+00:00,Heartbeat @ Bedok ActiveSG Gym,56%
2026-09-15T08:30:16.020548+00:00,Hougang ActiveSG Gym,51%
2026-09-15T08:30:16.020548+00:00,Jalan Besar ActiveSG Gym,58%
2026-09-15T08:30:16.020548+00:00,Jurong East ActiveSG Gym,31%
2026-09-15T08:30:16.020548+00:00,Jurong Lake Gardens ActiveSG Gym,27%
2026-09-15T08:30:16.020548+00:00,Jurong West ActiveSG Gym,26%
2026-09-15T08:30:16.020548+00:00,Katong ActiveSG Gym,45%
2026-09-15T08:30:16.020548+00:00,Pasir Ris ActiveSG Gym,39%
2026-09-15T08:30:16.020548+00:00,Queenstown ActiveSG Gym,52%
2026-09-15T08:30:16.020548+00:00,Sengkang ActiveSG Gym,70%
2026-09-15T08:30:16.020548+00:00,Senja-Cashew ActiveSG Gym,72%
2026-09-15T08:30:16.020548+00:00,Tampines ActiveSG Gym,59%
2026-09-15T08:30:16.020548+00:00,Woodlands ActiveSG Gym,51%
2026-09-15T08:30:16.020548+00:00,Yio Chu Kang ActiveSG Gym,43%
2026-09-15T08:30:16.020548+00:00,Yishun ActiveSG Gym,38%
2026-09-15T08:45:14.065042+00:00,ActiveSG Gym @ Ang Mo Kio Community Centre,37%
2026-09-15T08:45:14.065042+00:00,ActiveSG Gym @ Enabling Village,29%
2026-09-15T08:45:14.065042+00:00,ActiveSG Gym @ Fernvale Square,58%
2026-09-15T08:45:14.065042+00:00,ActiveSG Gym @ Serangoon Central,80%
2026-09-15T08:45:14.065042+00:00,ActiveSG Gym @ Toa Payoh,42%
2026-09-15T08:45:14.065042+00:00,ActiveSG Gym @ Toa Payoh West Community Centre,23%
2026-09-15T08:45:14.065042+00:00,ActiveSG Hockey Village @ Boon Lay Gym,42%
2026-09-15T08:45:14.065042+00:00,ActiveSG Sport Park @ Teck Ghee ActiveSG Gym,36%
2026-09-15T08:45:14.065042+00:00,Bishan ActiveSG Gym,64%
2026-09-15T08:45:14.065042+00:00,Bukit Batok ActiveSG Gym,63%
2026-09-15T08:45:14.065042+00:00,Bukit Canberra ActiveSG Gym,50%
2026-09-15T08:45:14.065042+00:00,Bukit Gombak ActiveSG Gym,61%
2026-09-15T08:45:14.065042+00:00,Choa Chu Kang ActiveSG Gym,56%
2026-09-15T08:45:14.065042+00:00,Clementi ActiveSG Gym,83%
2026-09-15T08:45:14.065042+00:00,Delta ActiveSG Gym,43%
2026-09-15T08:45:14.065042+00:00,Heartbeat @ Bedok ActiveSG Gym,51%
2026-09-15T08:45:14.065042+00:00,Hougang ActiveSG Gym,55%
2026-09-15T08:45:14.065042+00:00,Jalan Besar ActiveSG Gym,62%
2026-09-15T08:45:14.065042+00:00,Jurong East ActiveSG Gym,39%
2026-09-15T08:45:14.065042+00:00,Jurong Lake Gardens ActiveSG Gym,27%
2026-09-15T08:45:14.065042+00:00,Jurong West ActiveSG Gym,26%
2026-09-15T08:45:14.065042+00:00,Katong ActiveSG Gym,43%
2026-09-15T08:45:14.065042+00:00,Pasir Ris ActiveSG Gym,49%
2026-09-15T08:45:14.065042+00:00,Queenstown ActiveSG Gym,45%
2026-09-15T08:45:14.065042+00:00,Sengkang ActiveSG Gym,67%
2026-09-15T08:45:14.065042+00:00,Senja-Cashew ActiveSG Gym,72%
2026-09-15T08:45:14.065042+00:00,Tampines ActiveSG Gym,63%
2026-09-15T08:45:14.065042+00:00,Woodlands ActiveSG Gym,50%
2026-09-15T08:45:14.065042+00:00,Yio Chu Kang ActiveSG Gym,43%
2026-09-15T08:45:14.065042+00:00,Yishun ActiveSG Gym,49%
2026-09-15T09:00:14.314814+00:00,ActiveSG Gym @ Ang Mo Kio Community Centre,37%
2026-09-15T09:00:14.314814+00:00,ActiveSG Gym @ Enabling Village,20%
2026-09-15T09:00:14.314814+00:00,ActiveSG Gym @ Fernvale Square,62%
2026-09-15T09:00:14.314814+00:00,ActiveSG Gym @ Serangoon Central,73%
2026-09-15T09:00:14.314814+00:00,ActiveSG Gym @ Toa Payoh,45%
2026-09-15T09:00:14.314814+00:00,ActiveSG Gym @ Toa Payoh West Community Centre,24%
2026-09-15T09:00:14.314814+00:00,ActiveSG Hockey Village @ Boon Lay Gym,34%
2026-09-15T09:00:14.314814+00:00,ActiveSG Sport Park @ Teck Ghee ActiveSG Gym,35%
2026-09-15T09:00:14.314814+00:00,Bishan ActiveSG Gym,64%
2026-09-15T09:00:14.314814+00:00,Bukit Batok ActiveSG Gym,73%
2026-09-15T09:00:14.314814+00:00,Bukit Canberra ActiveSG Gym,49%
2026-09-15T09:00:14.314814+00:00,Bukit Gombak ActiveSG Gym,70%
2026-09-15T09:00:14.314814+00:00,Choa Chu Kang ActiveSG Gym,59%
2026-09-15T09:00:14.314814+00:00,Clementi ActiveSG Gym,79%
2026-09-15T09:00:14.314814+00:00,Delta ActiveSG Gym,49%
2026-09-15T09:00:14.314814+00:00,Heartbeat @ Bedok ActiveSG Gym,51%
2026-09-15T09:00:14.314814+00:00,Hougang ActiveSG Gym,51%
2026-09-15T09:00:14.314814+00:00,Jalan Besar ActiveSG Gym,60%
2026-09-15T09:00:14.314814+00:00,Jurong East ActiveSG Gym,39%
2026-09-15T09:00:14.314814+00:00,Jurong Lake Gardens ActiveSG Gym,27%
2026-09-15T09:00:14.314814+00:00,Jurong West ActiveSG Gym,23%
2026-09-15T09:00:14.314814+00:00,Katong ActiveSG Gym,45%
2026-09-15T09:00:14.314814+00:00,Pasir Ris ActiveSG Gym,47%
2026-09-15T09:00:14.314814+00:00,Queenstown ActiveSG Gym,45%
2026-09-15T09:00:14.314814+00:00,Sengkang ActiveSG Gym,69%
2026-09-15T09:00:14.314814+00:00,Senja-Cashew ActiveSG Gym,69%
2026-09-15T09:00:14.314814+00:00,Tampines ActiveSG Gym,63%
2026-09-15T09:00:14.314814+00:00,Woodlands ActiveSG Gym,57%
2026-09-15T09:00:14.314814+00:00,Yio Chu Kang ActiveSG Gym,42%
2026-09-15T09:00:14.314814+00:00,Yishun ActiveSG Gym,46%
2026-09-15T09:15:13.936582+00:00,ActiveSG Gym @ Ang Mo Kio Community Centre,33%
2026-09-15T09:15:13.936582+00:00,ActiveSG Gym @ Enabling Village,29%
2026-09-15T09:15:13.936582+00:00,ActiveSG Gym @ Fernvale Square,55%
2026-09-15T09:15:13.936582+00:00,ActiveSG Gym @ Serangoon Central,80%
2026-09-15T09:15:13.936582+00:00,ActiveSG Gym @ Toa Payoh,48%
2026-09-15T09:15:13.936582+00:00,ActiveSG Gym @ Toa Payoh West Community Centre,24%
2026-09-15T09:15:13.936582+00:00,ActiveSG Hockey Village @ Boon Lay Gym,34%
2026-09-15T09:15:13.936582+00:00,ActiveSG Sport Park @ Teck Ghee ActiveSG Gym,35%
2026-09-15T09:15:13.936582+00:00,Bishan ActiveSG Gym,64%
2026-09-15T09:15:13.936582+00:00,Bukit Batok ActiveSG Gym,60%
2026-09-15T09:15:13.936582+00:00,Bukit Canberra ActiveSG Gym,52%
2026-09-15T09:15:13.936582+00:00,Bukit Gombak ActiveSG Gym,71%
2026-09-15T09:15:13.936582+00:00,Choa Chu Kang ActiveSG Gym,54%
2026-09-15T09:15:13.936582+00:00,Clementi ActiveSG Gym,79%
2026-09-15T09:15:13.936582+00:00,Delta ActiveSG Gym,53%
2026-09-15T09:15:13.936582+00:00,Heartbeat @ Bedok ActiveSG Gym,51%
2026-09-15T09:15:13.936582+00:00,Hougang ActiveSG Gym,53%
2026-09-15T09:15:13.936582+00:00,Jalan Besar ActiveSG Gym,53%
2026-09-15T09:15:13.936582+00:00,Jurong East ActiveSG Gym,39%
2026-09-15T09:15:13.936582+00:00,Jurong Lake Gardens ActiveSG Gym,27%
2026-09-15T09:15:13.936582+00:00,Jurong West ActiveSG Gym,28%
2026-09-15T09:15:13.936582+00:00,Katong ActiveSG Gym,49%
2026-09-15T09:15:13.936582+00:00,Pasir Ris ActiveSG Gym,45%
2026-09-15T09:15:13.936582+00:00,Queenstown ActiveSG Gym,50%
2026-09-15T09:15:13.936582+00:00,Sengkang ActiveSG Gym,74%
2026-09-15T09:15:13.936582+00:00,Senja-Cashew ActiveSG Gym,75%
2026-09-15T09:15:13.936582+00:00,Tampines ActiveSG Gym,66%
2026-09-15T09:15:13.936582+00:00,Woodlands ActiveSG Gym,53%
2026-09-15T09:15:13.936582+00:00,Yio Chu Kang ActiveSG Gym,42%
2026-09-15T09:15:13.936582+00:00,Yishun ActiveSG Gym,46%
2026-09-15T09:30:13.820890+00:00,ActiveSG Gym @ Ang Mo Kio Community Centre,27%
2026-09-15T09:30:13.820890+00:00,ActiveSG Gym @ Enabling Village,33%
2026-09-15T09:30:13.820890+00:00,ActiveSG Gym @ Fernvale Square,57%
2026-09-15T09:30:13.820890+00:00,ActiveSG Gym @ Serangoon Central,83%
2026-09-15T09:30:13.820890+00:00,ActiveSG Gym @ Toa Payoh,54%
2026-09-15T09:30:13.820890+00:00,ActiveSG Gym @ Toa Payoh West Community Centre,25%
2026-09-15T09:30:13.820890+00:00,ActiveSG Hockey Village @ Boon Lay Gym,34%
2026-09-15T09:30:13.820890+00:00,ActiveSG Sport Park @ Teck Ghee ActiveSG Gym,34%
2026-09-15T09:30:13.820890+00:00,Bishan ActiveSG Gym,64%
2026-09-15T09:30:13.820890+00:00,Bukit Batok ActiveSG Gym,83%
2026-09-15T09:30:13.820890+00:00,Bukit Canberra ActiveSG Gym,57%
2026-09-15T09:30:13.820890+00:00,Bukit Gombak ActiveSG Gym,73%
2026-09-15T09:30:13.820890+00:00,Choa Chu Kang ActiveSG Gym,57%
2026-09-15T09:30:13.820890+00:00,Clementi ActiveSG Gym,86%
2026-09-15T09:30:13.820890+00:00,Delta ActiveSG Gym,51%
2026-09-15T09:30:13.820890+00:00,Heartbeat @ Bedok ActiveSG Gym,52%
2026-09-15T09:30:13.820890+00:00,Hougang ActiveSG Gym,48%
2026-09-15T09:30:13.820890+00:00,Jalan Besar ActiveSG Gym,53%
2026-09-15T09:30:13.820890+00:00,Jurong East ActiveSG Gym,36%
2026-09-15T09:30:13.820890+00:00,Jurong Lake Gardens ActiveSG Gym,27%
2026-09-15T09:30:13.820890+00:00,Jurong West ActiveSG Gym,30%
2026-09-15T09:30:13.820890+00:00,Katong ActiveSG Gym,43%
2026-09-15T09:30:13.820890+00:00,Pasir Ris ActiveSG Gym,48%
2026-09-15T09:30:13.820890+00:00,Queenstown ActiveSG Gym,56%
2026-09-15T09:30:13.820890+00:00,Sengkang ActiveSG Gym,79%
2026-09-15T09:30:13.820890+00:00,Senja-Cashew ActiveSG Gym,80%
2026-09-15T09:30:13.820890+00:00,Tampines ActiveSG Gym,63%
2026-09-15T09:30:13.820890+00:00,Woodlands ActiveSG Gym,51%
2026-09-15T09:30:13.820890+00:00,Yio Chu Kang ActiveSG Gym,38%
2026-09-15T09:30:13.820890+00:00,Yishun ActiveSG Gym,46%
2026-09-15T09:45:13.833843+00:00,ActiveSG Gym @ Ang Mo Kio Community Centre,27%
2026-09-15T09:45:13.833843+00:00,ActiveSG Gym @ Enabling Village,29%
2026-09-15T09:45:13.833843+00:00,ActiveSG Gym @ Fernvale Square,52%
2026-09-15T09:45:13.833843+00:00,ActiveSG Gym @ Serangoon Central,80%
2026-09-15T09:45:13.833843+00:00,ActiveSG Gym @ Toa Payoh,56%
2026-09-15T09:45:13.833843+00:00,ActiveSG Gym @ Toa Payoh West Community Centre,23%
2026-09-15T09:45:13.833843+00:00,ActiveSG Hockey Village @ Boon Lay Gym,34%
2026-09-15T09:45:13.833843+00:00,ActiveSG Sport Park @ Teck Ghee ActiveSG Gym,33%
2026-09-15T09:45:13.833843+00:00,Bishan ActiveSG Gym,64%
2026-09-15T09:45:13.833843+00:00,Bukit Batok ActiveSG Gym,88%
2026-09-15T09:45:13.833843+00:00,Bukit Canberra ActiveSG Gym,61%
2026-09-15T09:45:13.833843+00:00,Bukit Gombak ActiveSG Gym,88%
2026-09-15T09:45:13.833843+00:00,Choa Chu Kang ActiveSG Gym,56%
2026-09-15T09:45:13.833843+00:00,Clementi ActiveSG Gym,92%
2026-09-15T09:45:13.833843+00:00,Delta ActiveSG Gym,59%
2026-09-15T09:45:13.833843+00:00,Heartbeat @ Bedok ActiveSG Gym,53%
2026-09-15T09:45:13.833843+00:00,Hougang ActiveSG Gym,55%
2026-09-15T09:45:13.833843+00:00,Jalan Besar ActiveSG Gym,55%
2026-09-15T09:45:13.833843+00:00,Jurong East ActiveSG Gym,37%
2026-09-15T09:45:13.833843+00:00,Jurong Lake Gardens ActiveSG Gym,33%
2026-09-15T09:45:13.833843+00:00,Jurong West ActiveSG Gym,34%
2026-09-15T09:45:13.833843+00:00,Katong ActiveSG Gym,51%
2026-09-15T09:45:13.833843+00:00,Pasir Ris ActiveSG Gym,51%
2026-09-15T09:45:13.833843+00:00,Queenstown ActiveSG Gym,56%
2026-09-15T09:45:13.833843+00:00,Sengkang ActiveSG Gym,83%
2026-09-15T09:45:13.833843+00:00,Senja-Cashew ActiveSG Gym,80%
2026-09-15T09:45:13.833843+00:00,Tampines ActiveSG Gym,66%
2026-09-15T09:45:13.833843+00:00,Woodlands ActiveSG Gym,48%
2026-09-15T09:45:13.833843+00:00,Yio Chu Kang ActiveSG Gym,38%
2026-09-15T09:45:13.833843+00:00,Yishun ActiveSG Gym,47%
2026-09-15T10:00:13.844431+00:00,ActiveSG Gym @ Ang Mo Kio Community Centre,23%
2026-09-15T10:00:13.844431+00:00,ActiveSG Gym @ Enabling Village,38%
2026-09-15T10:00:13.844431+00:00,ActiveSG Gym @ Fernvale Square,57%
2026-09-15T10:00:13.844431+00:00,ActiveSG Gym @ Serangoon Central,73%
2026-09-15T10:00:13.844431+00:00,ActiveSG Gym @ Toa Payoh,65%
2026-09-15T10:00:13.844431+00:00,ActiveSG Gym @ Toa Payoh West Community Centre,25%
2026-09-15T10:00:13.844431+00:00,ActiveSG Hockey Village @ Boon Lay Gym,34%
2026-09-15T10:00:13.844431+00:00,ActiveSG Sport Park @ Teck Ghee ActiveSG Gym,33%
2026-09-15T10:00:13.844431+00:00,Bishan ActiveSG Gym,64%
2026-09-15T10:00:13.844431+00:00,Bukit Batok ActiveSG Gym,68%
2026-09-15T10:00:13.844431+00:00,Bukit Canberra ActiveSG Gym,68%
2026-09-15T10:00:13.844431+00:00,Bukit Gombak ActiveSG Gym,86%
2026-09-15T10:00:13.844431+00:00,Choa Chu Kang ActiveSG Gym,57%
2026-09-15T10:00:13.844431+00:00,Clementi ActiveSG Gym,96%
2026-09-15T10:00:13.844431+00:00,Delta ActiveSG Gym,61%
2026-09-15T10:00:13.844431+00:00,Heartbeat @ Bedok ActiveSG Gym,51%
2026-09-15T10:00:13.844431+00:00,Hougang ActiveSG Gym,53%
2026-09-15T10:00:13.844431+00:00,Jalan Besar ActiveSG Gym,55%
2026-09-15T10:00:13.844431+00:00,Jurong East ActiveSG Gym,32%
2026-09-15T10:00:13.844431+00:00,Jurong Lake Gardens ActiveSG Gym,41%
2026-09-15T10:00:13.844431+00:00,Jurong West ActiveSG Gym,32%
2026-09-15T10:00:13.844431+00:00,Katong ActiveSG Gym,45%
2026-09-15T10:00:13.844431+00:00,Pasir Ris ActiveSG Gym,47%
2026-09-15T10:00:13.844431+00:00,Queenstown ActiveSG Gym,60%
2026-09-15T10:00:13.844431+00:00,Sengkang ActiveSG Gym,84%
2026-09-15T10:00:13.844431+00:00,Senja-Cashew ActiveSG Gym,80%
2026-09-15T10:00:13.844431+00:00,Tampines ActiveSG Gym,68%
2026-09-15T10:00:13.844431+00:00,Woodlands ActiveSG Gym,48%
2026-09-15T10:00:13.844431+00:00,Yio Chu Kang ActiveSG Gym,41%
2026-09-15T10:00:13.844431+00:00,Yishun ActiveSG Gym,49%
2026-09-15T10:15:14.006727+00:00,ActiveSG Gym @ Ang Mo Kio Community Centre,37%
2026-09-15T10:15:14.006727+00:00,ActiveSG Gym @ Enabling Village,38%
2026-09-15T10:15:14.006727+00:00,ActiveSG Gym @ Fernvale Square,52%
2026-09-15T10:15:14.006727+00:00,ActiveSG Gym @ Serangoon Central,53%
2026-09-15T10:15:14.006727+00:00,ActiveSG Gym @ Toa Payoh,61%
2026-09-15T10:15:14.006727+00:00,ActiveSG Gym @ Toa Payoh West Community Centre,28%
2026-09-15T10:15:14.006727+00:00,ActiveSG Hockey Village @ Boon Lay Gym,34%
2026-09-15T10:15:14.006727+00:00,ActiveSG Sport Park @ Teck Ghee ActiveSG Gym,33%
2026-09-15T10:15:14.006727+00:00,Bishan ActiveSG Gym,64%
2026-09-15T10:15:14.006727+00:00,Bukit Batok ActiveSG Gym,55%
2026-09-15T10:15:14.006727+00:00,Bukit Canberra ActiveSG Gym,76%
2026-09-15T10:15:14.006727+00:00,Bukit Gombak ActiveSG Gym,87%
2026-09-15T10:15:14.006727+00:00,Choa Chu Kang ActiveSG Gym,60%
2026-09-15T10:15:14.006727+00:00,Clementi ActiveSG Gym,89%
2026-09-15T10:15:14.006727+00:00,Delta ActiveSG Gym,62%
2026-09-15T10:15:14.006727+00:00,Heartbeat @ Bedok ActiveSG Gym,52%
2026-09-15T10:15:14.006727+00:00,Hougang ActiveSG Gym,46%
2026-09-15T10:15:14.006727+00:00,Jalan Besar ActiveSG Gym,60%
2026-09-15T10:15:14.006727+00:00,Jurong East ActiveSG Gym,35%
2026-09-15T10:15:14.006727+00:00,Jurong Lake Gardens ActiveSG Gym,41%
2026-09-15T10:15:14.006727+00:00,Jurong West ActiveSG Gym,34%
2026-09-15T10:15:14.006727+00:00,Katong ActiveSG Gym,48%
2026-09-15T10:15:14.006727+00:00,Pasir Ris ActiveSG Gym,51%
2026-09-15T10:15:14.006727+00:00,Queenstown ActiveSG Gym,65%
2026-09-15T10:15:14.006727+00:00,Sengkang ActiveSG Gym,86%
2026-09-15T10:15:14.006727+00:00,Senja-Cashew ActiveSG Gym,77%
2026-09-15T10:15:14.006727+00:00,Tampines ActiveSG Gym,66%
2026-09-15T10:15:14.006727+00:00,Woodlands ActiveSG Gym,52%
2026-09-15T10:15:14.006727+00:00,Yio Chu Kang ActiveSG Gym,37%
2026-09-15T10:15:14.006727+00:00,Yishun ActiveSG Gym,59%
2026-09-15T10:30:14.412571+00:00,ActiveSG Gym @ Ang Mo Kio Community Centre,35%
2026-09-15T10:30:14.412571+00:00,ActiveSG Gym @ Enabling Village,38%
2026-09-15T10:30:14.412571+00:00,ActiveSG Gym @ Fernvale Square,53%
2026-09-15T10:30:14.412571+00:00,ActiveSG Gym @ Serangoon Central,53%
2026-09-15T10:30:14.412571+00:00,ActiveSG Gym @ Toa Payoh,64%
2026-09-15T10:30:14.412571+00:00,ActiveSG Gym @ Toa Payoh West Community Centre,29%
2026-09-15T10:30:14.412571+00:00,ActiveSG Hockey Village @ Boon Lay Gym,34%
2026-09-15T10:30:14.412571+00:00,ActiveSG Sport Park @ Teck Ghee ActiveSG Gym,34%
2026-09-15T10:30:14.412571+00:00,Bishan ActiveSG Gym,64%
2026-09-15T10:30:14.412571+00:00,Bukit Batok ActiveSG Gym,55%
2026-09-15T10:30:14.412571+00:00,Bukit Canberra ActiveSG Gym,78%
2026-09-15T10:30:14.412571+00:00,Bukit Gombak ActiveSG Gym,88%
2026-09-15T10:30:14.412571+00:00,Choa Chu Kang ActiveSG Gym,60%
2026-09-15T10:30:14.412571+00:00,Clementi ActiveSG Gym,88%
2026-09-15T10:30:14.412571+00:00,Delta ActiveSG Gym,68%
2026-09-15T10:30:14.412571+00:00,Heartbeat @ Bedok ActiveSG Gym,55%
2026-09-15T10:30:14.412571+00:00,Hougang ActiveSG Gym,48%
2026-09-15T10:30:14.412571+00:00,Jalan Besar ActiveSG Gym,74%
2026-09-15T10:30:14.412571+00:00,Jurong East ActiveSG Gym,35%
2026-09-15T10:30:14.412571+00:00,Jurong Lake Gardens ActiveSG Gym,41%
2026-09-15T10:30:14.412571+00:00,Jurong West ActiveSG Gym,34%
2026-09-15T10:30:14.412571+00:00,Katong ActiveSG Gym,58%
2026-09-15T10:30:14.412571+00:00,Pasir Ris ActiveSG Gym,45%
2026-09-15T10:30:14.412571+00:00,Queenstown ActiveSG Gym,68%
2026-09-15T10:30:14.412571+00:00,Sengkang ActiveSG Gym,96%
2026-09-15T10:30:14.412571+00:00,Senja-Cashew ActiveSG Gym,77%
2026-09-15T10:30:14.412571+00:00,Tampines ActiveSG Gym,71%
2026-09-15T10:30:14.412571+00:00,Woodlands ActiveSG Gym,53%
2026-09-15T10:30:14.412571+00:00,Yio Chu Kang ActiveSG Gym,41%
2026-09-15T10:30:14.412571+00:00,Yishun ActiveSG Gym,62%
2026-09-15T10:45:13.948179+00:00,ActiveSG Gym @ Ang Mo Kio Community Centre,33%
2026-09-15T10:45:13.948179+00:00,ActiveSG Gym @ Enabling Village,44%
2026-09-15T10:45:13.948179+00:00,ActiveSG Gym @ Fernvale Square,57%
2026-09-15T10:45:13.948179+00:00,ActiveSG Gym @ Serangoon Central,63%
2026-09-15T10:45:13.948179+00:00,ActiveSG Gym @ Toa Payoh,67%
2026-09-15T10:45:13.948179+00:00,ActiveSG Gym @ Toa Payoh West Community Centre,35%
2026-09-15T10:45:13.948179+00:00,ActiveSG Hockey Village @ Boon Lay Gym,34%
2026-09-15T10:45:13.948179+00:00,ActiveSG Sport Park @ Teck Ghee ActiveSG Gym,37%
2026-09-15T10:45:13.948179+00:00,Bishan ActiveSG Gym,68%
2026-09-15T10:45:13.948179+00:00,Bukit Batok ActiveSG Gym,60%
2026-09-15T10:45:13.948179+00:00,Bukit Canberra ActiveSG Gym,78%
2026-09-15T10:45:13.948179+00:00,Bukit Gombak ActiveSG Gym,87%
2026-09-15T10:45:13.948179+00:00,Choa Chu Kang ActiveSG Gym,60%
2026-09-15T10:45:13.948179+00:00,Clementi ActiveSG Gym,79%
2026-09-15T10:45:13.948179+00:00,Delta ActiveSG Gym,77%
2026-09-15T10:45:13.948179+00:00,Heartbeat @ Bedok ActiveSG Gym,56%
2026-09-15T10:45:13.948179+00:00,Hougang ActiveSG Gym,46%
2026-09-15T10:45:13.948179+00:00,Jalan Besar ActiveSG Gym,85%
2026-09-15T10:45:13.948179+00:00,Jurong East ActiveSG Gym,36%
2026-09-15T10:45:13.948179+00:00,Jurong Lake Gardens ActiveSG Gym,41%
2026-09-15T10:45:13.948179+00:00,Jurong West ActiveSG Gym,35%
2026-09-15T10:45:13.948179+00:00,Katong ActiveSG Gym,65%
2026-09-15T10:45:13.948179+00:00,Pasir Ris ActiveSG Gym,51%
2026-09-15T10:45:13.948179+00:00,Queenstown ActiveSG Gym,71%
2026-09-15T10:45:13.948179+00:00,Sengkang ActiveSG Gym,100%
2026-09-15T10:45:13.948179+00:00,Senja-Cashew ActiveSG Gym,83%
2026-09-15T10:45:13.948179+00:00,Tampines ActiveSG Gym,74%
2026-09-15T10:45:13.948179+00:00,Woodlands ActiveSG Gym,59%
2026-09-15T10:45:13.948179+00:00,Yio Chu Kang ActiveSG Gym,53%
2026-09-15T10:45:13.948179+00:00,Yishun ActiveSG Gym,64%
2026-09-15T11:00:13.877633+00:00,ActiveSG Gym @ Ang Mo Kio Community Centre,48%
2026-09-15T11:00:13.877633+00:00,ActiveSG Gym @ Enabling Village,51%
2026-09-15T11:00:13.877633+00:00,ActiveSG Gym @ Fernvale Square,62%
2026-09-15T11:00:13.877633+00:00,ActiveSG Gym @ Serangoon Central,60%
2026-09-15T11:00:13.877633+00:00,ActiveSG Gym @ Toa Payoh,74%
2026-09-15T11:00:13.877633+00:00,ActiveSG Gym @ Toa Payoh West Community Centre,39%
2026-09-15T11:00:13.877633+00:00,ActiveSG Hockey Village @ Boon Lay Gym,34%
2026-09-15T11:00:13.877633+00:00,ActiveSG Sport Park @ Teck Ghee ActiveSG Gym,37%
2026-09-15T11:00:13.877633+00:00,Bishan ActiveSG Gym,68%
2026-09-15T11:00:13.877633+00:00,Bukit Batok ActiveSG Gym,55%
2026-09-15T11:00:13.877633+00:00,Bukit Canberra ActiveSG Gym,79%
2026-09-15T11:00:13.877633+00:00,Bukit Gombak ActiveSG Gym,78%
2026-09-15T11:00:13.877633+00:00,Choa Chu Kang ActiveSG Gym,59%
2026-09-15T11:00:13.877633+00:00,Clementi ActiveSG Gym,83%
2026-09-15T11:00:13.877633+00:00,Delta ActiveSG Gym,85%
2026-09-15T11:00:13.877633+00:00,Heartbeat @ Bedok ActiveSG Gym,67%
2026-09-15T11:00:13.877633+00:00,Hougang ActiveSG Gym,56%
2026-09-15T11:00:13.877633+00:00,Jalan Besar ActiveSG Gym,88%
2026-09-15T11:00:13.877633+00:00,Jurong East ActiveSG Gym,46%
2026-09-15T11:00:13.877633+00:00,Jurong Lake Gardens ActiveSG Gym,44%
2026-09-15T11:00:13.877633+00:00,Jurong West ActiveSG Gym,37%
2026-09-15T11:00:13.877633+00:00,Katong ActiveSG Gym,51%
2026-09-15T11:00:13.877633+00:00,Pasir Ris ActiveSG Gym,45%
2026-09-15T11:00:13.877633+00:00,Queenstown ActiveSG Gym,80%
2026-09-15T11:00:13.877633+00:00,Sengkang ActiveSG Gym,97%
2026-09-15T11:00:13.877633+00:00,Senja-Cashew ActiveSG Gym,83%
2026-09-15T11:00:13.877633+00:00,Tampines ActiveSG Gym,77%
2026-09-15T11:00:13.877633+00:00,Woodlands ActiveSG Gym,59%
2026-09-15T11:00:13.877633+00:00,Yio Chu Kang ActiveSG Gym,63%
2026-09-15T11:00:13.877633+00:00,Yishun ActiveSG Gym,69%
2026-09-15T11:15:14.012188+00:00,ActiveSG Gym @ Ang Mo Kio Community Centre,67%
2026-09-15T11:15:14.012188+00:00,ActiveSG Gym @ Enabling Village,62%
2026-09-15T11:15:14.012188+00:00,ActiveSG Gym @ Fernvale Square,67%
2026-09-15T11:15:14.012188+00:00,ActiveSG Gym @ Serangoon Central,60%
2026-09-15T11:15:14.012188+00:00,ActiveSG Gym @ Toa Payoh,76%
2026-09-15T11:15:14.012188+00:00,ActiveSG Gym @ Toa Payoh West Community Centre,43%
2026-09-15T11:15:14.012188+00:00,ActiveSG Hockey Village @ Boon Lay Gym,34%
2026-09-15T11:15:14.012188+00:00,ActiveSG Sport Park @ Teck Ghee ActiveSG Gym,42%
2026-09-15T11:15:14.012188+00:00,Bishan ActiveSG Gym,70%
2026-09-15T11:15:14.012188+00:00,Bukit Batok ActiveSG Gym,45%
2026-09-15T11:15:14.012188+00:00,Bukit Canberra ActiveSG Gym,85%
2026-09-15T11:15:14.012188+00:00,Bukit Gombak ActiveSG Gym,82%
2026-09-15T11:15:14.012188+00:00,Choa Chu Kang ActiveSG Gym,65%
2026-09-15T11:15:14.012188+00:00,Clementi ActiveSG Gym,89%
2026-09-15T11:15:14.012188+00:00,Delta ActiveSG Gym,88%
2026-09-15T11:15:14.012188+00:00,Heartbeat @ Bedok ActiveSG Gym,76%
2026-09-15T11:15:14.012188+00:00,Hougang ActiveSG Gym,68%
2026-09-15T11:15:14.012188+00:00,Jalan Besar ActiveSG Gym,87%
2026-09-15T11:15:14.012188+00:00,Jurong East ActiveSG Gym,56%
2026-09-15T11:15:14.012188+00:00,Jurong Lake Gardens ActiveSG Gym,46%
2026-09-15T11:15:14.012188+00:00,Jurong West ActiveSG Gym,38%
2026-09-15T11:15:14.012188+00:00,Katong ActiveSG Gym,55%
2026-09-15T11:15:14.012188+00:00,Pasir Ris ActiveSG Gym,53%
2026-09-15T11:15:14.012188+00:00,Queenstown ActiveSG Gym,80%
2026-09-15T11:15:14.012188+00:00,Sengkang ActiveSG Gym,94%
2026-09-15T11:15:14.012188+00:00,Senja-Cashew ActiveSG Gym,89%
2026-09-15T11:15:14.012188+00:00,Tampines ActiveSG Gym,80%
2026-09-15T11:15:14.012188+00:00,Woodlands ActiveSG Gym,62%
2026-09-15T11:15:14.012188+00:00,Yio Chu Kang ActiveSG Gym,66%
2026-09-15T11:15:14.012188+00:00,Yishun ActiveSG Gym,63%
2026-09-15T11:30:13.887447+00:00,ActiveSG Gym @ Ang Mo Kio Community Centre,75%
2026-09-15T11:30:13.887447+00:00,ActiveSG Gym @ Enabling Village,71%
2026-09-15T11:30:13.887447+00:00,ActiveSG Gym @ Fernvale Square,58%
2026-09-15T11:30:13.887447+00:00,ActiveSG Gym @ Serangoon Central,70%
2026-09-15T11:30:13.887447+00:00,ActiveSG Gym @ Toa Payoh,78%
2026-09-15T11:30:13.887447+00:00,ActiveSG Gym @ Toa Payoh West Community Centre,51%
2026-09-15T11:30:13.887447+00:00,ActiveSG Hockey Village @ Boon Lay Gym,34%
2026-09-15T11:30:13.887447+00:00,ActiveSG Sport Park @ Teck Ghee ActiveSG Gym,48%
2026-09-15T11:30:13.887447+00:00,Bishan ActiveSG Gym,73%
2026-09-15T11:30:13.887447+00:00,Bukit Batok ActiveSG Gym,57%
2026-09-15T11:30:13.887447+00:00,Bukit Canberra ActiveSG Gym,87%
2026-09-15T11:30:13.887447+00:00,Bukit Gombak ActiveSG Gym,82%
2026-09-15T11:30:13.887447+00:00,Choa Chu Kang ActiveSG Gym,64%
2026-09-15T11:30:13.887447+00:00,Clementi ActiveSG Gym,86%
2026-09-15T11:30:13.887447+00:00,Delta ActiveSG Gym,93%
2026-09-15T11:30:13.887447+00:00,Heartbeat @ Bedok ActiveSG Gym,75%
2026-09-15T11:30:13.887447+00:00,Hougang ActiveSG Gym,78%
2026-09-15T11:30:13.887447+00:00,Jalan Besar ActiveSG Gym,75%
2026-09-15T11:30:13.887447+00:00,Jurong East ActiveSG Gym,60%
2026-09-15T11:30:13.887447+00:00,Jurong Lake Gardens ActiveSG Gym,49%
2026-09-15T11:30:13.887447+00:00,Jurong West ActiveSG Gym,38%
2026-09-15T11:30:13.887447+00:00,Katong ActiveSG Gym,49%
2026-09-15T11:30:13.887447+00:00,Pasir Ris ActiveSG Gym,60%
2026-09-15T11:30:13.887447+00:00,Queenstown ActiveSG Gym,86%
2026-09-15T11:30:13.887447+00:00,Sengkang ActiveSG Gym,96%
2026-09-15T11:30:13.887447+00:00,Senja-Cashew ActiveSG Gym,94%
2026-09-15T11:30:13.887447+00:00,Tampines ActiveSG Gym,76%
2026-09-15T11:30:13.887447+00:00,Woodlands ActiveSG Gym,66%
2026-09-15T11:30:13.887447+00:00,Yio Chu Kang ActiveSG Gym,68%
2026-09-15T11:30:13.887447+00:00,Yishun ActiveSG Gym,63%
2026-09-15T11:45:14.335162+00:00,ActiveSG Gym @ Ang Mo Kio Community Centre,73%
2026-09-15T11:45:14.335162+00:00,ActiveSG Gym @ Enabling Village,56%
2026-09-15T11:45:14.335162+00:00,ActiveSG Gym @ Fernvale Square,72%
2026-09-15T11:45:14.335162+00:00,ActiveSG Gym @ Serangoon Central,83%
2026-09-15T11:45:14.335162+00:00,ActiveSG Gym @ Toa Payoh,76%
2026-09-15T11:45:14.335162+00:00,ActiveSG Gym @ Toa Payoh West Community Centre,59%
2026-09-15T11:45:14.335162+00:00,ActiveSG Hockey Village @ Boon Lay Gym,34%
2026-09-15T11:45:14.335162+00:00,ActiveSG Sport Park @ Teck Ghee ActiveSG Gym,51%
2026-09-15T11:45:14.335162+00:00,Bishan ActiveSG Gym,77%
2026-09-15T11:45:14.335162+00:00,Bukit Batok ActiveSG Gym,70%
2026-09-15T11:45:14.335162+00:00,Bukit Canberra ActiveSG Gym,88%
2026-09-15T11:45:14.335162+00:00,Bukit Gombak ActiveSG Gym,79%
2026-09-15T11:45:14.335162+00:00,Choa Chu Kang ActiveSG Gym,71%
2026-09-15T11:45:14.335162+00:00,Clementi ActiveSG Gym,84%
2026-09-15T11:45:14.335162+00:00,Delta ActiveSG Gym,99%
2026-09-15T11:45:14.335162+00:00,Heartbeat @ Bedok ActiveSG Gym,76%
2026-09-15T11:45:14.335162+00:00,Hougang ActiveSG Gym,85%
2026-09-15T11:45:14.335162+00:00,Jalan Besar ActiveSG Gym,68%
2026-09-15T11:45:14.335162+00:00,Jurong East ActiveSG Gym,57%
2026-09-15T11:45:14.335162+00:00,Jurong Lake Gardens ActiveSG Gym,53%
2026-09-15T11:45:14.335162+00:00,Jurong West ActiveSG Gym,39%
2026-09-15T11:45:14.335162+00:00,Katong ActiveSG Gym,63%
2026-09-15T11:45:14.335162+00:00,Pasir Ris ActiveSG Gym,63%
2026-09-15T11:45:14.335162+00:00,Queenstown ActiveSG Gym,83%
2026-09-15T11:45:14.335162+00:00,Sengkang ActiveSG Gym,98%
2026-09-15T11:45:14.335162+00:00,Senja-Cashew ActiveSG Gym,100%
2026-09-15T11:45:14.335162+00:00,Tampines ActiveSG Gym,75%
2026-09-15T11:45:14.335162+00:00,Woodlands ActiveSG Gym,63%
2026-09-15T11:45:14.335162+00:00,Yio Chu Kang ActiveSG Gym,67%
2026-09-15T11:45:14.335162+00:00,Yishun ActiveSG Gym,60%
2026-09-15T12:00:13.739893+00:00,ActiveSG Gym @ Ang Mo Kio Community Centre,67%
2026-09-15T12:00:13.739893+00:00,ActiveSG Gym @ Enabling Village,51%
2026-09-15T12:00:13.739893+00:00,ActiveSG Gym @ Fernvale Square,73%
2026-09-15T12:00:13.739893+00:00,ActiveSG Gym @ Serangoon Central,73%
2026-09-15T12:00:13.739893+00:00,ActiveSG Gym @ Toa Payoh,74%
2026-09-15T12:00:13.739893+00:00,ActiveSG Gym @ Toa Payoh West Community Centre,59%
2026-09-15T12:00:13.739893+00:00,ActiveSG Hockey Village @ Boon Lay Gym,34%
2026-09-15T12:00:13.739893+00:00,ActiveSG Sport Park @ Teck Ghee ActiveSG Gym,50%
2026-09-15T12:00:13.739893+00:00,Bishan ActiveSG Gym,77%
2026-09-15T12:00:13.739893+00:00,Bukit Batok ActiveSG Gym,88%
2026-09-15T12:00:13.739893+00:00,Bukit Canberra ActiveSG Gym,88%
2026-09-15T12:00:13.739893+00:00,Bukit Gombak ActiveSG Gym,78%
2026-09-15T12:00:13.739893+00:00,Choa Chu Kang ActiveSG Gym,71%
2026-09-15T12:00:13.739893+00:00,Clementi ActiveSG Gym,83%
2026-09-15T12:00:13.739893+00:00,Delta ActiveSG Gym,91%
2026-09-15T12:00:13.739893+00:00,Heartbeat @ Bedok ActiveSG Gym,75%
2026-09-15T12:00:13.739893+00:00,Hougang ActiveSG Gym,82%
2026-09-15T12:00:13.739893+00:00,Jalan Besar ActiveSG Gym,68%
2026-09-15T12:00:13.739893+00:00,Jurong East ActiveSG Gym,59%
2026-09-15T12:00:13.739893+00:00,Jurong Lake Gardens ActiveSG Gym,57%
2026-09-15T12:00:13.739893+00:00,Jurong West ActiveSG Gym,41%
2026-09-15T12:00:13.739893+00:00,Katong ActiveSG Gym,65%
2026-09-15T12:00:13.739893+00:00,Pasir Ris ActiveSG Gym,62%
2026-09-15T12:00:13.739893+00:00,Queenstown ActiveSG Gym,87%
2026-09-15T12:00:13.739893+00:00,Sengkang ActiveSG Gym,96%
2026-09-15T12:00:13.739893+00:00,Senja-Cashew ActiveSG Gym,95%
2026-09-15T12:00:13.739893+00:00,Tampines ActiveSG Gym,75%
2026-09-15T12:00:13.739893+00:00,Woodlands ActiveSG Gym,67%
2026-09-15T12:00:13.739893+00:00,Yio Chu Kang ActiveSG Gym,63%
2026-09-15T12:00:13.739893+00:00,Yishun ActiveSG Gym,64%
2026-09-15T12:10:30.748860+00:00,ActiveSG Gym @ Ang Mo Kio Community Centre,65%
2026-09-15T12:10:30.748860+00:00,ActiveSG Gym @ Enabling Village,53%
2026-09-15T12:10:30.748860+00:00,ActiveSG Gym @ Fernvale Square,78%
2026-09-15T12:10:30.748860+00:00,ActiveSG Gym @ Serangoon Central,77%
2026-09-15T12:10:30.748860+00:00,ActiveSG Gym @ Toa Payoh,75%
2026-09-15T12:10:30.748860+00:00,ActiveSG Gym @ Toa Payoh West Community Centre,61%
2026-09-15T12:10:30.748860+00:00,ActiveSG Hockey Village @ Boon Lay Gym,34%
2026-09-15T12:10:30.748860+00:00,ActiveSG Sport Park @ Teck Ghee ActiveSG Gym,47%
2026-09-15T12:10:30.748860+00:00,Bishan ActiveSG Gym,77%
2026-09-15T12:10:30.748860+00:00,Bukit Batok ActiveSG Gym,93%
2026-09-15T12:10:30.748860+00:00,Bukit Canberra ActiveSG Gym,81%
2026-09-15T12:10:30.748860+00:00,Bukit Gombak ActiveSG Gym,78%
2026-09-15T12:10:30.748860+00:00,Choa Chu Kang ActiveSG Gym,68%
2026-09-15T12:10:30.748860+00:00,Clementi ActiveSG Gym,78%
2026-09-15T12:10:30.748860+00:00,Delta ActiveSG Gym,90%
2026-09-15T12:10:30.748860+00:00,Heartbeat @ Bedok ActiveSG Gym,73%
2026-09-15T12:10:30.748860+00:00,Hougang ActiveSG Gym,84%
2026-09-15T12:10:30.748860+00:00,Jalan Besar ActiveSG Gym,66%
2026-09-15T12:10:30.748860+00:00,Jurong East ActiveSG Gym,68%
2026-09-15T12:10:30.748860+00:00,Jurong Lake Gardens ActiveSG Gym,57%
2026-09-15T12:10:30.748860+00:00,Jurong West ActiveSG Gym,45%
2026-09-15T12:10:30.748860+00:00,Katong ActiveSG Gym,72%
2026-09-15T12:10:30.748860+00:00,Pasir Ris ActiveSG Gym,60%
2026-09-15T12:10:30.748860+00:00,Queenstown ActiveSG Gym,89%
2026-09-15T12:10:30.748860+00:00,Sengkang ActiveSG Gym,94%
2026-09-15T12:10:30.748860+00:00,Senja-Cashew ActiveSG Gym,86%
2026-09-15T12:10:30.748860+00:00,Tampines ActiveSG Gym,73%
2026-09-15T12:10:30.748860+00:00,Woodlands ActiveSG Gym,63%
2026-09-15T12:10:30.748860+00:00,Yio Chu Kang ActiveSG Gym,63%
2026-09-15T12:10:30.748860+00:00,Yishun ActiveSG Gym,62%
2026-09-15T12:15:14.486777+00:00,ActiveSG Gym @ Ang Mo Kio Community Centre,72%
2026-09-15T12:15:14.486777+00:00,ActiveSG Gym @ Enabling Village,58%
2026-09-15T12:15:14.486777+00:00,ActiveSG Gym @ Fernvale Square,80%
2026-09-15T12:15:14.486777+00:00,ActiveSG Gym @ Serangoon Central,73%
2026-09-15T12:15:14.486777+00:00,ActiveSG Gym @ Toa Payoh,70%
2026-09-15T12:15:14.486777+00:00,ActiveSG Gym @ Toa Payoh West Community Centre,61%
2026-09-15T12:15:14.486777+00:00,ActiveSG Hockey Village @ Boon Lay Gym,34%
2026-09-15T12:15:14.486777+00:00,ActiveSG Sport Park @ Teck Ghee ActiveSG Gym,49%
2026-09-15T12:15:14.486777+00:00,Bishan ActiveSG Gym,77%
2026-09-15T12:15:14.486777+00:00,Bukit Batok ActiveSG Gym,93%
2026-09-15T12:15:14.486777+00:00,Bukit Canberra ActiveSG Gym,77%
2026-09-15T12:15:14.486777+00:00,Bukit Gombak ActiveSG Gym,78%
2026-09-15T12:15:14.486777+00:00,Choa Chu Kang ActiveSG Gym,65%
2026-09-15T12:15:14.486777+00:00,Clementi ActiveSG Gym,80%
2026-09-15T12:15:14.486777+00:00,Delta ActiveSG Gym,87%
2026-09-15T12:15:14.486777+00:00,Heartbeat @ Bedok ActiveSG Gym,73%
2026-09-15T12:15:14.486777+00:00,Hougang ActiveSG Gym,82%
2026-09-15T12:15:14.486777+00:00,Jalan Besar ActiveSG Gym,67%
2026-09-15T12:15:14.486777+00:00,Jurong East ActiveSG Gym,63%
2026-09-15T12:15:14.486777+00:00,Jurong Lake Gardens ActiveSG Gym,58%
2026-09-15T12:15:14.486777+00:00,Jurong West ActiveSG Gym,46%
2026-09-15T12:15:14.486777+00:00,Katong ActiveSG Gym,71%
2026-09-15T12:15:14.486777+00:00,Pasir Ris ActiveSG Gym,62%
2026-09-15T12:15:14.486777+00:00,Queenstown ActiveSG Gym,92%
2026-09-15T12:15:14.486777+00:00,Sengkang ActiveSG Gym,94%
2026-09-15T12:15:14.486777+00:00,Senja-Cashew ActiveSG Gym,91%
2026-09-15T12:15:14.486777+00:00,Tampines ActiveSG Gym,73%
2026-09-15T12:15:14.486777+00:00,Woodlands ActiveSG Gym,65%
2026-09-15T12:15:14.486777+00:00,Yio Chu Kang ActiveSG Gym,63%
2026-09-15T12:15:14.486777+00:00,Yishun ActiveSG Gym,62%
2026-09-15T12:30:14.415594+00:00,ActiveSG Gym @ Ang Mo Kio Community Centre,67%
2026-09-15T12:30:14.415594+00:00,ActiveSG Gym @ Enabling Village,60%
2026-09-15T12:30:14.415594+00:00,ActiveSG Gym @ Fernvale Square,77%
2026-09-15T12:30:14.415594+00:00,ActiveSG Gym @ Serangoon Central,87%
2026-09-15T12:30:14.415594+00:00,ActiveSG Gym @ Toa Payoh,72%
2026-09-15T12:30:14.415594+00:00,ActiveSG Gym @ Toa Payoh West Community Centre,47%
2026-09-15T12:30:14.415594+00:00,ActiveSG Hockey Village @ Boon Lay Gym,34%
2026-09-15T12:30:14.415594+00:00,ActiveSG Sport Park @ Teck Ghee ActiveSG Gym,47%
2026-09-15T12:30:14.415594+00:00,Bishan ActiveSG Gym,77%
2026-09-15T12:30:14.415594+00:00,Bukit Batok ActiveSG Gym,88%
2026-09-15T12:30:14.415594+00:00,Bukit Canberra ActiveSG Gym,74%
2026-09-15T12:30:14.415594+00:00,Bukit Gombak ActiveSG Gym,79%
2026-09-15T12:30:14.415594+00:00,Choa Chu Kang ActiveSG Gym,69%
2026-09-15T12:30:14.415594+00:00,Clementi ActiveSG Gym,81%
2026-09-15T12:30:14.415594+00:00,Delta ActiveSG Gym,82%
2026-09-15T12:30:14.415594+00:00,Heartbeat @ Bedok ActiveSG Gym,65%
2026-09-15T12:30:14.415594+00:00,Hougang ActiveSG Gym,76%
2026-09-15T12:30:14.415594+00:00,Jalan Besar ActiveSG Gym,61%
2026-09-15T12:30:14.415594+00:00,Jurong East ActiveSG Gym,60%
2026-09-15T12:30:14.415594+00:00,Jurong Lake Gardens ActiveSG Gym,62%
2026-09-15T12:30:14.415594+00:00,Jurong West ActiveSG Gym,46%
2026-09-15T12:30:14.415594+00:00,Katong ActiveSG Gym,68%
2026-09-15T12:30:14.415594+00:00,Pasir Ris ActiveSG Gym,46%
2026-09-15T12:30:14.415594+00:00,Queenstown ActiveSG Gym,62%
2026-09-15T12:30:14.415594+00:00,Sengkang ActiveSG Gym,91%
2026-09-15T12:30:14.415594+00:00,Senja-Cashew ActiveSG Gym,95%
2026-09-15T12:30:14.415594+00:00,Tampines ActiveSG Gym,69%
2026-09-15T12:30:14.415594+00:00,Woodlands ActiveSG Gym,63%
2026-09-15T12:30:14.415594+00:00,Yio Chu Kang ActiveSG Gym,54%
2026-09-15T12:30:14.415594+00:00,Yishun ActiveSG Gym,61%
2026-09-15T12:45:14.162868+00:00,ActiveSG Gym @ Ang Mo Kio Community Centre,60%
2026-09-15T12:45:14.162868+00:00,ActiveSG Gym @ Enabling Village,42%
2026-09-15T12:45:14.162868+00:00,ActiveSG Gym @ Fernvale Square,87%
2026-09-15T12:45:14.162868+00:00,ActiveSG Gym @ Serangoon Central,83%
2026-09-15T12:45:14.162868+00:00,ActiveSG Gym @ Toa Payoh,62%
2026-09-15T12:45:14.162868+00:00,ActiveSG Gym @ Toa Payoh West Community Centre,47%
2026-09-15T12:45:14.162868+00:00,ActiveSG Hockey Village @ Boon Lay Gym,34%
2026-09-15T12:45:14.162868+00:00,ActiveSG Sport Park @ Teck Ghee ActiveSG Gym,40%
2026-09-15T12:45:14.162868+00:00,Bishan ActiveSG Gym,77%
2026-09-15T12:45:14.162868+00:00,Bukit Batok ActiveSG Gym,88%
2026-09-15T12:45:14.162868+00:00,Bukit Canberra ActiveSG Gym,65%
2026-09-15T12:45:14.162868+00:00,Bukit Gombak ActiveSG Gym,79%
2026-09-15T12:45:14.162868+00:00,Choa Chu Kang ActiveSG Gym,66%
2026-09-15T12:45:14.162868+00:00,Clementi ActiveSG Gym,80%
2026-09-15T12:45:14.162868+00:00,Delta ActiveSG Gym,81%
2026-09-15T12:45:14.162868+00:00,Heartbeat @ Bedok ActiveSG Gym,60%
2026-09-15T12:45:14.162868+00:00,Hougang ActiveSG Gym,71%
2026-09-15T12:45:14.162868+00:00,Jalan Besar ActiveSG Gym,66%
2026-09-15T12:45:14.162868+00:00,Jurong East ActiveSG Gym,62%
2026-09-15T12:45:14.162868+00:00,Jurong Lake Gardens ActiveSG Gym,62%
2026-09-15T12:45:14.162868+00:00,Jurong West ActiveSG Gym,46%
2026-09-15T12:45:14.162868+00:00,Katong ActiveSG Gym,71%
2026-09-15T12:45:14.162868+00:00,Pasir Ris ActiveSG Gym,42%
2026-09-15T12:45:14.162868+00:00,Queenstown ActiveSG Gym,63%
2026-09-15T12:45:14.162868+00:00,Sengkang ActiveSG Gym,85%
2026-09-15T12:45:14.162868+00:00,Senja-Cashew ActiveSG Gym,92%
2026-09-15T12:45:14.162868+00:00,Tampines ActiveSG Gym,67%
2026-09-15T12:45:14.162868+00:00,Woodlands ActiveSG Gym,63%
2026-09-15T12:45:14.162868+00:00,Yio Chu Kang ActiveSG Gym,50%
2026-09-15T12:45:14.162868+00:00,Yishun ActiveSG Gym,58%
2026-09-15T13:00:14.038512+00:00,ActiveSG Gym @ Ang Mo Kio Community Centre,58%
2026-09-15T13:00:14.038512+00:00,ActiveSG Gym @ Enabling Village,38%
2026-09-15T13:00:14.038512+00:00,ActiveSG Gym @ Fernvale Square,77%
2026-09-15T13:00:14.038512+00:00,ActiveSG Gym @ Serangoon Central,77%
2026-09-15T13:00:14.038512+00:00,ActiveSG Gym @ Toa Payoh,59%
2026-09-15T13:00:14.038512+00:00,ActiveSG Gym @ Toa Payoh West Community Centre,33%
2026-09-15T13:00:14.038512+00:00,ActiveSG Hockey Village @ Boon Lay Gym,34%
2026-09-15T13:00:14.038512+00:00,ActiveSG Sport Park @ Teck Ghee ActiveSG Gym,41%
2026-09-15T13:00:14.038512+00:00,Bishan ActiveSG Gym,77%
2026-09-15T13:00:14.038512+00:00,Bukit Batok ActiveSG Gym,90%
2026-09-15T13:00:14.038512+00:00,Bukit Canberra ActiveSG Gym,60%
2026-09-15T13:00:14.038512+00:00,Bukit Gombak ActiveSG Gym,79%
2026-09-15T13:00:14.038512+00:00,Choa Chu Kang ActiveSG Gym,66%
2026-09-15T13:00:14.038512+00:00,Clementi ActiveSG Gym,77%
2026-09-15T13:00:14.038512+00:00,Delta ActiveSG Gym,75%
2026-09-15T13:00:14.038512+00:00,Heartbeat @ Bedok ActiveSG Gym,53%
2026-09-15T13:00:14.038512+00:00,Hougang ActiveSG Gym,65%
2026-09-15T13:00:14.038512+00:00,Jalan Besar ActiveSG Gym,54%
2026-09-15T13:00:14.038512+00:00,Jurong East ActiveSG Gym,55%
2026-09-15T13:00:14.038512+00:00,Jurong Lake Gardens ActiveSG Gym,63%
2026-09-15T13:00:14.038512+00:00,Jurong West ActiveSG Gym,38%
2026-09-15T13:00:14.038512+00:00,Katong ActiveSG Gym,49%
2026-09-15T13:00:14.038512+00:00,Pasir Ris ActiveSG Gym,36%
2026-09-15T13:00:14.038512+00:00,Queenstown ActiveSG Gym,57%
2026-09-15T13:00:14.038512+00:00,Sengkang ActiveSG Gym,86%
2026-09-15T13:00:14.038512+00:00,Senja-Cashew ActiveSG Gym,98%
2026-09-15T13:00:14.038512+00:00,Tampines ActiveSG Gym,63%
2026-09-15T13:00:14.038512+00:00,Woodlands ActiveSG Gym,51%
2026-09-15T13:00:14.038512+00:00,Yio Chu Kang ActiveSG Gym,53%
2026-09-15T13:00:14.038512+00:00,Yishun ActiveSG Gym,57%
2026-09-15T13:15:14.288657+00:00,ActiveSG Gym @ Ang Mo Kio Community Centre,58%
2026-09-15T13:15:14.288657+00:00,ActiveSG Gym @ Enabling Village,38%
2026-09-15T13:15:14.288657+00:00,ActiveSG Gym @ Fernvale Square,78%
2026-09-15T13:15:14.288657+00:00,ActiveSG Gym @ Serangoon Central,63%
2026-09-15T13:15:14.288657+00:00,ActiveSG Gym @ Toa Payoh,57%
2026-09-15T13:15:14.288657+00:00,ActiveSG Gym @ Toa Payoh West Community Centre,33%
2026-09-15T13:15:14.288657+00:00,ActiveSG Hockey Village @ Boon Lay Gym,34%
2026-09-15T13:15:14.288657+00:00,ActiveSG Sport Park @ Teck Ghee ActiveSG Gym,41%
2026-09-15T13:15:14.288657+00:00,Bishan ActiveSG Gym,77%
2026-09-15T13:15:14.288657+00:00,Bukit Batok ActiveSG Gym,68%
2026-09-15T13:15:14.288657+00:00,Bukit Canberra ActiveSG Gym,58%
2026-09-15T13:15:14.288657+00:00,Bukit Gombak ActiveSG Gym,79%
2026-09-15T13:15:14.288657+00:00,Choa Chu Kang ActiveSG Gym,66%
2026-09-15T13:15:14.288657+00:00,Clementi ActiveSG Gym,73%
2026-09-15T13:15:14.288657+00:00,Delta ActiveSG Gym,70%
2026-09-15T13:15:14.288657+00:00,Heartbeat @ Bedok ActiveSG Gym,44%
2026-09-15T13:15:14.288657+00:00,Hougang ActiveSG Gym,64%
2026-09-15T13:15:14.288657+00:00,Jalan Besar ActiveSG Gym,51%
2026-09-15T13:15:14.288657+00:00,Jurong East ActiveSG Gym,50%
2026-09-15T13:15:14.288657+00:00,Jurong Lake Gardens ActiveSG Gym,63%
2026-09-15T13:15:14.288657+00:00,Jurong West ActiveSG Gym,34%
2026-09-15T13:15:14.288657+00:00,Katong ActiveSG Gym,49%
2026-09-15T13:15:14.288657+00:00,Pasir Ris ActiveSG Gym,29%
2026-09-15T13:15:14.288657+00:00,Queenstown ActiveSG Gym,45%
2026-09-15T13:15:14.288657+00:00,Sengkang ActiveSG Gym,86%
2026-09-15T13:15:14.288657+00:00,Senja-Cashew ActiveSG Gym,89%
2026-09-15T13:15:14.288657+00:00,Tampines ActiveSG Gym,64%
2026-09-15T13:15:14.288657+00:00,Woodlands ActiveSG Gym,43%
2026-09-15T13:15:14.288657+00:00,Yio Chu Kang ActiveSG Gym,48%
2026-09-15T13:15:14.288657+00:00,Yishun ActiveSG Gym,50%
2026-09-15T13:30:13.971406+00:00,ActiveSG Gym @ Ang Mo Kio Community Centre,47%
2026-09-15T13:30:13.971406+00:00,ActiveSG Gym @ Enabling Village,36%
2026-09-15T13:30:13.971406+00:00,ActiveSG Gym @ Fernvale Square,62%
2026-09-15T13:30:13.971406+00:00,ActiveSG Gym @ Serangoon Central,53%
2026-09-15T13:30:13.971406+00:00,ActiveSG Gym @ Toa Payoh,42%
2026-09-15T13:30:13.971406+00:00,ActiveSG Gym @ Toa Payoh West Community Centre,25%
2026-09-15T13:30:13.971406+00:00,ActiveSG Hockey Village @ Boon Lay Gym,34%
2026-09-15T13:30:13.971406+00:00,ActiveSG Sport Park @ Teck Ghee ActiveSG Gym,40%
2026-09-15T13:30:13.971406+00:00,Bishan ActiveSG Gym,77%
2026-09-15T13:30:13.971406+00:00,Bukit Batok ActiveSG Gym,0%
2026-09-15T13:30:13.971406+00:00,Bukit Canberra ActiveSG Gym,51%
2026-09-15T13:30:13.971406+00:00,Bukit Gombak ActiveSG Gym,79%
2026-09-15T13:30:13.971406+00:00,Choa Chu Kang ActiveSG Gym,66%
2026-09-15T13:30:13.971406+00:00,Clementi ActiveSG Gym,65%
2026-09-15T13:30:13.971406+00:00,Delta ActiveSG Gym,59%
2026-09-15T13:30:13.971406+00:00,Heartbeat @ Bedok ActiveSG Gym,28%
2026-09-15T13:30:13.971406+00:00,Hougang ActiveSG Gym,23%
2026-09-15T13:30:13.971406+00:00,Jalan Besar ActiveSG Gym,42%
2026-09-15T13:30:13.971406+00:00,Jurong East ActiveSG Gym,43%
2026-09-15T13:30:13.971406+00:00,Jurong Lake Gardens ActiveSG Gym,63%
2026-09-15T13:30:13.971406+00:00,Jurong West ActiveSG Gym,32%
2026-09-15T13:30:13.971406+00:00,Katong ActiveSG Gym,46%
2026-09-15T13:30:13.971406+00:00,Pasir Ris ActiveSG Gym,22%
2026-09-15T13:30:13.971406+00:00,Queenstown ActiveSG Gym,35%
2026-09-15T13:30:13.971406+00:00,Sengkang ActiveSG Gym,82%
2026-09-15T13:30:13.971406+00:00,Senja-Cashew ActiveSG Gym,77%
2026-09-15T13:30:13.971406+00:00,Tampines ActiveSG Gym,56%
2026-09-15T13:30:13.971406+00:00,Woodlands ActiveSG Gym,33%
2026-09-15T13:30:13.971406+00:00,Yio Chu Kang ActiveSG Gym,41%
2026-09-15T13:30:13.971406+00:00,Yishun ActiveSG Gym,41%
2026-09-15T13:45:14.383071+00:00,ActiveSG Gym @ Ang Mo Kio Community Centre,38%
2026-09-15T13:45:14.383071+00:00,ActiveSG Gym @ Enabling Village,0%
2026-09-15T13:45:14.383071+00:00,ActiveSG Gym @ Fernvale Square,55%
2026-09-15T13:45:14.383071+00:00,ActiveSG Gym @ Serangoon Central,27%
2026-09-15T13:45:14.383071+00:00,ActiveSG Gym @ Toa Payoh,32%
2026-09-15T13:45:14.383071+00:00,ActiveSG Gym @ Toa Payoh West Community Centre,21%
2026-09-15T13:45:14.383071+00:00,ActiveSG Hockey Village @ Boon Lay Gym,7%
2026-09-15T13:45:14.383071+00:00,ActiveSG Sport Park @ Teck Ghee ActiveSG Gym,37%
2026-09-15T13:45:14.383071+00:00,Bishan ActiveSG Gym,77%
2026-09-15T13:45:14.383071+00:00,Bukit Batok ActiveSG Gym,0%
2026-09-15T13:45:14.383071+00:00,Bukit Canberra ActiveSG Gym,44%
2026-09-15T13:45:14.383071+00:00,Bukit Gombak ActiveSG Gym,0%
2026-09-15T13:45:14.383071+00:00,Choa Chu Kang ActiveSG Gym,0%
2026-09-15T13:45:14.383071+00:00,Clementi ActiveSG Gym,0%
2026-09-15T13:45:14.383071+00:00,Delta ActiveSG Gym,59%
2026-09-15T13:45:14.383071+00:00,Heartbeat @ Bedok ActiveSG Gym,25%
2026-09-15T13:45:14.383071+00:00,Hougang ActiveSG Gym,22%
2026-09-15T13:45:14.383071+00:00,Jalan Besar ActiveSG Gym,36%
2026-09-15T13:45:14.383071+00:00,Jurong East ActiveSG Gym,26%
2026-09-15T13:45:14.383071+00:00,Jurong Lake Gardens ActiveSG Gym,63%
2026-09-15T13:45:14.383071+00:00,Jurong West ActiveSG Gym,0%
2026-09-15T13:45:14.383071+00:00,Katong ActiveSG Gym,38%
2026-09-15T13:45:14.383071+00:00,Pasir Ris ActiveSG Gym,18%
2026-09-15T13:45:14.383071+00:00,Queenstown ActiveSG Gym,30%
2026-09-15T13:45:14.383071+00:00,Sengkang ActiveSG Gym,82%
2026-09-15T13:45:14.383071+00:00,Senja-Cashew ActiveSG Gym,0%
2026-09-15T13:45:14.383071+00:00,Tampines ActiveSG Gym,50%
2026-09-15T13:45:14.383071+00:00,Woodlands ActiveSG Gym,33%
2026-09-15T13:45:14.383071+00:00,Yio Chu Kang ActiveSG Gym,39%
2026-09-15T13:45:14.383071+00:00,Yishun ActiveSG Gym,26%
2026-09-15T23:00:11.809222+00:00,ActiveSG Gym @ Ang Mo Kio Community Centre,0%
2026-09-15T23:00:11.809222+00:00,ActiveSG Gym @ Enabling Village,0%
2026-09-15T23:00:11.809222+00:00,ActiveSG Gym @ Fernvale Square,0%
2026-09-15T23:00:11.809222+00:00,ActiveSG Gym @ Serangoon Central,0%
2026-09-15T23:00:11.809222+00:00,ActiveSG Gym @ Toa Payoh,0%
2026-09-15T23:00:11.809222+00:00,ActiveSG Gym @ Toa Payoh West Community Centre,0%
2026-09-15T23:00:11.809222+00:00,ActiveSG Hockey Village @ Boon Lay Gym,0%
2026-09-15T23:00:11.809222+00:00,ActiveSG Sport Park @ Teck Ghee ActiveSG Gym,0%
2026-09-15T23:00:11.809222+00:00,Bishan ActiveSG Gym,0%
2026-09-15T23:00:11.809222+00:00,Bukit Batok ActiveSG Gym,10%
2026-09-15T23:00:11.809222+00:00,Bukit Canberra ActiveSG Gym,6%
2026-09-15T23:00:11.809222+00:00,Bukit Gombak ActiveSG Gym,0%
2026-09-15T23:00:11.809222+00:00,Choa Chu Kang ActiveSG Gym,0%
2026-09-15T23:00:11.809222+00:00,Clementi ActiveSG Gym,0%
2026-09-15T23:00:11.809222+00:00,Delta ActiveSG Gym,0%
2026-09-15T23:00:11.809222+00:00,Heartbeat @ Bedok ActiveSG Gym,0%
2026-09-15T23:00:11.809222+00:00,Hougang ActiveSG Gym,0%
2026-09-15T23:00:11.809222+00:00,Jalan Besar ActiveSG Gym,0%
2026-09-15T23:00:11.809222+00:00,Jurong East ActiveSG Gym,0%
2026-09-15T23:00:11.809222+00:00,Jurong Lake Gardens ActiveSG Gym,2%
2026-09-15T23:00:11.809222+00:00,Jurong West ActiveSG Gym,1%
2026-09-15T23:00:11.809222+00:00,Katong ActiveSG Gym,3%
2026-09-15T23:00:11.809222+00:00,Pasir Ris ActiveSG Gym,0%
2026-09-15T23:00:11.809222+00:00,Queenstown ActiveSG Gym,0%
2026-09-15T23:00:11.809222+00:00,Sengkang ActiveSG Gym,0%
2026-09-15T23:00:11.809222+00:00,Senja-Cashew ActiveSG Gym,0%
2026-09-15T23:00:11.809222+00:00,Tampines ActiveSG Gym,0%
2026-09-15T23:00:11.809222+00:00,Woodlands ActiveSG Gym,1%
2026-09-15T23:00:11.809222+00:00,Yio Chu Kang ActiveSG Gym,0%
2026-09-15T23:00:11.809222+00:00,Yishun ActiveSG Gym,0%
2026-09-15T23:15:14.684979+00:00,ActiveSG Gym @ Ang Mo Kio Community Centre,20%
2026-09-15T23:15:14.684979+00:00,ActiveSG Gym @ Enabling Village,13%
2026-09-15T23:15:14.684979+00:00,ActiveSG Gym @ Fernvale Square,18%
2026-09-15T23:15:14.684979+00:00,ActiveSG Gym @ Serangoon Central,63%
2026-09-15T23:15:14.684979+00:00,ActiveSG Gym @ Toa Payoh,34%
2026-09-15T23:15:14.684979+00:00,ActiveSG Gym @ Toa Payoh West Community Centre,7%
2026-09-15T23:15:14.684979+00:00,ActiveSG Hockey Village @ Boon Lay Gym,9%
2026-09-15T23:15:14.684979+00:00,ActiveSG Sport Park @ Teck Ghee ActiveSG Gym,13%
2026-09-15T23:15:14.684979+00:00,Bishan ActiveSG Gym,13%
2026-09-15T23:15:14.684979+00:00,Bukit Batok ActiveSG Gym,33%
2026-09-15T23:15:14.684979+00:00,Bukit Canberra ActiveSG Gym,18%
2026-09-15T23:15:14.684979+00:00,Bukit Gombak ActiveSG Gym,24%
2026-09-15T23:15:14.684979+00:00,Choa Chu Kang ActiveSG Gym,20%
2026-09-15T23:15:14.684979+00:00,Clementi ActiveSG Gym,37%
2026-09-15T23:15:14.684979+00:00,Delta ActiveSG Gym,18%
2026-09-15T23:15:14.684979+00:00,Heartbeat @ Bedok ActiveSG Gym,27%
2026-09-15T23:15:14.684979+00:00,Hougang ActiveSG Gym,23%
2026-09-15T23:15:14.684979+00:00,Jalan Besar ActiveSG Gym,25%
2026-09-15T23:15:14.684979+00:00,Jurong East ActiveSG Gym,13%
2026-09-15T23:15:14.684979+00:00,Jurong Lake Gardens ActiveSG Gym,11%
2026-09-15T23:15:14.684979+00:00,Jurong West ActiveSG Gym,11%
2026-09-15T23:15:14.684979+00:00,Katong ActiveSG Gym,25%
2026-09-15T23:15:14.684979+00:00,Pasir Ris ActiveSG Gym,18%
2026-09-15T23:15:14.684979+00:00,Queenstown ActiveSG Gym,23%
2026-09-15T23:15:14.684979+00:00,Sengkang ActiveSG Gym,34%
2026-09-15T23:15:14.684979+00:00,Senja-Cashew ActiveSG Gym,34%
2026-09-15T23:15:14.684979+00:00,Tampines ActiveSG Gym,21%
2026-09-15T23:15:14.684979+00:00,Woodlands ActiveSG Gym,14%
2026-09-15T23:15:14.684979+00:00,Yio Chu Kang ActiveSG Gym,15%
2026-09-15T23:15:14.684979+00:00,Yishun ActiveSG Gym,12%
2026-09-15T23:30:14.147737+00:00,ActiveSG Gym @ Ang Mo Kio Community Centre,25%
2026-09-15T23:30:14.147737+00:00,ActiveSG Gym @ Enabling Village,20%
2026-09-15T23:30:14.147737+00:00,ActiveSG Gym @ Fernvale Square,25%
2026-09-15T23:30:14.147737+00:00,ActiveSG Gym @ Serangoon Central,70%
2026-09-15T23:30:14.147737+00:00,ActiveSG Gym @ Toa Payoh,45%
2026-09-15T23:30:14.147737+00:00,ActiveSG Gym @ Toa Payoh West Community Centre,16%
2026-09-15T23:30:14.147737+00:00,ActiveSG Hockey Village @ Boon Lay Gym,11%
2026-09-15T23:30:14.147737+00:00,ActiveSG Sport Park @ Teck Ghee ActiveSG Gym,16%
2026-09-15T23:30:14.147737+00:00,Bishan ActiveSG Gym,20%
2026-09-15T23:30:14.147737+00:00,Bukit Batok ActiveSG Gym,40%
2026-09-15T23:30:14.147737+00:00,Bukit Canberra ActiveSG Gym,23%
2026-09-15T23:30:14.147737+00:00,Bukit Gombak ActiveSG Gym,37%
2026-09-15T23:30:14.147737+00:00,Choa Chu Kang ActiveSG Gym,29%
2026-09-15T23:30:14.147737+00:00,Clementi ActiveSG Gym,39%
2026-09-15T23:30:14.147737+00:00,Delta ActiveSG Gym,27%
2026-09-15T23:30:14.147737+00:00,Heartbeat @ Bedok ActiveSG Gym,32%
2026-09-15T23:30:14.147737+00:00,Hougang ActiveSG Gym,26%
2026-09-15T23:30:14.147737+00:00,Jalan Besar ActiveSG Gym,27%
2026-09-15T23:30:14.147737+00:00,Jurong East ActiveSG Gym,22%
2026-09-15T23:30:14.147737+00:00,Jurong Lake Gardens ActiveSG Gym,15%
2026-09-15T23:30:14.147737+00:00,Jurong West ActiveSG Gym,15%
2026-09-15T23:30:14.147737+00:00,Katong ActiveSG Gym,34%
2026-09-15T23:30:14.147737+00:00,Pasir Ris ActiveSG Gym,24%
2026-09-15T23:30:14.147737+00:00,Queenstown ActiveSG Gym,30%
2026-09-15T23:30:14.147737+00:00,Sengkang ActiveSG Gym,41%
2026-09-15T23:30:14.147737+00:00,Senja-Cashew ActiveSG Gym,45%
2026-09-15T23:30:14.147737+00:00,Tampines ActiveSG Gym,27%
2026-09-15T23:30:14.147737+00:00,Woodlands ActiveSG Gym,19%
2026-09-15T23:30:14.147737+00:00,Yio Chu Kang ActiveSG Gym,23%
2026-09-15T23:30:14.147737+00:00,Yishun ActiveSG Gym,21%
2026-09-15T23:45:13.755079+00:00,ActiveSG Gym @ Ang Mo Kio Community Centre,32%
2026-09-15T23:45:13.755079+00:00,ActiveSG Gym @ Enabling Village,24%
2026-09-15T23:45:13.755079+00:00,ActiveSG Gym @ Fernvale Square,37%
2026-09-15T23:45:13.755079+00:00,ActiveSG Gym @ Serangoon Central,70%
2026-09-15T23:45:13.755079+00:00,ActiveSG Gym @ Toa Payoh,49%
2026-09-15T23:45:13.755079+00:00,ActiveSG Gym @ Toa Payoh West Community Centre,13%
2026-09-15T23:45:13.755079+00:00,ActiveSG Hockey Village @ Boon Lay Gym,16%
2026-09-15T23:45:13.755079+00:00,ActiveSG Sport Park @ Teck Ghee ActiveSG Gym,22%
2026-09-15T23:45:13.755079+00:00,Bishan ActiveSG Gym,27%
2026-09-15T23:45:13.755079+00:00,Bukit Batok ActiveSG Gym,45%
2026-09-15T23:45:13.755079+00:00,Bukit Canberra ActiveSG Gym,28%
2026-09-15T23:45:13.755079+00:00,Bukit Gombak ActiveSG Gym,39%
2026-09-15T23:45:13.755079+00:00,Choa Chu Kang ActiveSG Gym,29%
2026-09-15T23:45:13.755079+00:00,Clementi ActiveSG Gym,44%
2026-09-15T23:45:13.755079+00:00,Delta ActiveSG Gym,26%
2026-09-15T23:45:13.755079+00:00,Heartbeat @ Bedok ActiveSG Gym,38%
2026-09-15T23:45:13.755079+00:00,Hougang ActiveSG Gym,31%
2026-09-15T23:45:13.755079+00:00,Jalan Besar ActiveSG Gym,45%
2026-09-15T23:45:13.755079+00:00,Jurong East ActiveSG Gym,26%
2026-09-15T23:45:13.755079+00:00,Jurong Lake Gardens ActiveSG Gym,19%
2026-09-15T23:45:13.755079+00:00,Jurong West ActiveSG Gym,19%
2026-09-15T23:45:13.755079+00:00,Katong ActiveSG Gym,34%
2026-09-15T23:45:13.755079+00:00,Pasir Ris ActiveSG Gym,29%
2026-09-15T23:45:13.755079+00:00,Queenstown ActiveSG Gym,37%
2026-09-15T23:45:13.755079+00:00,Sengkang ActiveSG Gym,46%
2026-09-15T23:45:13.755079+00:00,Senja-Cashew ActiveSG Gym,58%
2026-09-15T23:45:13.755079+00:00,Tampines ActiveSG Gym,36%
2026-09-15T23:45:13.755079+00:00,Woodlands ActiveSG Gym,25%
2026-09-15T23:45:13.755079+00:00,Yio Chu Kang ActiveSG Gym,30%
2026-09-15T23:45:13.755079+00:00,Yishun ActiveSG Gym,25%
2026-09-16T00:00:13.725696+00:00,ActiveSG Gym @ Ang Mo Kio Community Centre,27%
2026-09-16T00:00:13.725696+00:00,ActiveSG Gym @ Enabling Village,16%
2026-09-16T00:00:13.725696+00:00,ActiveSG Gym @ Fernvale Square,43%
2026-09-16T00:00:13.725696+00:00,ActiveSG Gym @ Serangoon Central,70%
2026-09-16T00:00:13.725696+00:00,ActiveSG Gym @ Toa Payoh,42%
2026-09-16T00:00:13.725696+00:00,ActiveSG Gym @ Toa Payoh West Community Centre,17%
2026-09-16T00:00:13.725696+00:00,ActiveSG Hockey Village @ Boon Lay Gym,17%
2026-09-16T00:00:13.725696+00:00,ActiveSG Sport Park @ Teck Ghee ActiveSG Gym,24%
2026-09-16T00:00:13.725696+00:00,Bishan ActiveSG Gym,27%
2026-09-16T00:00:13.725696+00:00,Bukit Batok ActiveSG Gym,43%
2026-09-16T00:00:13.725696+00:00,Bukit Canberra ActiveSG Gym,32%
2026-09-16T00:00:13.725696+00:00,Bukit Gombak ActiveSG Gym,43%
2026-09-16T00:00:13.725696+00:00,Choa Chu Kang ActiveSG Gym,35%
2026-09-16T00:00:13.725696+00:00,Clementi ActiveSG Gym,47%
2026-09-16T00:00:13.725696+00:00,Delta ActiveSG Gym,31%
2026-09-16T00:00:13.725696+00:00,Heartbeat @ Bedok ActiveSG Gym,42%
2026-09-16T00:00:13.725696+00:00,Hougang ActiveSG Gym,38%
2026-09-16T00:00:13.725696+00:00,Jalan Besar ActiveSG Gym,44%
2026-09-16T00:00:13.725696+00:00,Jurong East ActiveSG Gym,27%
2026-09-16T00:00:13.725696+00:00,Jurong Lake Gardens ActiveSG Gym,21%
2026-09-16T00:00:13.725696+00:00,Jurong West ActiveSG Gym,22%
2026-09-16T00:00:13.725696+00:00,Katong ActiveSG Gym,34%
2026-09-16T00:00:13.725696+00:00,Pasir Ris ActiveSG Gym,34%
2026-09-16T00:00:13.725696+00:00,Queenstown ActiveSG Gym,43%
2026-09-16T00:00:13.725696+00:00,Sengkang ActiveSG Gym,55%
2026-09-16T00:00:13.725696+00:00,Senja-Cashew ActiveSG Gym,69%
2026-09-16T00:00:13.725696+00:00,Tampines ActiveSG Gym,39%
2026-09-16T00:00:13.725696+00:00,Woodlands ActiveSG Gym,28%
2026-09-16T00:00:13.725696+00:00,Yio Chu Kang ActiveSG Gym,33%
2026-09-16T00:00:13.725696+00:00,Yishun ActiveSG Gym,31%
2026-09-16T00:15:14.069895+00:00,ActiveSG Gym @ Ang Mo Kio Community Centre,47%
2026-09-16T00:15:14.069895+00:00,ActiveSG Gym @ Enabling Village,22%
2026-09-16T00:15:14.069895+00:00,ActiveSG Gym @ Fernvale Square,47%
2026-09-16T00:15:14.069895+00:00,ActiveSG Gym @ Serangoon Central,43%
2026-09-16T00:15:14.069895+00:00,ActiveSG Gym @ Toa Payoh,44%
2026-09-16T00:15:14.069895+00:00,ActiveSG Gym @ Toa Payoh West Community Centre,19%
2026-09-16T00:15:14.069895+00:00,ActiveSG Hockey Village @ Boon Lay Gym,16%
2026-09-16T00:15:14.069895+00:00,ActiveSG Sport Park @ Teck Ghee ActiveSG Gym,24%
2026-09-16T00:15:14.069895+00:00,Bishan ActiveSG Gym,27%
2026-09-16T00:15:14.069895+00:00,Bukit Batok ActiveSG Gym,33%
2026-09-16T00:15:14.069895+00:00,Bukit Canberra ActiveSG Gym,33%
2026-09-16T00:15:14.069895+00:00,Bukit Gombak ActiveSG Gym,42%
2026-09-16T00:15:14.069895+00:00,Choa Chu Kang ActiveSG Gym,38%
2026-09-16T00:15:14.069895+00:00,Clementi ActiveSG Gym,46%
2026-09-16T00:15:14.069895+00:00,Delta ActiveSG Gym,28%
2026-09-16T00:15:14.069895+00:00,Heartbeat @ Bedok ActiveSG Gym,40%
2026-09-16T00:15:14.069895+00:00,Hougang ActiveSG Gym,32%
2026-09-16T00:15:14.069895+00:00,Jalan Besar ActiveSG Gym,45%
2026-09-16T00:15:14.069895+00:00,Jurong East ActiveSG Gym,26%
2026-09-16T00:15:14.069895+00:00,Jurong Lake Gardens ActiveSG Gym,21%
2026-09-16T00:15:14.069895+00:00,Jurong West ActiveSG Gym,19%
2026-09-16T00:15:14.069895+00:00,Katong ActiveSG Gym,34%
2026-09-16T00:15:14.069895+00:00,Pasir Ris ActiveSG Gym,31%
2026-09-16T00:15:14.069895+00:00,Queenstown ActiveSG Gym,36%
2026-09-16T00:15:14.069895+00:00,Sengkang ActiveSG Gym,48%
2026-09-16T00:15:14.069895+00:00,Senja-Cashew ActiveSG Gym,65%
2026-09-16T00:15:14.069895+00:00,Tampines ActiveSG Gym,43%
2026-09-16T00:15:14.069895+00:00,Woodlands ActiveSG Gym,28%
2026-09-16T00:15:14.069895+00:00,Yio Chu Kang ActiveSG Gym,35%
2026-09-16T00:15:14.069895+00:00,Yishun ActiveSG Gym,31%
2026-09-16T00:30:14.651950+00:00,ActiveSG Gym @ Ang Mo Kio Community Centre,47%
2026-09-16T00:30:14.651950+00:00,ActiveSG Gym @ Enabling Village,18%
2026-09-16T00:30:14.651950+00:00,ActiveSG Gym @ Fernvale Square,50%
2026-09-16T00:30:14.651950+00:00,ActiveSG Gym @ Serangoon Central,43%
2026-09-16T00:30:14.651950+00:00,ActiveSG Gym @ Toa Payoh,45%
2026-09-16T00:30:14.651950+00:00,ActiveSG Gym @ Toa Payoh West Community Centre,21%
2026-09-16T00:30:14.651950+00:00,ActiveSG Hockey Village @ Boon Lay Gym,15%
2026-09-16T00:30:14.651950+00:00,ActiveSG Sport Park @ Teck Ghee ActiveSG Gym,21%
2026-09-16T00:30:14.651950+00:00,Bishan ActiveSG Gym,30%
2026-09-16T00:30:14.651950+00:00,Bukit Batok ActiveSG Gym,35%
2026-09-16T00:30:14.651950+00:00,Bukit Canberra ActiveSG Gym,33%
2026-09-16T00:30:14.651950+00:00,Bukit Gombak ActiveSG Gym,40%
2026-09-16T00:30:14.651950+00:00,Choa Chu Kang ActiveSG Gym,37%
2026-09-16T00:30:14.651950+00:00,Clementi ActiveSG Gym,42%
2026-09-16T00:30:14.651950+00:00,Delta ActiveSG Gym,27%
2026-09-16T00:30:14.651950+00:00,Heartbeat @ Bedok ActiveSG Gym,40%
2026-09-16T00:30:14.651950+00:00,Hougang ActiveSG Gym,35%
2026-09-16T00:30:14.651950+00:00,Jalan Besar ActiveSG Gym,40%
2026-09-16T00:30:14.651950+00:00,Jurong East ActiveSG Gym,26%
2026-09-16T00:30:14.651950+00:00,Jurong Lake Gardens ActiveSG Gym,20%
2026-09-16T00:30:14.651950+00:00,Jurong West ActiveSG Gym,21%
2026-09-16T00:30:14.651950+00:00,Katong ActiveSG Gym,38%
2026-09-16T00:30:14.651950+00:00,Pasir Ris ActiveSG Gym,33%
2026-09-16T00:30:14.651950+00:00,Queenstown ActiveSG Gym,31%
2026-09-16T00:30:14.651950+00:00,Sengkang ActiveSG Gym,44%
2026-09-16T00:30:14.651950+00:00,Senja-Cashew ActiveSG Gym,72%
2026-09-16T00:30:14.651950+00:00,Tampines ActiveSG Gym,40%
2026-09-16T00:30:14.651950+00:00,Woodlands ActiveSG Gym,28%
2026-09-16T00:30:14.651950+00:00,Yio Chu Kang ActiveSG Gym,38%
2026-09-16T00:30:14.651950+00:00,Yishun ActiveSG Gym,33%
2026-09-16T00:45:13.824988+00:00,ActiveSG Gym @ Ang Mo Kio Community Centre,48%
2026-09-16T00:45:13.824988+00:00,ActiveSG Gym @ Enabling Village,22%
2026-09-16T00:45:13.824988+00:00,ActiveSG Gym @ Fernvale Square,47%
2026-09-16T00:45:13.824988+00:00,ActiveSG Gym @ Serangoon Central,43%
2026-09-16T00:45:13.824988+00:00,ActiveSG Gym @ Toa Payoh,49%
2026-09-16T00:45:13.824988+00:00,ActiveSG Gym @ Toa Payoh West Community Centre,23%
2026-09-16T00:45:13.824988+00:00,ActiveSG Hockey Village @ Boon Lay Gym,13%
2026-09-16T00:45:13.824988+00:00,ActiveSG Sport Park @ Teck Ghee ActiveSG Gym,24%
2026-09-16T00:45:13.824988+00:00,Bishan ActiveSG Gym,31%
2026-09-16T00:45:13.824988+00:00,Bukit Batok ActiveSG Gym,40%
2026-09-16T00:45:13.824988+00:00,Bukit Canberra ActiveSG Gym,36%
2026-09-16T00:45:13.824988+00:00,Bukit Gombak ActiveSG Gym,41%
2026-09-16T00:45:13.824988+00:00,Choa Chu Kang ActiveSG Gym,40%
2026-09-16T00:45:13.824988+00:00,Clementi ActiveSG Gym,40%
2026-09-16T00:45:13.824988+00:00,Delta ActiveSG Gym,31%
2026-09-16T00:45:13.824988+00:00,Heartbeat @ Bedok ActiveSG Gym,45%
2026-09-16T00:45:13.824988+00:00,Hougang ActiveSG Gym,34%
2026-09-16T00:45:13.824988+00:00,Jalan Besar ActiveSG Gym,39%
2026-09-16T00:45:13.824988+00:00,Jurong East ActiveSG Gym,30%
2026-09-16T00:45:13.824988+00:00,Jurong Lake Gardens ActiveSG Gym,21%
2026-09-16T00:45:13.824988+00:00,Jurong West ActiveSG Gym,23%
2026-09-16T00:45:13.824988+00:00,Katong ActiveSG Gym,42%
2026-09-16T00:45:13.824988+00:00,Pasir Ris ActiveSG Gym,33%
2026-09-16T00:45:13.824988+00:00,Queenstown ActiveSG Gym,31%
2026-09-16T00:45:13.824988+00:00,Sengkang ActiveSG Gym,42%
2026-09-16T00:45:13.824988+00:00,Senja-Cashew ActiveSG Gym,57%
2026-09-16T00:45:13.824988+00:00,Tampines ActiveSG Gym,42%
2026-09-16T00:45:13.824988+00:00,Woodlands ActiveSG Gym,21%
2026-09-16T00:45:13.824988+00:00,Yio Chu Kang ActiveSG Gym,35%
2026-09-16T00:45:13.824988+00:00,Yishun ActiveSG Gym,27%
2026-09-16T01:00:14.057328+00:00,ActiveSG Gym @ Ang Mo Kio Community Centre,48%
2026-09-16T01:00:14.057328+00:00,ActiveSG Gym @ Enabling Village,22%
2026-09-16T01:00:14.057328+00:00,ActiveSG Gym @ Fernvale Square,47%
2026-09-16T01:00:14.057328+00:00,ActiveSG Gym @ Serangoon Central,47%
2026-09-16T01:00:14.057328+00:00,ActiveSG Gym @ Toa Payoh,49%
2026-09-16T01:00:14.057328+00:00,ActiveSG Gym @ Toa Payoh West Community Centre,21%
2026-09-16T01:00:14.057328+00:00,ActiveSG Hockey Village @ Boon Lay Gym,16%
2026-09-16T01:00:14.057328+00:00,ActiveSG Sport Park @ Teck Ghee ActiveSG Gym,24%
2026-09-16T01:00:14.057328+00:00,Bishan ActiveSG Gym,31%
2026-09-16T01:00:14.057328+00:00,Bukit Batok ActiveSG Gym,50%
2026-09-16T01:00:14.057328+00:00,Bukit Canberra ActiveSG Gym,33%
2026-09-16T01:00:14.057328+00:00,Bukit Gombak ActiveSG Gym,39%
2026-09-16T01:00:14.057328+00:00,Choa Chu Kang ActiveSG Gym,41%
2026-09-16T01:00:14.057328+00:00,Clementi ActiveSG Gym,34%
2026-09-16T01:00:14.057328+00:00,Delta ActiveSG Gym,35%
2026-09-16T01:00:14.057328+00:00,Heartbeat @ Bedok ActiveSG Gym,48%
2026-09-16T01:00:14.057328+00:00,Hougang ActiveSG Gym,32%
2026-09-16T01:00:14.057328+00:00,Jalan Besar ActiveSG Gym,40%
2026-09-16T01:00:14.057328+00:00,Jurong East ActiveSG Gym,36%
2026-09-16T01:00:14.057328+00:00,Jurong Lake Gardens ActiveSG Gym,23%
2026-09-16T01:00:14.057328+00:00,Jurong West ActiveSG Gym,24%
2026-09-16T01:00:14.057328+00:00,Katong ActiveSG Gym,42%
2026-09-16T01:00:14.057328+00:00,Pasir Ris ActiveSG Gym,32%
2026-09-16T01:00:14.057328+00:00,Queenstown ActiveSG Gym,32%
2026-09-16T01:00:14.057328+00:00,Sengkang ActiveSG Gym,39%
2026-09-16T01:00:14.057328+00:00,Senja-Cashew ActiveSG Gym,45%
2026-09-16T01:00:14.057328+00:00,Tampines ActiveSG Gym,46%
2026-09-16T01:00:14.057328+00:00,Woodlands ActiveSG Gym,24%
2026-09-16T01:00:14.057328+00:00,Yio Chu Kang ActiveSG Gym,37%
2026-09-16T01:00:14.057328+00:00,Yishun ActiveSG Gym,18%
2026-09-16T01:10:27.996455+00:00,ActiveSG Gym @ Ang Mo Kio Community Centre,43%
2026-09-16T01:10:27.996455+00:00,ActiveSG Gym @ Enabling Village,16%
2026-09-16T01:10:27.996455+00:00,ActiveSG Gym @ Fernvale Square,47%
2026-09-16T01:10:27.996455+00:00,ActiveSG Gym @ Serangoon Central,47%
2026-09-16T01:10:27.996455+00:00,ActiveSG Gym @ Toa Payoh,57%
2026-09-16T01:10:27.996455+00:00,ActiveSG Gym @ Toa Payoh West Community Centre,21%
2026-09-16T01:10:27.996455+00:00,ActiveSG Hockey Village @ Boon Lay Gym,18%
2026-09-16T01:10:27.996455+00:00,ActiveSG Sport Park @ Teck Ghee ActiveSG Gym,25%
2026-09-16T01:10:27.996455+00:00,Bishan ActiveSG Gym,29%
2026-09-16T01:10:27.996455+00:00,Bukit Batok ActiveSG Gym,55%
2026-09-16T01:10:27.996455+00:00,Bukit Canberra ActiveSG Gym,34%
2026-09-16T01:10:27.996455+00:00,Bukit Gombak ActiveSG Gym,42%
2026-09-16T01:10:27.996455+00:00,Choa Chu Kang ActiveSG Gym,41%
2026-09-16T01:10:27.996455+00:00,Clementi ActiveSG Gym,32%
2026-09-16T01:10:27.996455+00:00,Delta ActiveSG Gym,35%
2026-09-16T01:10:27.996455+00:00,Heartbeat @ Bedok ActiveSG Gym,48%
2026-09-16T01:10:27.996455+00:00,Hougang ActiveSG Gym,33%
2026-09-16T01:10:27.996455+00:00,Jalan Besar ActiveSG Gym,39%
2026-09-16T01:10:27.996455+00:00,Jurong East ActiveSG Gym,36%
2026-09-16T01:10:27.996455+00:00,Jurong Lake Gardens ActiveSG Gym,20%
2026-09-16T01:10:27.996455+00:00,Jurong West ActiveSG Gym,25%
2026-09-16T01:10:27.996455+00:00,Katong ActiveSG Gym,42%
2026-09-16T01:10:27.996455+00:00,Pasir Ris ActiveSG Gym,35%
2026-09-16T01:10:27.996455+00:00,Queenstown ActiveSG Gym,35%
2026-09-16T01:10:27.996455+00:00,Sengkang ActiveSG Gym,38%
2026-09-16T01:10:27.996455+00:00,Senja-Cashew ActiveSG Gym,48%
2026-09-16T01:10:27.996455+00:00,Tampines ActiveSG Gym,46%
2026-09-16T01:10:27.996455+00:00,Woodlands ActiveSG Gym,28%
2026-09-16T01:10:27.996455+00:00,Yio Chu Kang ActiveSG Gym,42%
2026-09-16T01:10:27.996455+00:00,Yishun ActiveSG Gym,22%
2026-09-16T01:15:13.828782+00:00,ActiveSG Gym @ Ang Mo Kio Community Centre,48%
2026-09-16T01:15:13.828782+00:00,ActiveSG Gym @ Enabling Village,18%
2026-09-16T01:15:13.828782+00:00,ActiveSG Gym @ Fernvale Square,45%
2026-09-16T01:15:13.828782+00:00,ActiveSG Gym @ Serangoon Central,47%
2026-09-16T01:15:13.828782+00:00,ActiveSG Gym @ Toa Payoh,57%
2026-09-16T01:15:13.828782+00:00,ActiveSG Gym @ Toa Payoh West Community Centre,21%
2026-09-16T01:15:13.828782+00:00,ActiveSG Hockey Village @ Boon Lay Gym,18%
2026-09-16T01:15:13.828782+00:00,ActiveSG Sport Park @ Teck Ghee ActiveSG Gym,27%
2026-09-16T01:15:13.828782+00:00,Bishan ActiveSG Gym,29%
2026-09-16T01:15:13.828782+00:00,Bukit Batok ActiveSG Gym,53%
2026-09-16T01:15:13.828782+00:00,Bukit Canberra ActiveSG Gym,33%
2026-09-16T01:15:13.828782+00:00,Bukit Gombak ActiveSG Gym,39%
2026-09-16T01:15:13.828782+00:00,Choa Chu Kang ActiveSG Gym,41%
2026-09-16T01:15:13.828782+00:00,Clementi ActiveSG Gym,28%
2026-09-16T01:15:13.828782+00:00,Delta ActiveSG Gym,37%
2026-09-16T01:15:13.828782+00:00,Heartbeat @ Bedok ActiveSG Gym,48%
2026-09-16T01:15:13.828782+00:00,Hougang ActiveSG Gym,33%
2026-09-16T01:15:13.828782+00:00,Jalan Besar ActiveSG Gym,42%
2026-09-16T01:15:13.828782+00:00,Jurong East ActiveSG Gym,38%
2026-09-16T01:15:13.828782+00:00,Jurong Lake Gardens ActiveSG Gym,20%
2026-09-16T01:15:13.828782+00:00,Jurong West ActiveSG Gym,26%
2026-09-16T01:15:13.828782+00:00,Katong ActiveSG Gym,42%
2026-09-16T01:15:13.828782+00:00,Pasir Ris ActiveSG Gym,35%
2026-09-16T01:15:13.828782+00:00,Queenstown ActiveSG Gym,35%
2026-09-16T01:15:13.828782+00:00,Sengkang ActiveSG Gym,37%
2026-09-16T01:15:13.828782+00:00,Senja-Cashew ActiveSG Gym,52%
2026-09-16T01:15:13.828782+00:00,Tampines ActiveSG Gym,45%
2026-09-16T01:15:13.828782+00:00,Woodlands ActiveSG Gym,27%
2026-09-16T01:15:13.828782+00:00,Yio Chu Kang ActiveSG Gym,43%
2026-09-16T01:15:13.828782+00:00,Yishun ActiveSG Gym,25%
2026-09-16T01:30:13.755602+00:00,ActiveSG Gym @ Ang Mo Kio Community Centre,60%
2026-09-16T01:30:13.755602+00:00,ActiveSG Gym @ Enabling Village,24%
2026-09-16T01:30:13.755602+00:00,ActiveSG Gym @ Fernvale Square,50%
2026-09-16T01:30:13.755602+00:00,ActiveSG Gym @ Serangoon Central,43%
2026-09-16T01:30:13.755602+00:00,ActiveSG Gym @ Toa Payoh,56%
2026-09-16T01:30:13.755602+00:00,ActiveSG Gym @ Toa Payoh West Community Centre,17%
2026-09-16T01:30:13.755602+00:00,ActiveSG Hockey Village @ Boon Lay Gym,19%
2026-09-16T01:30:13.755602+00:00,ActiveSG Sport Park @ Teck Ghee ActiveSG Gym,30%
2026-09-16T01:30:13.755602+00:00,Bishan ActiveSG Gym,34%
2026-09-16T01:30:13.755602+00:00,Bukit Batok ActiveSG Gym,53%
2026-09-16T01:30:13.755602+00:00,Bukit Canberra ActiveSG Gym,38%
2026-09-16T01:30:13.755602+00:00,Bukit Gombak ActiveSG Gym,36%
2026-09-16T01:30:13.755602+00:00,Choa Chu Kang ActiveSG Gym,41%
2026-09-16T01:30:13.755602+00:00,Clementi ActiveSG Gym,29%
2026-09-16T01:30:13.755602+00:00,Delta ActiveSG Gym,41%
2026-09-16T01:30:13.755602+00:00,Heartbeat @ Bedok ActiveSG Gym,46%
2026-09-16T01:30:13.755602+00:00,Hougang ActiveSG Gym,33%
2026-09-16T01:30:13.755602+00:00,Jalan Besar ActiveSG Gym,47%
2026-09-16T01:30:13.755602+00:00,Jurong East ActiveSG Gym,33%
2026-09-16T01:30:13.755602+00:00,Jurong Lake Gardens ActiveSG Gym,22%
2026-09-16T01:30:13.755602+00:00,Jurong West ActiveSG Gym,26%
2026-09-16T01:30:13.755602+00:00,Katong ActiveSG Gym,38%
2026-09-16T01:30:13.755602+00:00,Pasir Ris ActiveSG Gym,48%
2026-09-16T01:30:13.755602+00:00,Queenstown ActiveSG Gym,38%
2026-09-16T01:30:13.755602+00:00,Sengkang ActiveSG Gym,40%
2026-09-16T01:30:13.755602+00:00,Senja-Cashew ActiveSG Gym,45%
2026-09-16T01:30:13.755602+00:00,Tampines ActiveSG Gym,47%
2026-09-16T01:30:13.755602+00:00,Woodlands ActiveSG Gym,31%
2026-09-16T01:30:13.755602+00:00,Yio Chu Kang ActiveSG Gym,43%
2026-09-16T01:30:13.755602+00:00,Yishun ActiveSG Gym,34%
2026-09-16T01:45:13.853180+00:00,ActiveSG Gym @ Ang Mo Kio Community Centre,60%
2026-09-16T01:45:13.853180+00:00,ActiveSG Gym @ Enabling Village,29%
2026-09-16T01:45:13.853180+00:00,ActiveSG Gym @ Fernvale Square,53%
2026-09-16T01:45:13.853180+00:00,ActiveSG Gym @ Serangoon Central,43%
2026-09-16T01:45:13.853180+00:00,ActiveSG Gym @ Toa Payoh,59%
2026-09-16T01:45:13.853180+00:00,ActiveSG Gym @ Toa Payoh West Community Centre,16%
2026-09-16T01:45:13.853180+00:00,ActiveSG Hockey Village @ Boon Lay Gym,18%
2026-09-16T01:45:13.853180+00:00,ActiveSG Sport Park @ Teck Ghee ActiveSG Gym,33%
2026-09-16T01:45:13.853180+00:00,Bishan ActiveSG Gym,35%
2026-09-16T01:45:13.853180+00:00,Bukit Batok ActiveSG Gym,45%
2026-09-16T01:45:13.853180+00:00,Bukit Canberra ActiveSG Gym,36%
2026-09-16T01:45:13.853180+00:00,Bukit Gombak ActiveSG Gym,41%
2026-09-16T01:45:13.853180+00:00,Choa Chu Kang ActiveSG Gym,47%
2026-09-16T01:45:13.853180+00:00,Clementi ActiveSG Gym,34%
2026-09-16T01:45:13.853180+00:00,Delta ActiveSG Gym,40%
2026-09-16T01:45:13.853180+00:00,Heartbeat @ Bedok ActiveSG Gym,45%
2026-09-16T01:45:13.853180+00:00,Hougang ActiveSG Gym,32%
2026-09-16T01:45:13.853180+00:00,Jalan Besar ActiveSG Gym,53%
2026-09-16T01:45:13.853180+00:00,Jurong East ActiveSG Gym,44%
2026-09-16T01:45:13.853180+00:00,Jurong Lake Gardens ActiveSG Gym,20%
2026-09-16T01:45:13.853180+00:00,Jurong West ActiveSG Gym,27%
2026-09-16T01:45:13.853180+00:00,Katong ActiveSG Gym,38%
2026-09-16T01:45:13.853180+00:00,Pasir Ris ActiveSG Gym,52%
2026-09-16T01:45:13.853180+00:00,Queenstown ActiveSG Gym,37%
2026-09-16T01:45:13.853180+00:00,Sengkang ActiveSG Gym,40%
2026-09-16T01:45:13.853180+00:00,Senja-Cashew ActiveSG Gym,40%
2026-09-16T01:45:13.853180+00:00,Tampines ActiveSG Gym,50%
2026-09-16T01:45:13.853180+00:00,Woodlands ActiveSG Gym,33%
2026-09-16T01:45:13.853180+00:00,Yio Chu Kang ActiveSG Gym,41%
2026-09-16T01:45:13.853180+00:00,Yishun ActiveSG Gym,38%
2026-09-16T02:00:14.494941+00:00,ActiveSG Gym @ Ang Mo Kio Community Centre,63%
2026-09-16T02:00:14.494941+00:00,ActiveSG Gym @ Enabling Village,33%
2026-09-16T02:00:14.494941+00:00,ActiveSG Gym @ Fernvale Square,52%
2026-09-16T02:00:14.494941+00:00,ActiveSG Gym @ Serangoon Central,53%
2026-09-16T02:00:14.494941+00:00,ActiveSG Gym @ Toa Payoh,59%
2026-09-16T02:00:14.494941+00:00,ActiveSG Gym @ Toa Payoh West Community Centre,20%
2026-09-16T02:00:14.494941+00:00,ActiveSG Hockey Village @ Boon Lay Gym,19%
2026-09-16T02:00:14.494941+00:00,ActiveSG Sport Park @ Teck Ghee ActiveSG Gym,32%
2026-09-16T02:00:14.494941+00:00,Bishan ActiveSG Gym,34%
2026-09-16T02:00:14.494941+00:00,Bukit Batok ActiveSG Gym,55%
2026-09-16T02:00:14.494941+00:00,Bukit Canberra ActiveSG Gym,35%
2026-09-16T02:00:14.494941+00:00,Bukit Gombak ActiveSG Gym,42%
2026-09-16T02:00:14.494941+00:00,Choa Chu Kang ActiveSG Gym,49%
2026-09-16T02:00:14.494941+00:00,Clementi ActiveSG Gym,37%
2026-09-16T02:00:14.494941+00:00,Delta ActiveSG Gym,43%
2026-09-16T02:00:14.494941+00:00,Heartbeat @ Bedok ActiveSG Gym,47%
2026-09-16T02:00:14.494941+00:00,Hougang ActiveSG Gym,32%
2026-09-16T02:00:14.494941+00:00,Jalan Besar ActiveSG Gym,61%
2026-09-16T02:00:14.494941+00:00,Jurong East ActiveSG Gym,46%
2026-09-16T02:00:14.494941+00:00,Jurong Lake Gardens ActiveSG Gym,21%
2026-09-16T02:00:14.494941+00:00,Jurong West ActiveSG Gym,28%
2026-09-16T02:00:14.494941+00:00,Katong ActiveSG Gym,46%
2026-09-16T02:00:14.494941+00:00,Pasir Ris ActiveSG Gym,56%
2026-09-16T02:00:14.494941+00:00,Queenstown ActiveSG Gym,45%
2026-09-16T02:00:14.494941+00:00,Sengkang ActiveSG Gym,46%
2026-09-16T02:00:14.494941+00:00,Senja-Cashew ActiveSG Gym,43%
2026-09-16T02:00:14.494941+00:00,Tampines ActiveSG Gym,51%
2026-09-16T02:00:14.494941+00:00,Woodlands ActiveSG Gym,32%
2026-09-16T02:00:14.494941+00:00,Yio Chu Kang ActiveSG Gym,41%
2026-09-16T02:00:14.494941+00:00,Yishun ActiveSG Gym,39%
2026-09-16T02:15:13.014013+00:00,ActiveSG Gym @ Ang Mo Kio Community Centre,47%
2026-09-16T02:15:13.014013+00:00,ActiveSG Gym @ Enabling Village,44%
2026-09-16T02:15:13.014013+00:00,ActiveSG Gym @ Fernvale Square,58%
2026-09-16T02:15:13.014013+00:00,ActiveSG Gym @ Serangoon Central,53%
2026-09-16T02:15:13.014013+00:00,ActiveSG Gym @ Toa Payoh,59%
2026-09-16T02:15:13.014013+00:00,ActiveSG Gym @ Toa Payoh West Community Centre,29%
2026-09-16T02:15:13.014013+00:00,ActiveSG Hockey Village @ Boon Lay Gym,20%
2026-09-16T02:15:13.014013+00:00,ActiveSG Sport Park @ Teck Ghee ActiveSG Gym,35%
2026-09-16T02:15:13.014013+00:00,Bishan ActiveSG Gym,39%
2026-09-16T02:15:13.014013+00:00,Bukit Batok ActiveSG Gym,73%
2026-09-16T02:15:13.014013+00:00,Bukit Canberra ActiveSG Gym,35%
2026-09-16T02:15:13.014013+00:00,Bukit Gombak ActiveSG Gym,41%
2026-09-16T02:15:13.014013+00:00,Choa Chu Kang ActiveSG Gym,57%
2026-09-16T02:15:13.014013+00:00,Clementi ActiveSG Gym,60%
2026-09-16T02:15:13.014013+00:00,Delta ActiveSG Gym,46%
2026-09-16T02:15:13.014013+00:00,Heartbeat @ Bedok ActiveSG Gym,56%
2026-09-16T02:15:13.014013+00:00,Hougang ActiveSG Gym,35%
2026-09-16T02:15:13.014013+00:00,Jalan Besar ActiveSG Gym,62%
2026-09-16T02:15:13.014013+00:00,Jurong East ActiveSG Gym,43%
2026-09-16T02:15:13.014013+00:00,Jurong Lake Gardens ActiveSG Gym,23%
2026-09-16T02:15:13.014013+00:00,Jurong West ActiveSG Gym,29%
2026-09-16T02:15:13.014013+00:00,Katong ActiveSG Gym,38%
2026-09-16T02:15:13.014013+00:00,Pasir Ris ActiveSG Gym,54%
2026-09-16T02:15:13.014013+00:00,Queenstown ActiveSG Gym,48%
2026-09-16T02:15:13.014013+00:00,Sengkang ActiveSG Gym,52%
2026-09-16T02:15:13.014013+00:00,Senja-Cashew ActiveSG Gym,42%
2026-09-16T02:15:13.014013+00:00,Tampines ActiveSG Gym,48%
2026-09-16T02:15:13.014013+00:00,Woodlands ActiveSG Gym,33%
2026-09-16T02:15:13.014013+00:00,Yio Chu Kang ActiveSG Gym,36%
2026-09-16T02:15:13.014013+00:00,Yishun ActiveSG Gym,37%
2026-09-16T02:30:14.349781+00:00,ActiveSG Gym @ Ang Mo Kio Community Centre,48%
2026-09-16T02:30:14.349781+00:00,ActiveSG Gym @ Enabling Village,38%
2026-09-16T02:30:14.349781+00:00,ActiveSG Gym @ Fernvale Square,62%
2026-09-16T02:30:14.349781+00:00,ActiveSG Gym @ Serangoon Central,53%
2026-09-16T02:30:14.349781+00:00,ActiveSG Gym @ Toa Payoh,58%
2026-09-16T02:30:14.349781+00:00,ActiveSG Gym @ Toa Payoh West Community Centre,31%
2026-09-16T02:30:14.349781+00:00,ActiveSG Hockey Village @ Boon Lay Gym,20%
2026-09-16T02:30:14.349781+00:00,ActiveSG Sport Park @ Teck Ghee ActiveSG Gym,35%
2026-09-16T02:30:14.349781+00:00,Bishan ActiveSG Gym,35%
2026-09-16T02:30:14.349781+00:00,Bukit Batok ActiveSG Gym,53%
2026-09-16T02:30:14.349781+00:00,Bukit Canberra ActiveSG Gym,38%
2026-09-16T02:30:14.349781+00:00,Bukit Gombak ActiveSG Gym,38%
2026-09-16T02:30:14.349781+00:00,Choa Chu Kang ActiveSG Gym,60%
2026-09-16T02:30:14.349781+00:00,Clementi ActiveSG Gym,57%
2026-09-16T02:30:14.349781+00:00,Delta ActiveSG Gym,46%
2026-09-16T02:30:14.349781+00:00,Heartbeat @ Bedok ActiveSG Gym,55%
2026-09-16T02:30:14.349781+00:00,Hougang ActiveSG Gym,37%
2026-09-16T02:30:14.349781+00:00,Jalan Besar ActiveSG Gym,62%
2026-09-16T02:30:14.349781+00:00,Jurong East ActiveSG Gym,47%
2026-09-16T02:30:14.349781+00:00,Jurong Lake Gardens ActiveSG Gym,25%
2026-09-16T02:30:14.349781+00:00,Jurong West ActiveSG Gym,29%
2026-09-16T02:30:14.349781+00:00,Katong ActiveSG Gym,38%
2026-09-16T02:30:14.349781+00:00,Pasir Ris ActiveSG Gym,48%
2026-09-16T02:30:14.349781+00:00,Queenstown ActiveSG Gym,45%
2026-09-16T02:30:14.349781+00:00,Sengkang ActiveSG Gym,52%
2026-09-16T02:30:14.349781+00:00,Senja-Cashew ActiveSG Gym,51%
2026-09-16T02:30:14.349781+00:00,Tampines ActiveSG Gym,48%
2026-09-16T02:30:14.349781+00:00,Woodlands ActiveSG Gym,31%
2026-09-16T02:30:14.349781+00:00,Yio Chu Kang ActiveSG Gym,39%
2026-09-16T02:30:14.349781+00:00,Yishun ActiveSG Gym,42%
2026-09-16T02:45:13.836449+00:00,ActiveSG Gym @ Ang Mo Kio Community Centre,43%
2026-09-16T02:45:13.836449+00:00,ActiveSG Gym @ Enabling Village,40%
2026-09-16T02:45:13.836449+00:00,ActiveSG Gym @ Fernvale Square,60%
2026-09-16T02:45:13.836449+00:00,ActiveSG Gym @ Serangoon Central,53%
2026-09-16T02:45:13.836449+00:00,ActiveSG Gym @ Toa Payoh,53%
2026-09-16T02:45:13.836449+00:00,ActiveSG Gym @ Toa Payoh West Community Centre,31%
2026-09-16T02:45:13.836449+00:00,ActiveSG Hockey Village @ Boon Lay Gym,20%
2026-09-16T02:45:13.836449+00:00,ActiveSG Sport Park @ Teck Ghee ActiveSG Gym,34%
2026-09-16T02:45:13.836449+00:00,Bishan ActiveSG Gym,29%
2026-09-16T02:45:13.836449+00:00,Bukit Batok ActiveSG Gym,65%
2026-09-16T02:45:13.836449+00:00,Bukit Canberra ActiveSG Gym,39%
2026-09-16T02:45:13.836449+00:00,Bukit Gombak ActiveSG Gym,33%
2026-09-16T02:45:13.836449+00:00,Choa Chu Kang ActiveSG Gym,55%
2026-09-16T02:45:13.836449+00:00,Clementi ActiveSG Gym,62%
2026-09-16T02:45:13.836449+00:00,Delta ActiveSG Gym,46%
2026-09-16T02:45:13.836449+00:00,Heartbeat @ Bedok ActiveSG Gym,53%
2026-09-16T02:45:13.836449+00:00,Hougang ActiveSG Gym,36%
2026-09-16T02:45:13.836449+00:00,Jalan Besar ActiveSG Gym,59%
2026-09-16T02:45:13.836449+00:00,Jurong East ActiveSG Gym,38%
2026-09-16T02:45:13.836449+00:00,Jurong Lake Gardens ActiveSG Gym,23%
2026-09-16T02:45:13.836449+00:00,Jurong West ActiveSG Gym,28%
2026-09-16T02:45:13.836449+00:00,Katong ActiveSG Gym,38%
2026-09-16T02:45:13.836449+00:00,Pasir Ris ActiveSG Gym,51%
2026-09-16T02:45:13.836449+00:00,Queenstown ActiveSG Gym,45%
2026-09-16T02:45:13.836449+00:00,Sengkang ActiveSG Gym,49%
2026-09-16T02:45:13.836449+00:00,Senja-Cashew ActiveSG Gym,62%
2026-09-16T02:45:13.836449+00:00,Tampines ActiveSG Gym,49%
2026-09-16T02:45:13.836449+00:00,Woodlands ActiveSG Gym,26%
2026-09-16T02:45:13.836449+00:00,Yio Chu Kang ActiveSG Gym,34%
2026-09-16T02:45:13.836449+00:00,Yishun ActiveSG Gym,44%
2026-09-16T03:00:14.031245+00:00,ActiveSG Gym @ Ang Mo Kio Community Centre,38%
2026-09-16T03:00:14.031245+00:00,ActiveSG Gym @ Enabling Village,40%
2026-09-16T03:00:14.031245+00:00,ActiveSG Gym @ Fernvale Square,58%
2026-09-16T03:00:14.031245+00:00,ActiveSG Gym @ Serangoon Central,43%
2026-09-16T03:00:14.031245+00:00,ActiveSG Gym @ Toa Payoh,51%
2026-09-16T03:00:14.031245+00:00,ActiveSG Gym @ Toa Payoh West Community Centre,31%
2026-09-16T03:00:14.031245+00:00,ActiveSG Hockey Village @ Boon Lay Gym,21%
2026-09-16T03:00:14.031245+00:00,ActiveSG Sport Park @ Teck Ghee ActiveSG Gym,32%
2026-09-16T03:00:14.031245+00:00,Bishan ActiveSG Gym,32%
2026-09-16T03:00:14.031245+00:00,Bukit Batok ActiveSG Gym,60%
2026-09-16T03:00:14.031245+00:00,Bukit Canberra ActiveSG Gym,44%
2026-09-16T03:00:14.031245+00:00,Bukit Gombak ActiveSG Gym,30%
2026-09-16T03:00:14.031245+00:00,Choa Chu Kang ActiveSG Gym,52%
2026-09-16T03:00:14.031245+00:00,Clementi ActiveSG Gym,63%
2026-09-16T03:00:14.031245+00:00,Delta ActiveSG Gym,45%
2026-09-16T03:00:14.031245+00:00,Heartbeat @ Bedok ActiveSG Gym,48%
2026-09-16T03:00:14.031245+00:00,Hougang ActiveSG Gym,39%
2026-09-16T03:00:14.031245+00:00,Jalan Besar ActiveSG Gym,59%
2026-09-16T03:00:14.031245+00:00,Jurong East ActiveSG Gym,37%
2026-09-16T03:00:14.031245+00:00,Jurong Lake Gardens ActiveSG Gym,25%
2026-09-16T03:00:14.031245+00:00,Jurong West ActiveSG Gym,24%
2026-09-16T03:00:14.031245+00:00,Katong ActiveSG Gym,38%
2026-09-16T03:00:14.031245+00:00,Pasir Ris ActiveSG Gym,47%
2026-09-16T03:00:14.031245+00:00,Queenstown ActiveSG Gym,49%
2026-09-16T03:00:14.031245+00:00,Sengkang ActiveSG Gym,47%
2026-09-16T03:00:14.031245+00:00,Senja-Cashew ActiveSG Gym,63%
2026-09-16T03:00:14.031245+00:00,Tampines ActiveSG Gym,51%
2026-09-16T03:00:14.031245+00:00,Woodlands ActiveSG Gym,28%
2026-09-16T03:00:14.031245+00:00,Yio Chu Kang ActiveSG Gym,34%
2026-09-16T03:00:14.031245+00:00,Yishun ActiveSG Gym,46%
2026-09-16T03:15:13.828908+00:00,ActiveSG Gym @ Ang Mo Kio Community Centre,40%
2026-09-16T03:15:13.828908+00:00,ActiveSG Gym @ Enabling Village,42%
2026-09-16T03:15:13.828908+00:00,ActiveSG Gym @ Fernvale Square,58%
2026-09-16T03:15:13.828908+00:00,ActiveSG Gym @ Serangoon Central,43%
2026-09-16T03:15:13.828908+00:00,ActiveSG Gym @ Toa Payoh,44%
2026-09-16T03:15:13.828908+00:00,ActiveSG Gym @ Toa Payoh West Community Centre,36%
2026-09-16T03:15:13.828908+00:00,ActiveSG Hockey Village @ Boon Lay Gym,25%
2026-09-16T03:15:13.828908+00:00,ActiveSG Sport Park @ Teck Ghee ActiveSG Gym,32%
2026-09-16T03:15:13.828908+00:00,Bishan ActiveSG Gym,34%
2026-09-16T03:15:13.828908+00:00,Bukit Batok ActiveSG Gym,57%
2026-09-16T03:15:13.828908+00:00,Bukit Canberra ActiveSG Gym,41%
2026-09-16T03:15:13.828908+00:00,Bukit Gombak ActiveSG Gym,38%
2026-09-16T03:15:13.828908+00:00,Choa Chu Kang ActiveSG Gym,51%
2026-09-16T03:15:13.828908+00:00,Clementi ActiveSG Gym,48%
2026-09-16T03:15:13.828908+00:00,Delta ActiveSG Gym,44%
2026-09-16T03:15:13.828908+00:00,Heartbeat @ Bedok ActiveSG Gym,51%
2026-09-16T03:15:13.828908+00:00,Hougang ActiveSG Gym,40%
2026-09-16T03:15:13.828908+00:00,Jalan Besar ActiveSG Gym,59%
2026-09-16T03:15:13.828908+00:00,Jurong East ActiveSG Gym,36%
2026-09-16T03:15:13.828908+00:00,Jurong Lake Gardens ActiveSG Gym,26%
2026-09-16T03:15:13.828908+00:00,Jurong West ActiveSG Gym,27%
2026-09-16T03:15:13.828908+00:00,Katong ActiveSG Gym,38%
2026-09-16T03:15:13.828908+00:00,Pasir Ris ActiveSG Gym,49%
2026-09-16T03:15:13.828908+00:00,Queenstown ActiveSG Gym,47%
2026-09-16T03:15:13.828908+00:00,Sengkang ActiveSG Gym,55%
2026-09-16T03:15:13.828908+00:00,Senja-Cashew ActiveSG Gym,63%
2026-09-16T03:15:13.828908+00:00,Tampines ActiveSG Gym,52%
2026-09-16T03:15:13.828908+00:00,Woodlands ActiveSG Gym,36%
2026-09-16T03:15:13.828908+00:00,Yio Chu Kang ActiveSG Gym,30%
2026-09-16T03:15:13.828908+00:00,Yishun ActiveSG Gym,50%
2026-09-16T03:30:13.941584+00:00,ActiveSG Gym @ Ang Mo Kio Community Centre,33%
2026-09-16T03:30:13.941584+00:00,ActiveSG Gym @ Enabling Village,38%
2026-09-16T03:30:13.941584+00:00,ActiveSG Gym @ Fernvale Square,62%
2026-09-16T03:30:13.941584+00:00,ActiveSG Gym @ Serangoon Central,50%
2026-09-16T03:30:13.941584+00:00,ActiveSG Gym @ Toa Payoh,35%
2026-09-16T03:30:13.941584+00:00,ActiveSG Gym @ Toa Payoh West Community Centre,39%
2026-09-16T03:30:13.941584+00:00,ActiveSG Hockey Village @ Boon Lay Gym,26%
2026-09-16T03:30:13.941584+00:00,ActiveSG Sport Park @ Teck Ghee ActiveSG Gym,30%
2026-09-16T03:30:13.941584+00:00,Bishan ActiveSG Gym,35%
2026-09-16T03:30:13.941584+00:00,Bukit Batok ActiveSG Gym,75%
2026-09-16T03:30:13.941584+00:00,Bukit Canberra ActiveSG Gym,42%
2026-09-16T03:30:13.941584+00:00,Bukit Gombak ActiveSG Gym,31%
2026-09-16T03:30:13.941584+00:00,Choa Chu Kang ActiveSG Gym,53%
2026-09-16T03:30:13.941584+00:00,Clementi ActiveSG Gym,47%
2026-09-16T03:30:13.941584+00:00,Delta ActiveSG Gym,41%
2026-09-16T03:30:13.941584+00:00,Heartbeat @ Bedok ActiveSG Gym,53%
2026-09-16T03:30:13.941584+00:00,Hougang ActiveSG Gym,36%
2026-09-16T03:30:13.941584+00:00,Jalan Besar ActiveSG Gym,55%
2026-09-16T03:30:13.941584+00:00,Jurong East ActiveSG Gym,30%
2026-09-16T03:30:13.941584+00:00,Jurong Lake Gardens ActiveSG Gym,29%
2026-09-16T03:30:13.941584+00:00,Jurong West ActiveSG Gym,27%
2026-09-16T03:30:13.941584+00:00,Katong ActiveSG Gym,38%
2026-09-16T03:30:13.941584+00:00,Pasir Ris ActiveSG Gym,42%
2026-09-16T03:30:13.941584+00:00,Queenstown ActiveSG Gym,43%
2026-09-16T03:30:13.941584+00:00,Sengkang ActiveSG Gym,46%
2026-09-16T03:30:13.941584+00:00,Senja-Cashew ActiveSG Gym,63%
2026-09-16T03:30:13.941584+00:00,Tampines ActiveSG Gym,48%
2026-09-16T03:30:13.941584+00:00,Woodlands ActiveSG Gym,37%
2026-09-16T03:30:13.941584+00:00,Yio Chu Kang ActiveSG Gym,31%
2026-09-16T03:30:13.941584+00:00,Yishun ActiveSG Gym,54%
2026-09-16T03:45:13.723767+00:00,ActiveSG Gym @ Ang Mo Kio Community Centre,20%
2026-09-16T03:45:13.723767+00:00,ActiveSG Gym @ Enabling Village,38%
2026-09-16T03:45:13.723767+00:00,ActiveSG Gym @ Fernvale Square,77%
2026-09-16T03:45:13.723767+00:00,ActiveSG Gym @ Serangoon Central,50%
2026-09-16T03:45:13.723767+00:00,ActiveSG Gym @ Toa Payoh,41%
2026-09-16T03:45:13.723767+00:00,ActiveSG Gym @ Toa Payoh West Community Centre,39%
2026-09-16T03:45:13.723767+00:00,ActiveSG Hockey Village @ Boon Lay Gym,26%
2026-09-16T03:45:13.723767+00:00,ActiveSG Sport Park @ Teck Ghee ActiveSG Gym,32%
2026-09-16T03:45:13.723767+00:00,Bishan ActiveSG Gym,32%
2026-09-16T03:45:13.723767+00:00,Bukit Batok ActiveSG Gym,78%
2026-09-16T03:45:13.723767+00:00,Bukit Canberra ActiveSG Gym,44%
2026-09-16T03:45:13.723767+00:00,Bukit Gombak ActiveSG Gym,32%
2026-09-16T03:45:13.723767+00:00,Choa Chu Kang ActiveSG Gym,47%
2026-09-16T03:45:13.723767+00:00,Clementi ActiveSG Gym,49%
2026-09-16T03:45:13.723767+00:00,Delta ActiveSG Gym,39%
2026-09-16T03:45:13.723767+00:00,Heartbeat @ Bedok ActiveSG Gym,48%
2026-09-16T03:45:13.723767+00:00,Hougang ActiveSG Gym,41%
2026-09-16T03:45:13.723767+00:00,Jalan Besar ActiveSG Gym,56%
2026-09-16T03:45:13.723767+00:00,Jurong East ActiveSG Gym,30%
2026-09-16T03:45:13.723767+00:00,Jurong Lake Gardens ActiveSG Gym,33%
2026-09-16T03:45:13.723767+00:00,Jurong West ActiveSG Gym,26%
2026-09-16T03:45:13.723767+00:00,Katong ActiveSG Gym,38%
2026-09-16T03:45:13.723767+00:00,Pasir Ris ActiveSG Gym,42%
2026-09-16T03:45:13.723767+00:00,Queenstown ActiveSG Gym,43%
2026-09-16T03:45:13.723767+00:00,Sengkang ActiveSG Gym,54%
2026-09-16T03:45:13.723767+00:00,Senja-Cashew ActiveSG Gym,52%
2026-09-16T03:45:13.723767+00:00,Tampines ActiveSG Gym,44%
2026-09-16T03:45:13.723767+00:00,Woodlands ActiveSG Gym,41%
2026-09-16T03:45:13.723767+00:00,Yio Chu Kang ActiveSG Gym,37%
2026-09-16T03:45:13.723767+00:00,Yishun ActiveSG Gym,54%
2026-09-16T04:00:14.000359+00:00,ActiveSG Gym @ Ang Mo Kio Community Centre,30%
2026-09-16T04:00:14.000359+00:00,ActiveSG Gym @ Enabling Village,22%
2026-09-16T04:00:14.000359+00:00,ActiveSG Gym @ Fernvale Square,60%
2026-09-16T04:00:14.000359+00:00,ActiveSG Gym @ Serangoon Central,50%
2026-09-16T04:00:14.000359+00:00,ActiveSG Gym @ Toa Payoh,44%
2026-09-16T04:00:14.000359+00:00,ActiveSG Gym @ Toa Payoh West Community Centre,39%
2026-09-16T04:00:14.000359+00:00,ActiveSG Hockey Village @ Boon Lay Gym,21%
2026-09-16T04:00:14.000359+00:00,ActiveSG Sport Park @ Teck Ghee ActiveSG Gym,34%
2026-09-16T04:00:14.000359+00:00,Bishan ActiveSG Gym,35%
2026-09-16T04:00:14.000359+00:00,Bukit Batok ActiveSG Gym,70%
2026-09-16T04:00:14.000359+00:00,Bukit Canberra ActiveSG Gym,44%
2026-09-16T04:00:14.000359+00:00,Bukit Gombak ActiveSG Gym,32%
2026-09-16T04:00:14.000359+00:00,Choa Chu Kang ActiveSG Gym,44%
2026-09-16T04:00:14.000359+00:00,Clementi ActiveSG Gym,42%
2026-09-16T04:00:14.000359+00:00,Delta ActiveSG Gym,39%
2026-09-16T04:00:14.000359+00:00,Heartbeat @ Bedok ActiveSG Gym,53%
2026-09-16T04:00:14.000359+00:00,Hougang ActiveSG Gym,40%
2026-09-16T04:00:14.000359+00:00,Jalan Besar ActiveSG Gym,67%
2026-09-16T04:00:14.000359+00:00,Jurong East ActiveSG Gym,29%
2026-09-16T04:00:14.000359+00:00,Jurong Lake Gardens ActiveSG Gym,29%
2026-09-16T04:00:14.000359+00:00,Jurong West ActiveSG Gym,26%
2026-09-16T04:00:14.000359+00:00,Katong ActiveSG Gym,38%
2026-09-16T04:00:14.000359+00:00,Pasir Ris ActiveSG Gym,38%
2026-09-16T04:00:14.000359+00:00,Queenstown ActiveSG Gym,46%
2026-09-16T04:00:14.000359+00:00,Sengkang ActiveSG Gym,51%
2026-09-16T04:00:14.000359+00:00,Senja-Cashew ActiveSG Gym,57%
2026-09-16T04:00:14.000359+00:00,Tampines ActiveSG Gym,46%
2026-09-16T04:00:14.000359+00:00,Woodlands ActiveSG Gym,39%
2026-09-16T04:00:14.000359+00:00,Yio Chu Kang ActiveSG Gym,40%
2026-09-16T04:00:14.000359+00:00,Yishun ActiveSG Gym,45%
2026-09-16T04:15:13.741293+00:00,ActiveSG Gym @ Ang Mo Kio Community Centre,32%
2026-09-16T04:15:13.741293+00:00,ActiveSG Gym @ Enabling Village,22%
2026-09-16T04:15:13.741293+00:00,ActiveSG Gym @ Fernvale Square,60%
2026-09-16T04:15:13.741293+00:00,ActiveSG Gym @ Serangoon Central,57%
2026-09-16T04:15:13.741293+00:00,ActiveSG Gym @ Toa Payoh,45%
2026-09-16T04:15:13.741293+00:00,ActiveSG Gym @ Toa Payoh West Community Centre,40%
2026-09-16T04:15:13.741293+00:00,ActiveSG Hockey Village @ Boon Lay Gym,21%
2026-09-16T04:15:13.741293+00:00,ActiveSG Sport Park @ Teck Ghee ActiveSG Gym,38%
2026-09-16T04:15:13.741293+00:00,Bishan ActiveSG Gym,40%
2026-09-16T04:15:13.741293+00:00,Bukit Batok ActiveSG Gym,80%
2026-09-16T04:15:13.741293+00:00,Bukit Canberra ActiveSG Gym,45%
2026-09-16T04:15:13.741293+00:00,Bukit Gombak ActiveSG Gym,33%
2026-09-16T04:15:13.741293+00:00,Choa Chu Kang ActiveSG Gym,44%
2026-09-16T04:15:13.741293+00:00,Clementi ActiveSG Gym,37%
2026-09-16T04:15:13.741293+00:00,Delta ActiveSG Gym,37%
2026-09-16T04:15:13.741293+00:00,Heartbeat @ Bedok ActiveSG Gym,55%
2026-09-16T04:15:13.741293+00:00,Hougang ActiveSG Gym,37%
2026-09-16T04:15:13.741293+00:00,Jalan Besar ActiveSG Gym,55%
2026-09-16T04:15:13.741293+00:00,Jurong East ActiveSG Gym,24%
2026-09-16T04:15:13.741293+00:00,Jurong Lake Gardens ActiveSG Gym,30%
2026-09-16T04:15:13.741293+00:00,Jurong West ActiveSG Gym,27%
2026-09-16T04:15:13.741293+00:00,Katong ActiveSG Gym,42%
2026-09-16T04:15:13.741293+00:00,Pasir Ris ActiveSG Gym,44%
2026-09-16T04:15:13.741293+00:00,Queenstown ActiveSG Gym,46%
2026-09-16T04:15:13.741293+00:00,Sengkang ActiveSG Gym,50%
2026-09-16T04:15:13.741293+00:00,Senja-Cashew ActiveSG Gym,57%
2026-09-16T04:15:13.741293+00:00,Tampines ActiveSG Gym,49%
2026-09-16T04:15:13.741293+00:00,Woodlands ActiveSG Gym,42%
2026-09-16T04:15:13.741293+00:00,Yio Chu Kang ActiveSG Gym,41%
2026-09-16T04:15:13.741293+00:00,Yishun ActiveSG Gym,46%
2026-09-16T04:30:14.280922+00:00,ActiveSG Gym @ Ang Mo Kio Community Centre,38%
2026-09-16T04:30:14.280922+00:00,ActiveSG Gym @ Enabling Village,22%
2026-09-16T04:30:14.280922+00:00,ActiveSG Gym @ Fernvale Square,70%
2026-09-16T04:30:14.280922+00:00,ActiveSG Gym @ Serangoon Central,57%
2026-09-16T04:30:14.280922+00:00,ActiveSG Gym @ Toa Payoh,44%
2026-09-16T04:30:14.280922+00:00,ActiveSG Gym @ Toa Payoh West Community Centre,41%
2026-09-16T04:30:14.280922+00:00,ActiveSG Hockey Village @ Boon Lay Gym,20%
2026-09-16T04:30:14.280922+00:00,ActiveSG Sport Park @ Teck Ghee ActiveSG Gym,38%
2026-09-16T04:30:14.280922+00:00,Bishan ActiveSG Gym,37%
2026-09-16T04:30:14.280922+00:00,Bukit Batok ActiveSG Gym,80%
2026-09-16T04:30:14.280922+00:00,Bukit Canberra ActiveSG Gym,39%
2026-09-16T04:30:14.280922+00:00,Bukit Gombak ActiveSG Gym,34%
2026-09-16T04:30:14.280922+00:00,Choa Chu Kang ActiveSG Gym,44%
2026-09-16T04:30:14.280922+00:00,Clementi ActiveSG Gym,36%
2026-09-16T04:30:14.280922+00:00,Delta ActiveSG Gym,36%
2026-09-16T04:30:14.280922+00:00,Heartbeat @ Bedok ActiveSG Gym,56%
2026-09-16T04:30:14.280922+00:00,Hougang ActiveSG Gym,37%
2026-09-16T04:30:14.280922+00:00,Jalan Besar ActiveSG Gym,52%
2026-09-16T04:30:14.280922+00:00,Jurong East ActiveSG Gym,24%
2026-09-16T04:30:14.280922+00:00,Jurong Lake Gardens ActiveSG Gym,31%
2026-09-16T04:30:14.280922+00:00,Jurong West ActiveSG Gym,26%
2026-09-16T04:30:14.280922+00:00,Katong ActiveSG Gym,38%
2026-09-16T04:30:14.280922+00:00,Pasir Ris ActiveSG Gym,44%
2026-09-16T04:30:14.280922+00:00,Queenstown ActiveSG Gym,38%
2026-09-16T04:30:14.280922+00:00,Sengkang ActiveSG Gym,50%
2026-09-16T04:30:14.280922+00:00,Senja-Cashew ActiveSG Gym,62%
2026-09-16T04:30:14.280922+00:00,Tampines ActiveSG Gym,55%
2026-09-16T04:30:14.280922+00:00,Woodlands ActiveSG Gym,37%
2026-09-16T04:30:14.280922+00:00,Yio Chu Kang ActiveSG Gym,52%
2026-09-16T04:30:14.280922+00:00,Yishun ActiveSG Gym,42%
2026-09-16T04:45:13.210892+00:00,ActiveSG Gym @ Ang Mo Kio Community Centre,52%
2026-09-16T04:45:13.210892+00:00,ActiveSG Gym @ Enabling Village,22%
2026-09-16T04:45:13.210892+00:00,ActiveSG Gym @ Fernvale Square,58%
2026-09-16T04:45:13.210892+00:00,ActiveSG Gym @ Serangoon Central,50%
2026-09-16T04:45:13.210892+00:00,ActiveSG Gym @ Toa Payoh,46%
2026-09-16T04:45:13.210892+00:00,ActiveSG Gym @ Toa Payoh West Community Centre,40%
2026-09-16T04:45:13.210892+00:00,ActiveSG Hockey Village @ Boon Lay Gym,20%
2026-09-16T04:45:13.210892+00:00,ActiveSG Sport Park @ Teck Ghee ActiveSG Gym,42%
2026-09-16T04:45:13.210892+00:00,Bishan ActiveSG Gym,37%
2026-09-16T04:45:13.210892+00:00,Bukit Batok ActiveSG Gym,80%
2026-09-16T04:45:13.210892+00:00,Bukit Canberra ActiveSG Gym,39%
2026-09-16T04:45:13.210892+00:00,Bukit Gombak ActiveSG Gym,34%
2026-09-16T04:45:13.210892+00:00,Choa Chu Kang ActiveSG Gym,45%
2026-09-16T04:45:13.210892+00:00,Clementi ActiveSG Gym,38%
2026-09-16T04:45:13.210892+00:00,Delta ActiveSG Gym,36%
2026-09-16T04:45:13.210892+00:00,Heartbeat @ Bedok ActiveSG Gym,53%
2026-09-16T04:45:13.210892+00:00,Hougang ActiveSG Gym,35%
2026-09-16T04:45:13.210892+00:00,Jalan Besar ActiveSG Gym,51%
2026-09-16T04:45:13.210892+00:00,Jurong East ActiveSG Gym,28%
2026-09-16T04:45:13.210892+00:00,Jurong Lake Gardens ActiveSG Gym,31%
2026-09-16T04:45:13.210892+00:00,Jurong West ActiveSG Gym,24%
2026-09-16T04:45:13.210892+00:00,Katong ActiveSG Gym,43%
2026-09-16T04:45:13.210892+00:00,Pasir Ris ActiveSG Gym,41%
2026-09-16T04:45:13.210892+00:00,Queenstown ActiveSG Gym,40%
2026-09-16T04:45:13.210892+00:00,Sengkang ActiveSG Gym,43%
2026-09-16T04:45:13.210892+00:00,Senja-Cashew ActiveSG Gym,57%
2026-09-16T04:45:13.210892+00:00,Tampines ActiveSG Gym,53%
2026-09-16T04:45:13.210892+00:00,Woodlands ActiveSG Gym,39%
2026-09-16T04:45:13.210892+00:00,Yio Chu Kang ActiveSG Gym,48%
2026-09-16T04:45:13.210892+00:00,Yishun ActiveSG Gym,40%
2026-09-16T05:00:13.818948+00:00,ActiveSG Gym @ Ang Mo Kio Community Centre,38%
2026-09-16T05:00:13.818948+00:00,ActiveSG Gym @ Enabling Village,20%
2026-09-16T05:00:13.818948+00:00,ActiveSG Gym @ Fernvale Square,50%
2026-09-16T05:00:13.818948+00:00,ActiveSG Gym @ Serangoon Central,40%
2026-09-16T05:00:13.818948+00:00,ActiveSG Gym @ Toa Payoh,45%
2026-09-16T05:00:13.818948+00:00,ActiveSG Gym @ Toa Payoh West Community Centre,40%
2026-09-16T05:00:13.818948+00:00,ActiveSG Hockey Village @ Boon Lay Gym,22%
2026-09-16T05:00:13.818948+00:00,ActiveSG Sport Park @ Teck Ghee ActiveSG Gym,43%
2026-09-16T05:00:13.818948+00:00,Bishan ActiveSG Gym,37%
2026-09-16T05:00:13.818948+00:00,Bukit Batok ActiveSG Gym,80%
2026-09-16T05:00:13.818948+00:00,Bukit Canberra ActiveSG Gym,33%
2026-09-16T05:00:13.818948+00:00,Bukit Gombak ActiveSG Gym,33%
2026-09-16T05:00:13.818948+00:00,Choa Chu Kang ActiveSG Gym,48%
2026-09-16T05:00:13.818948+00:00,Clementi ActiveSG Gym,34%
2026-09-16T05:00:13.818948+00:00,Delta ActiveSG Gym,33%
2026-09-16T05:00:13.818948+00:00,Heartbeat @ Bedok ActiveSG Gym,48%
2026-09-16T05:00:13.818948+00:00,Hougang ActiveSG Gym,32%
2026-09-16T05:00:13.818948+00:00,Jalan Besar ActiveSG Gym,58%
2026-09-16T05:00:13.818948+00:00,Jurong East ActiveSG Gym,26%
2026-09-16T05:00:13.818948+00:00,Jurong Lake Gardens ActiveSG Gym,27%
2026-09-16T05:00:13.818948+00:00,Jurong West ActiveSG Gym,25%
2026-09-16T05:00:13.818948+00:00,Katong ActiveSG Gym,45%
2026-09-16T05:00:13.818948+00:00,Pasir Ris ActiveSG Gym,44%
2026-09-16T05:00:13.818948+00:00,Queenstown ActiveSG Gym,42%
2026-09-16T05:00:13.818948+00:00,Sengkang ActiveSG Gym,47%
2026-09-16T05:00:13.818948+00:00,Senja-Cashew ActiveSG Gym,52%
2026-09-16T05:00:13.818948+00:00,Tampines ActiveSG Gym,51%
2026-09-16T05:00:13.818948+00:00,Woodlands ActiveSG Gym,33%
2026-09-16T05:00:13.818948+00:00,Yio Chu Kang ActiveSG Gym,39%
2026-09-16T05:00:13.818948+00:00,Yishun ActiveSG Gym,40%
2026-09-16T05:15:14.305675+00:00,ActiveSG Gym @ Ang Mo Kio Community Centre,43%
2026-09-16T05:15:14.305675+00:00,ActiveSG Gym @ Enabling Village,20%
2026-09-16T05:15:14.305675+00:00,ActiveSG Gym @ Fernvale Square,42%
2026-09-16T05:15:14.305675+00:00,ActiveSG Gym @ Serangoon Central,40%
2026-09-16T05:15:14.305675+00:00,ActiveSG Gym @ Toa Payoh,42%
2026-09-16T05:15:14.305675+00:00,ActiveSG Gym @ Toa Payoh West Community Centre,40%
2026-09-16T05:15:14.305675+00:00,ActiveSG Hockey Village @ Boon Lay Gym,21%
2026-09-16T05:15:14.305675+00:00,ActiveSG Sport Park @ Teck Ghee ActiveSG Gym,22%
2026-09-16T05:15:14.305675+00:00,Bishan ActiveSG Gym,45%
2026-09-16T05:15:14.305675+00:00,Bukit Batok ActiveSG Gym,50%
2026-09-16T05:15:14.305675+00:00,Bukit Canberra ActiveSG Gym,31%
2026-09-16T05:15:14.305675+00:00,Bukit Gombak ActiveSG Gym,38%
2026-09-16T05:15:14.305675+00:00,Choa Chu Kang ActiveSG Gym,45%
2026-09-16T05:15:14.305675+00:00,Clementi ActiveSG Gym,41%
2026-09-16T05:15:14.305675+00:00,Delta ActiveSG Gym,33%
2026-09-16T05:15:14.305675+00:00,Heartbeat @ Bedok ActiveSG Gym,50%
2026-09-16T05:15:14.305675+00:00,Hougang ActiveSG Gym,27%
2026-09-16T05:15:14.305675+00:00,Jalan Besar ActiveSG Gym,64%
2026-09-16T05:15:14.305675+00:00,Jurong East ActiveSG Gym,30%
2026-09-16T05:15:14.305675+00:00,Jurong Lake Gardens ActiveSG Gym,24%
2026-09-16T05:15:14.305675+00:00,Jurong West ActiveSG Gym,25%
2026-09-16T05:15:14.305675+00:00,Katong ActiveSG Gym,48%
2026-09-16T05:15:14.305675+00:00,Pasir Ris ActiveSG Gym,44%
2026-09-16T05:15:14.305675+00:00,Queenstown ActiveSG Gym,42%
2026-09-16T05:15:14.305675+00:00,Sengkang ActiveSG Gym,47%
2026-09-16T05:15:14.305675+00:00,Senja-Cashew ActiveSG Gym,49%
2026-09-16T05:15:14.305675+00:00,Tampines ActiveSG Gym,52%
2026-09-16T05:15:14.305675+00:00,Woodlands ActiveSG Gym,31%
2026-09-16T05:15:14.305675+00:00,Yio Chu Kang ActiveSG Gym,37%
2026-09-16T05:15:14.305675+00:00,Yishun ActiveSG Gym,42%
2026-09-16T05:30:14.108881+00:00,ActiveSG Gym @ Ang Mo Kio Community Centre,50%
2026-09-16T05:30:14.108881+00:00,ActiveSG Gym @ Enabling Village,20%
2026-09-16T05:30:14.108881+00:00,ActiveSG Gym @ Fernvale Square,40%
2026-09-16T05:30:14.108881+00:00,ActiveSG Gym @ Serangoon Central,50%
2026-09-16T05:30:14.108881+00:00,ActiveSG Gym @ Toa Payoh,41%
2026-09-16T05:30:14.108881+00:00,ActiveSG Gym @ Toa Payoh West Community Centre,41%
2026-09-16T05:30:14.108881+00:00,ActiveSG Hockey Village @ Boon Lay Gym,21%
2026-09-16T05:30:14.108881+00:00,ActiveSG Sport Park @ Teck Ghee ActiveSG Gym,23%
2026-09-16T05:30:14.108881+00:00,Bishan ActiveSG Gym,45%
2026-09-16T05:30:14.108881+00:00,Bukit Batok ActiveSG Gym,50%
2026-09-16T05:30:14.108881+00:00,Bukit Canberra ActiveSG Gym,33%
2026-09-16T05:30:14.108881+00:00,Bukit Gombak ActiveSG Gym,34%
2026-09-16T05:30:14.108881+00:00,Choa Chu Kang ActiveSG Gym,43%
2026-09-16T05:30:14.108881+00:00,Clementi ActiveSG Gym,38%
2026-09-16T05:30:14.108881+00:00,Delta ActiveSG Gym,33%
2026-09-16T05:30:14.108881+00:00,Heartbeat @ Bedok ActiveSG Gym,46%
2026-09-16T05:30:14.108881+00:00,Hougang ActiveSG Gym,22%
2026-09-16T05:30:14.108881+00:00,Jalan Besar ActiveSG Gym,55%
2026-09-16T05:30:14.108881+00:00,Jurong East ActiveSG Gym,30%
2026-09-16T05:30:14.108881+00:00,Jurong Lake Gardens ActiveSG Gym,25%
2026-09-16T05:30:14.108881+00:00,Jurong West ActiveSG Gym,26%
2026-09-16T05:30:14.108881+00:00,Katong ActiveSG Gym,48%
2026-09-16T05:30:14.108881+00:00,Pasir Ris ActiveSG Gym,47%
2026-09-16T05:30:14.108881+00:00,Queenstown ActiveSG Gym,36%
2026-09-16T05:30:14.108881+00:00,Sengkang ActiveSG Gym,36%
2026-09-16T05:30:14.108881+00:00,Senja-Cashew ActiveSG Gym,49%
2026-09-16T05:30:14.108881+00:00,Tampines ActiveSG Gym,46%
2026-09-16T05:30:14.108881+00:00,Woodlands ActiveSG Gym,38%
2026-09-16T05:30:14.108881+00:00,Yio Chu Kang ActiveSG Gym,30%
2026-09-16T05:30:14.108881+00:00,Yishun ActiveSG Gym,41%
2026-09-16T05:45:13.682444+00:00,ActiveSG Gym @ Ang Mo Kio Community Centre,52%
2026-09-16T05:45:13.682444+00:00,ActiveSG Gym @ Enabling Village,20%
2026-09-16T05:45:13.682444+00:00,ActiveSG Gym @ Fernvale Square,35%
2026-09-16T05:45:13.682444+00:00,ActiveSG Gym @ Serangoon Central,60%
2026-09-16T05:45:13.682444+00:00,ActiveSG Gym @ Toa Payoh,39%
2026-09-16T05:45:13.682444+00:00,ActiveSG Gym @ Toa Payoh West Community Centre,41%
2026-09-16T05:45:13.682444+00:00,ActiveSG Hockey Village @ Boon Lay Gym,21%
2026-09-16T05:45:13.682444+00:00,ActiveSG Sport Park @ Teck Ghee ActiveSG Gym,23%
2026-09-16T05:45:13.682444+00:00,Bishan ActiveSG Gym,41%
2026-09-16T05:45:13.682444+00:00,Bukit Batok ActiveSG Gym,50%
2026-09-16T05:45:13.682444+00:00,Bukit Canberra ActiveSG Gym,33%
2026-09-16T05:45:13.682444+00:00,Bukit Gombak ActiveSG Gym,34%
2026-09-16T05:45:13.682444+00:00,Choa Chu Kang ActiveSG Gym,47%
2026-09-16T05:45:13.682444+00:00,Clementi ActiveSG Gym,40%
2026-09-16T05:45:13.682444+00:00,Delta ActiveSG Gym,32%
2026-09-16T05:45:13.682444+00:00,Heartbeat @ Bedok ActiveSG Gym,47%
2026-09-16T05:45:13.682444+00:00,Hougang ActiveSG Gym,30%
2026-09-16T05:45:13.682444+00:00,Jalan Besar ActiveSG Gym,54%
2026-09-16T05:45:13.682444+00:00,Jurong East ActiveSG Gym,32%
2026-09-16T05:45:13.682444+00:00,Jurong Lake Gardens ActiveSG Gym,29%
2026-09-16T05:45:13.682444+00:00,Jurong West ActiveSG Gym,27%
2026-09-16T05:45:13.682444+00:00,Katong ActiveSG Gym,48%
2026-09-16T05:45:13.682444+00:00,Pasir Ris ActiveSG Gym,49%
2026-09-16T05:45:13.682444+00:00,Queenstown ActiveSG Gym,36%
2026-09-16T05:45:13.682444+00:00,Sengkang ActiveSG Gym,31%
2026-09-16T05:45:13.682444+00:00,Senja-Cashew ActiveSG Gym,54%
2026-09-16T05:45:13.682444+00:00,Tampines ActiveSG Gym,42%
2026-09-16T05:45:13.682444+00:00,Woodlands ActiveSG Gym,36%
2026-09-16T05:45:13.682444+00:00,Yio Chu Kang ActiveSG Gym,23%
2026-09-16T05:45:13.682444+00:00,Yishun ActiveSG Gym,45%
2026-09-16T06:00:13.832840+00:00,ActiveSG Gym @ Ang Mo Kio Community Centre,45%
2026-09-16T06:00:13.832840+00:00,ActiveSG Gym @ Enabling Village,27%
2026-09-16T06:00:13.832840+00:00,ActiveSG Gym @ Fernvale Square,37%
2026-09-16T06:00:13.832840+00:00,ActiveSG Gym @ Serangoon Central,37%
2026-09-16T06:00:13.832840+00:00,ActiveSG Gym @ Toa Payoh,41%
2026-09-16T06:00:13.832840+00:00,ActiveSG Gym @ Toa Payoh West Community Centre,41%
2026-09-16T06:00:13.832840+00:00,ActiveSG Hockey Village @ Boon Lay Gym,20%
2026-09-16T06:00:13.832840+00:00,ActiveSG Sport Park @ Teck Ghee ActiveSG Gym,24%
2026-09-16T06:00:13.832840+00:00,Bishan ActiveSG Gym,37%
2026-09-16T06:00:13.832840+00:00,Bukit Batok ActiveSG Gym,48%
2026-09-16T06:00:13.832840+00:00,Bukit Canberra ActiveSG Gym,33%
2026-09-16T06:00:13.832840+00:00,Bukit Gombak ActiveSG Gym,41%
2026-09-16T06:00:13.832840+00:00,Choa Chu Kang ActiveSG Gym,49%
2026-09-16T06:00:13.832840+00:00,Clementi ActiveSG Gym,47%
2026-09-16T06:00:13.832840+00:00,Delta ActiveSG Gym,25%
2026-09-16T06:00:13.832840+00:00,Heartbeat @ Bedok ActiveSG Gym,48%
2026-09-16T06:00:13.832840+00:00,Hougang ActiveSG Gym,34%
2026-09-16T06:00:13.832840+00:00,Jalan Besar ActiveSG Gym,46%
2026-09-16T06:00:13.832840+00:00,Jurong East ActiveSG Gym,33%
2026-09-16T06:00:13.832840+00:00,Jurong Lake Gardens ActiveSG Gym,28%
2026-09-16T06:00:13.832840+00:00,Jurong West ActiveSG Gym,26%
2026-09-16T06:00:13.832840+00:00,Katong ActiveSG Gym,48%
2026-09-16T06:00:13.832840+00:00,Pasir Ris ActiveSG Gym,50%
2026-09-16T06:00:13.832840+00:00,Queenstown ActiveSG Gym,33%
2026-09-16T06:00:13.832840+00:00,Sengkang ActiveSG Gym,34%
2026-09-16T06:00:13.832840+00:00,Senja-Cashew ActiveSG Gym,54%
2026-09-16T06:00:13.832840+00:00,Tampines ActiveSG Gym,39%
2026-09-16T06:00:13.832840+00:00,Woodlands ActiveSG Gym,34%
2026-09-16T06:00:13.832840+00:00,Yio Chu Kang ActiveSG Gym,25%
2026-09-16T06:00:13.832840+00:00,Yishun ActiveSG Gym,41%
2026-09-16T06:15:14.270551+00:00,ActiveSG Gym @ Ang Mo Kio Community Centre,47%
2026-09-16T06:15:14.270551+00:00,ActiveSG Gym @ Enabling Village,29%
2026-09-16T06:15:14.270551+00:00,ActiveSG Gym @ Fernvale Square,30%
2026-09-16T06:15:14.270551+00:00,ActiveSG Gym @ Serangoon Central,53%
2026-09-16T06:15:14.270551+00:00,ActiveSG Gym @ Toa Payoh,42%
2026-09-16T06:15:14.270551+00:00,ActiveSG Gym @ Toa Payoh West Community Centre,17%
2026-09-16T06:15:14.270551+00:00,ActiveSG Hockey Village @ Boon Lay Gym,18%
2026-09-16T06:15:14.270551+00:00,ActiveSG Sport Park @ Teck Ghee ActiveSG Gym,23%
2026-09-16T06:15:14.270551+00:00,Bishan ActiveSG Gym,33%
2026-09-16T06:15:14.270551+00:00,Bukit Batok ActiveSG Gym,48%
2026-09-16T06:15:14.270551+00:00,Bukit Canberra ActiveSG Gym,36%
2026-09-16T06:15:14.270551+00:00,Bukit Gombak ActiveSG Gym,41%
2026-09-16T06:15:14.270551+00:00,Choa Chu Kang ActiveSG Gym,58%
2026-09-16T06:15:14.270551+00:00,Clementi ActiveSG Gym,55%
2026-09-16T06:15:14.270551+00:00,Delta ActiveSG Gym,30%
2026-09-16T06:15:14.270551+00:00,Heartbeat @ Bedok ActiveSG Gym,51%
2026-09-16T06:15:14.270551+00:00,Hougang ActiveSG Gym,35%
2026-09-16T06:15:14.270551+00:00,Jalan Besar ActiveSG Gym,40%
2026-09-16T06:15:14.270551+00:00,Jurong East ActiveSG Gym,34%
2026-09-16T06:15:14.270551+00:00,Jurong Lake Gardens ActiveSG Gym,30%
2026-09-16T06:15:14.270551+00:00,Jurong West ActiveSG Gym,29%
2026-09-16T06:15:14.270551+00:00,Katong ActiveSG Gym,35%
2026-09-16T06:15:14.270551+00:00,Pasir Ris ActiveSG Gym,51%
2026-09-16T06:15:14.270551+00:00,Queenstown ActiveSG Gym,29%
2026-09-16T06:15:14.270551+00:00,Sengkang ActiveSG Gym,34%
2026-09-16T06:15:14.270551+00:00,Senja-Cashew ActiveSG Gym,45%
2026-09-16T06:15:14.270551+00:00,Tampines ActiveSG Gym,43%
2026-09-16T06:15:14.270551+00:00,Woodlands ActiveSG Gym,37%
2026-09-16T06:15:14.270551+00:00,Yio Chu Kang ActiveSG Gym,24%
2026-09-16T06:15:14.270551+00:00,Yishun ActiveSG Gym,33%
2026-09-16T06:30:13.939065+00:00,ActiveSG Gym @ Ang Mo Kio Community Centre,50%
2026-09-16T06:30:13.939065+00:00,ActiveSG Gym @ Enabling Village,33%
2026-09-16T06:30:13.939065+00:00,ActiveSG Gym @ Fernvale Square,20%
2026-09-16T06:30:13.939065+00:00,ActiveSG Gym @ Serangoon Central,57%
2026-09-16T06:30:13.939065+00:00,ActiveSG Gym @ Toa Payoh,46%
2026-09-16T06:30:13.939065+00:00,ActiveSG Gym @ Toa Payoh West Community Centre,20%
2026-09-16T06:30:13.939065+00:00,ActiveSG Hockey Village @ Boon Lay Gym,16%
2026-09-16T06:30:13.939065+00:00,ActiveSG Sport Park @ Teck Ghee ActiveSG Gym,24%
2026-09-16T06:30:13.939065+00:00,Bishan ActiveSG Gym,35%
2026-09-16T06:30:13.939065+00:00,Bukit Batok ActiveSG Gym,35%
2026-09-16T06:30:13.939065+00:00,Bukit Canberra ActiveSG Gym,35%
2026-09-16T06:30:13.939065+00:00,Bukit Gombak ActiveSG Gym,42%
2026-09-16T06:30:13.939065+00:00,Choa Chu Kang ActiveSG Gym,61%
2026-09-16T06:30:13.939065+00:00,Clementi ActiveSG Gym,51%
2026-09-16T06:30:13.939065+00:00,Delta ActiveSG Gym,35%
2026-09-16T06:30:13.939065+00:00,Heartbeat @ Bedok ActiveSG Gym,49%
2026-09-16T06:30:13.939065+00:00,Hougang ActiveSG Gym,37%
2026-09-16T06:30:13.939065+00:00,Jalan Besar ActiveSG Gym,35%
2026-09-16T06:30:13.939065+00:00,Jurong East ActiveSG Gym,39%
2026-09-16T06:30:13.939065+00:00,Jurong Lake Gardens ActiveSG Gym,29%
2026-09-16T06:30:13.939065+00:00,Jurong West ActiveSG Gym,29%
2026-09-16T06:30:13.939065+00:00,Katong ActiveSG Gym,42%
2026-09-16T06:30:13.939065+00:00,Pasir Ris ActiveSG Gym,34%
2026-09-16T06:30:13.939065+00:00,Queenstown ActiveSG Gym,30%
2026-09-16T06:30:13.939065+00:00,Sengkang ActiveSG Gym,37%
2026-09-16T06:30:13.939065+00:00,Senja-Cashew ActiveSG Gym,45%
2026-09-16T06:30:13.939065+00:00,Tampines ActiveSG Gym,48%
2026-09-16T06:30:13.939065+00:00,Woodlands ActiveSG Gym,43%
2026-09-16T06:30:13.939065+00:00,Yio Chu Kang ActiveSG Gym,21%
2026-09-16T06:30:13.939065+00:00,Yishun ActiveSG Gym,44%
2026-09-16T06:45:13.908224+00:00,ActiveSG Gym @ Ang Mo Kio Community Centre,50%
2026-09-16T06:45:13.908224+00:00,ActiveSG Gym @ Enabling Village,29%
2026-09-16T06:45:13.908224+00:00,ActiveSG Gym @ Fernvale Square,33%
2026-09-16T06:45:13.908224+00:00,ActiveSG Gym @ Serangoon Central,63%
2026-09-16T06:45:13.908224+00:00,ActiveSG Gym @ Toa Payoh,53%
2026-09-16T06:45:13.908224+00:00,ActiveSG Gym @ Toa Payoh West Community Centre,20%
2026-09-16T06:45:13.908224+00:00,ActiveSG Hockey Village @ Boon Lay Gym,16%
2026-09-16T06:45:13.908224+00:00,ActiveSG Sport Park @ Teck Ghee ActiveSG Gym,25%
2026-09-16T06:45:13.908224+00:00,Bishan ActiveSG Gym,37%
2026-09-16T06:45:13.908224+00:00,Bukit Batok ActiveSG Gym,30%
2026-09-16T06:45:13.908224+00:00,Bukit Canberra ActiveSG Gym,36%
2026-09-16T06:45:13.908224+00:00,Bukit Gombak ActiveSG Gym,47%
2026-09-16T06:45:13.908224+00:00,Choa Chu Kang ActiveSG Gym,58%
2026-09-16T06:45:13.908224+00:00,Clementi ActiveSG Gym,55%
2026-09-16T06:45:13.908224+00:00,Delta ActiveSG Gym,35%
2026-09-16T06:45:13.908224+00:00,Heartbeat @ Bedok ActiveSG Gym,53%
2026-09-16T06:45:13.908224+00:00,Hougang ActiveSG Gym,40%
2026-09-16T06:45:13.908224+00:00,Jalan Besar ActiveSG Gym,39%
2026-09-16T06:45:13.908224+00:00,Jurong East ActiveSG Gym,44%
2026-09-16T06:45:13.908224+00:00,Jurong Lake Gardens ActiveSG Gym,30%
2026-09-16T06:45:13.908224+00:00,Jurong West ActiveSG Gym,29%
2026-09-16T06:45:13.908224+00:00,Katong ActiveSG Gym,51%
2026-09-16T06:45:13.908224+00:00,Pasir Ris ActiveSG Gym,32%
2026-09-16T06:45:13.908224+00:00,Queenstown ActiveSG Gym,31%
2026-09-16T06:45:13.908224+00:00,Sengkang ActiveSG Gym,38%
2026-09-16T06:45:13.908224+00:00,Senja-Cashew ActiveSG Gym,49%
2026-09-16T06:45:13.908224+00:00,Tampines ActiveSG Gym,52%
2026-09-16T06:45:13.908224+00:00,Woodlands ActiveSG Gym,39%
2026-09-16T06:45:13.908224+00:00,Yio Chu Kang ActiveSG Gym,23%
2026-09-16T06:45:13.908224+00:00,Yishun ActiveSG Gym,47%
2026-09-16T07:00:12.126894+00:00,ActiveSG Gym @ Ang Mo Kio Community Centre,52%
2026-09-16T07:00:12.126894+00:00,ActiveSG Gym @ Enabling Village,27%
2026-09-16T07:00:12.126894+00:00,ActiveSG Gym @ Fernvale Square,50%
2026-09-16T07:00:12.126894+00:00,ActiveSG Gym @ Serangoon Central,47%
2026-09-16T07:00:12.126894+00:00,ActiveSG Gym @ Toa Payoh,52%
2026-09-16T07:00:12.126894+00:00,ActiveSG Gym @ Toa Payoh West Community Centre,19%
2026-09-16T07:00:12.126894+00:00,ActiveSG Hockey Village @ Boon Lay Gym,13%
2026-09-16T07:00:12.126894+00:00,ActiveSG Sport Park @ Teck Ghee ActiveSG Gym,26%
2026-09-16T07:00:12.126894+00:00,Bishan ActiveSG Gym,37%
2026-09-16T07:00:12.126894+00:00,Bukit Batok ActiveSG Gym,30%
2026-09-16T07:00:12.126894+00:00,Bukit Canberra ActiveSG Gym,35%
2026-09-16T07:00:12.126894+00:00,Bukit Gombak ActiveSG Gym,56%
2026-09-16T07:00:12.126894+00:00,Choa Chu Kang ActiveSG Gym,61%
2026-09-16T07:00:12.126894+00:00,Clementi ActiveSG Gym,55%
2026-09-16T07:00:12.126894+00:00,Delta ActiveSG Gym,34%
2026-09-16T07:00:12.126894+00:00,Heartbeat @ Bedok ActiveSG Gym,53%
2026-09-16T07:00:12.126894+00:00,Hougang ActiveSG Gym,40%
2026-09-16T07:00:12.126894+00:00,Jalan Besar ActiveSG Gym,49%
2026-09-16T07:00:12.126894+00:00,Jurong East ActiveSG Gym,23%
2026-09-16T07:00:12.126894+00:00,Jurong Lake Gardens ActiveSG Gym,30%
2026-09-16T07:00:12.126894+00:00,Jurong West ActiveSG Gym,29%
2026-09-16T07:00:12.126894+00:00,Katong ActiveSG Gym,51%
2026-09-16T07:00:12.126894+00:00,Pasir Ris ActiveSG Gym,35%
2026-09-16T07:00:12.126894+00:00,Queenstown ActiveSG Gym,33%
2026-09-16T07:00:12.126894+00:00,Sengkang ActiveSG Gym,42%
2026-09-16T07:00:12.126894+00:00,Senja-Cashew ActiveSG Gym,49%
2026-09-16T07:00:12.126894+00:00,Tampines ActiveSG Gym,57%
2026-09-16T07:00:12.126894+00:00,Woodlands ActiveSG Gym,37%
2026-09-16T07:00:12.126894+00:00,Yio Chu Kang ActiveSG Gym,35%
2026-09-16T07:00:12.126894+00:00,Yishun ActiveSG Gym,47%
2026-09-16T07:15:15.621328+00:00,ActiveSG Gym @ Ang Mo Kio Community Centre,52%
2026-09-16T07:15:15.621328+00:00,ActiveSG Gym @ Enabling Village,33%
2026-09-16T07:15:15.621328+00:00,ActiveSG Gym @ Fernvale Square,50%
2026-09-16T07:15:15.621328+00:00,ActiveSG Gym @ Serangoon Central,43%
2026-09-16T07:15:15.621328+00:00,ActiveSG Gym @ Toa Payoh,55%
2026-09-16T07:15:15.621328+00:00,ActiveSG Gym @ Toa Payoh West Community Centre,24%
2026-09-16T07:15:15.621328+00:00,ActiveSG Hockey Village @ Boon Lay Gym,13%
2026-09-16T07:15:15.621328+00:00,ActiveSG Sport Park @ Teck Ghee ActiveSG Gym,28%
2026-09-16T07:15:15.621328+00:00,Bishan ActiveSG Gym,41%
2026-09-16T07:15:15.621328+00:00,Bukit Batok ActiveSG Gym,28%
2026-09-16T07:15:15.621328+00:00,Bukit Canberra ActiveSG Gym,38%
2026-09-16T07:15:15.621328+00:00,Bukit Gombak ActiveSG Gym,52%
2026-09-16T07:15:15.621328+00:00,Choa Chu Kang ActiveSG Gym,58%
2026-09-16T07:15:15.621328+00:00,Clementi ActiveSG Gym,56%
2026-09-16T07:15:15.621328+00:00,Delta ActiveSG Gym,33%
2026-09-16T07:15:15.621328+00:00,Heartbeat @ Bedok ActiveSG Gym,53%
2026-09-16T07:15:15.621328+00:00,Hougang ActiveSG Gym,45%
2026-09-16T07:15:15.621328+00:00,Jalan Besar ActiveSG Gym,54%
2026-09-16T07:15:15.621328+00:00,Jurong East ActiveSG Gym,24%
2026-09-16T07:15:15.621328+00:00,Jurong Lake Gardens ActiveSG Gym,30%
2026-09-16T07:15:15.621328+00:00,Jurong West ActiveSG Gym,30%
2026-09-16T07:15:15.621328+00:00,Katong ActiveSG Gym,60%
2026-09-16T07:15:15.621328+00:00,Pasir Ris ActiveSG Gym,35%
2026-09-16T07:15:15.621328+00:00,Queenstown ActiveSG Gym,43%
2026-09-16T07:15:15.621328+00:00,Sengkang ActiveSG Gym,36%
2026-09-16T07:15:15.621328+00:00,Senja-Cashew ActiveSG Gym,54%
2026-09-16T07:15:15.621328+00:00,Tampines ActiveSG Gym,62%
2026-09-16T07:15:15.621328+00:00,Woodlands ActiveSG Gym,39%
2026-09-16T07:15:15.621328+00:00,Yio Chu Kang ActiveSG Gym,38%
2026-09-16T07:15:15.621328+00:00,Yishun ActiveSG Gym,48%
2026-09-16T07:30:14.422162+00:00,ActiveSG Gym @ Ang Mo Kio Community Centre,55%
2026-09-16T07:30:14.422162+00:00,ActiveSG Gym @ Enabling Village,36%
2026-09-16T07:30:14.422162+00:00,ActiveSG Gym @ Fernvale Square,55%
2026-09-16T07:30:14.422162+00:00,ActiveSG Gym @ Serangoon Central,60%
2026-09-16T07:30:14.422162+00:00,ActiveSG Gym @ Toa Payoh,53%
2026-09-16T07:30:14.422162+00:00,ActiveSG Gym @ Toa Payoh West Community Centre,23%
2026-09-16T07:30:14.422162+00:00,ActiveSG Hockey Village @ Boon Lay Gym,17%
2026-09-16T07:30:14.422162+00:00,ActiveSG Sport Park @ Teck Ghee ActiveSG Gym,26%
2026-09-16T07:30:14.422162+00:00,Bishan ActiveSG Gym,45%
2026-09-16T07:30:14.422162+00:00,Bukit Batok ActiveSG Gym,33%
2026-09-16T07:30:14.422162+00:00,Bukit Canberra ActiveSG Gym,36%
2026-09-16T07:30:14.422162+00:00,Bukit Gombak ActiveSG Gym,56%
2026-09-16T07:30:14.422162+00:00,Choa Chu Kang ActiveSG Gym,59%
2026-09-16T07:30:14.422162+00:00,Clementi ActiveSG Gym,56%
2026-09-16T07:30:14.422162+00:00,Delta ActiveSG Gym,38%
2026-09-16T07:30:14.422162+00:00,Heartbeat @ Bedok ActiveSG Gym,55%
2026-09-16T07:30:14.422162+00:00,Hougang ActiveSG Gym,40%
2026-09-16T07:30:14.422162+00:00,Jalan Besar ActiveSG Gym,55%
2026-09-16T07:30:14.422162+00:00,Jurong East ActiveSG Gym,24%
2026-09-16T07:30:14.422162+00:00,Jurong Lake Gardens ActiveSG Gym,30%
2026-09-16T07:30:14.422162+00:00,Jurong West ActiveSG Gym,30%
2026-09-16T07:30:14.422162+00:00,Katong ActiveSG Gym,60%
2026-09-16T07:30:14.422162+00:00,Pasir Ris ActiveSG Gym,32%
2026-09-16T07:30:14.422162+00:00,Queenstown ActiveSG Gym,48%
2026-09-16T07:30:14.422162+00:00,Sengkang ActiveSG Gym,37%
2026-09-16T07:30:14.422162+00:00,Senja-Cashew ActiveSG Gym,54%
2026-09-16T07:30:14.422162+00:00,Tampines ActiveSG Gym,64%
2026-09-16T07:30:14.422162+00:00,Woodlands ActiveSG Gym,38%
2026-09-16T07:30:14.422162+00:00,Yio Chu Kang ActiveSG Gym,42%
2026-09-16T07:30:14.422162+00:00,Yishun ActiveSG Gym,44%
2026-09-16T07:45:14.912723+00:00,ActiveSG Gym @ Ang Mo Kio Community Centre,48%
2026-09-16T07:45:14.912723+00:00,ActiveSG Gym @ Enabling Village,40%
2026-09-16T07:45:14.912723+00:00,ActiveSG Gym @ Fernvale Square,55%
2026-09-16T07:45:14.912723+00:00,ActiveSG Gym @ Serangoon Central,63%
2026-09-16T07:45:14.912723+00:00,ActiveSG Gym @ Toa Payoh,54%
2026-09-16T07:45:14.912723+00:00,ActiveSG Gym @ Toa Payoh West Community Centre,24%
2026-09-16T07:45:14.912723+00:00,ActiveSG Hockey Village @ Boon Lay Gym,20%
2026-09-16T07:45:14.912723+00:00,ActiveSG Sport Park @ Teck Ghee ActiveSG Gym,27%
2026-09-16T07:45:14.912723+00:00,Bishan ActiveSG Gym,45%
2026-09-16T07:45:14.912723+00:00,Bukit Batok ActiveSG Gym,45%
2026-09-16T07:45:14.912723+00:00,Bukit Canberra ActiveSG Gym,37%
2026-09-16T07:45:14.912723+00:00,Bukit Gombak ActiveSG Gym,54%
2026-09-16T07:45:14.912723+00:00,Choa Chu Kang ActiveSG Gym,55%
2026-09-16T07:45:14.912723+00:00,Clementi ActiveSG Gym,56%
2026-09-16T07:45:14.912723+00:00,Delta ActiveSG Gym,43%
2026-09-16T07:45:14.912723+00:00,Heartbeat @ Bedok ActiveSG Gym,56%
2026-09-16T07:45:14.912723+00:00,Hougang ActiveSG Gym,41%
2026-09-16T07:45:14.912723+00:00,Jalan Besar ActiveSG Gym,55%
2026-09-16T07:45:14.912723+00:00,Jurong East ActiveSG Gym,27%
2026-09-16T07:45:14.912723+00:00,Jurong Lake Gardens ActiveSG Gym,26%
2026-09-16T07:45:14.912723+00:00,Jurong West ActiveSG Gym,30%
2026-09-16T07:45:14.912723+00:00,Katong ActiveSG Gym,51%
2026-09-16T07:45:14.912723+00:00,Pasir Ris ActiveSG Gym,45%
2026-09-16T07:45:14.912723+00:00,Queenstown ActiveSG Gym,49%
2026-09-16T07:45:14.912723+00:00,Sengkang ActiveSG Gym,40%
2026-09-16T07:45:14.912723+00:00,Senja-Cashew ActiveSG Gym,48%
2026-09-16T07:45:14.912723+00:00,Tampines ActiveSG Gym,66%
2026-09-16T07:45:14.912723+00:00,Woodlands ActiveSG Gym,33%
2026-09-16T07:45:14.912723+00:00,Yio Chu Kang ActiveSG Gym,44%
2026-09-16T07:45:14.912723+00:00,Yishun ActiveSG Gym,48%
2026-09-16T08:00:14.453839+00:00,ActiveSG Gym @ Ang Mo Kio Community Centre,45%
2026-09-16T08:00:14.453839+00:00,ActiveSG Gym @ Enabling Village,33%
2026-09-16T08:00:14.453839+00:00,ActiveSG Gym @ Fernvale Square,48%
2026-09-16T08:00:14.453839+00:00,ActiveSG Gym @ Serangoon Central,70%
2026-09-16T08:00:14.453839+00:00,ActiveSG Gym @ Toa Payoh,52%
2026-09-16T08:00:14.453839+00:00,ActiveSG Gym @ Toa Payoh West Community Centre,27%
2026-09-16T08:00:14.453839+00:00,ActiveSG Hockey Village @ Boon Lay Gym,23%
2026-09-16T08:00:14.453839+00:00,ActiveSG Sport Park @ Teck Ghee ActiveSG Gym,25%
2026-09-16T08:00:14.453839+00:00,Bishan ActiveSG Gym,55%
2026-09-16T08:00:14.453839+00:00,Bukit Batok ActiveSG Gym,45%
2026-09-16T08:00:14.453839+00:00,Bukit Canberra ActiveSG Gym,40%
2026-09-16T08:00:14.453839+00:00,Bukit Gombak ActiveSG Gym,53%
2026-09-16T08:00:14.453839+00:00,Choa Chu Kang ActiveSG Gym,54%
2026-09-16T08:00:14.453839+00:00,Clementi ActiveSG Gym,56%
2026-09-16T08:00:14.453839+00:00,Delta ActiveSG Gym,35%
2026-09-16T08:00:14.453839+00:00,Heartbeat @ Bedok ActiveSG Gym,53%
2026-09-16T08:00:14.453839+00:00,Hougang ActiveSG Gym,40%
2026-09-16T08:00:14.453839+00:00,Jalan Besar ActiveSG Gym,61%
2026-09-16T08:00:14.453839+00:00,Jurong East ActiveSG Gym,24%
2026-09-16T08:00:14.453839+00:00,Jurong Lake Gardens ActiveSG Gym,26%
2026-09-16T08:00:14.453839+00:00,Jurong West ActiveSG Gym,29%
2026-09-16T08:00:14.453839+00:00,Katong ActiveSG Gym,51%
2026-09-16T08:00:14.453839+00:00,Pasir Ris ActiveSG Gym,33%
2026-09-16T08:00:14.453839+00:00,Queenstown ActiveSG Gym,47%
2026-09-16T08:00:14.453839+00:00,Sengkang ActiveSG Gym,54%
2026-09-16T08:00:14.453839+00:00,Senja-Cashew ActiveSG Gym,43%
2026-09-16T08:00:14.453839+00:00,Tampines ActiveSG Gym,57%
2026-09-16T08:00:14.453839+00:00,Woodlands ActiveSG Gym,30%
2026-09-16T08:00:14.453839+00:00,Yio Chu Kang ActiveSG Gym,43%
2026-09-16T08:00:14.453839+00:00,Yishun ActiveSG Gym,41%
2026-09-16T08:15:15.081905+00:00,ActiveSG Gym @ Ang Mo Kio Community Centre,45%
2026-09-16T08:15:15.081905+00:00,ActiveSG Gym @ Enabling Village,29%
2026-09-16T08:15:15.081905+00:00,ActiveSG Gym @ Fernvale Square,50%
2026-09-16T08:15:15.081905+00:00,ActiveSG Gym @ Serangoon Central,60%
2026-09-16T08:15:15.081905+00:00,ActiveSG Gym @ Toa Payoh,56%
2026-09-16T08:15:15.081905+00:00,ActiveSG Gym @ Toa Payoh West Community Centre,19%
2026-09-16T08:15:15.081905+00:00,ActiveSG Hockey Village @ Boon Lay Gym,19%
2026-09-16T08:15:15.081905+00:00,ActiveSG Sport Park @ Teck Ghee ActiveSG Gym,24%
2026-09-16T08:15:15.081905+00:00,Bishan ActiveSG Gym,55%
2026-09-16T08:15:15.081905+00:00,Bukit Batok ActiveSG Gym,45%
2026-09-16T08:15:15.081905+00:00,Bukit Canberra ActiveSG Gym,40%
2026-09-16T08:15:15.081905+00:00,Bukit Gombak ActiveSG Gym,54%
2026-09-16T08:15:15.081905+00:00,Choa Chu Kang ActiveSG Gym,47%
2026-09-16T08:15:15.081905+00:00,Clementi ActiveSG Gym,54%
2026-09-16T08:15:15.081905+00:00,Delta ActiveSG Gym,33%
2026-09-16T08:15:15.081905+00:00,Heartbeat @ Bedok ActiveSG Gym,52%
2026-09-16T08:15:15.081905+00:00,Hougang ActiveSG Gym,41%
2026-09-16T08:15:15.081905+00:00,Jalan Besar ActiveSG Gym,55%
2026-09-16T08:15:15.081905+00:00,Jurong East ActiveSG Gym,23%
2026-09-16T08:15:15.081905+00:00,Jurong Lake Gardens ActiveSG Gym,26%
2026-09-16T08:15:15.081905+00:00,Jurong West ActiveSG Gym,28%
2026-09-16T08:15:15.081905+00:00,Katong ActiveSG Gym,46%
2026-09-16T08:15:15.081905+00:00,Pasir Ris ActiveSG Gym,28%
2026-09-16T08:15:15.081905+00:00,Queenstown ActiveSG Gym,42%
2026-09-16T08:15:15.081905+00:00,Sengkang ActiveSG Gym,58%
2026-09-16T08:15:15.081905+00:00,Senja-Cashew ActiveSG Gym,37%
2026-09-16T08:15:15.081905+00:00,Tampines ActiveSG Gym,55%
2026-09-16T08:15:15.081905+00:00,Woodlands ActiveSG Gym,32%
2026-09-16T08:15:15.081905+00:00,Yio Chu Kang ActiveSG Gym,48%
2026-09-16T08:15:15.081905+00:00,Yishun ActiveSG Gym,38%
2026-09-16T08:30:14.334180+00:00,ActiveSG Gym @ Ang Mo Kio Community Centre,45%
2026-09-16T08:30:14.334180+00:00,ActiveSG Gym @ Enabling Village,31%
2026-09-16T08:30:14.334180+00:00,ActiveSG Gym @ Fernvale Square,47%
2026-09-16T08:30:14.334180+00:00,ActiveSG Gym @ Serangoon Central,43%
2026-09-16T08:30:14.334180+00:00,ActiveSG Gym @ Toa Payoh,54%
2026-09-16T08:30:14.334180+00:00,ActiveSG Gym @ Toa Payoh West Community Centre,20%
2026-09-16T08:30:14.334180+00:00,ActiveSG Hockey Village @ Boon Lay Gym,19%
2026-09-16T08:30:14.334180+00:00,ActiveSG Sport Park @ Teck Ghee ActiveSG Gym,23%
2026-09-16T08:30:14.334180+00:00,Bishan ActiveSG Gym,55%
2026-09-16T08:30:14.334180+00:00,Bukit Batok ActiveSG Gym,45%
2026-09-16T08:30:14.334180+00:00,Bukit Canberra ActiveSG Gym,40%
2026-09-16T08:30:14.334180+00:00,Bukit Gombak ActiveSG Gym,57%
2026-09-16T08:30:14.334180+00:00,Choa Chu Kang ActiveSG Gym,55%
2026-09-16T08:30:14.334180+00:00,Clementi ActiveSG Gym,54%
2026-09-16T08:30:14.334180+00:00,Delta ActiveSG Gym,35%
2026-09-16T08:30:14.334180+00:00,Heartbeat @ Bedok ActiveSG Gym,50%
2026-09-16T08:30:14.334180+00:00,Hougang ActiveSG Gym,37%
2026-09-16T08:30:14.334180+00:00,Jalan Besar ActiveSG Gym,71%
2026-09-16T08:30:14.334180+00:00,Jurong East ActiveSG Gym,26%
2026-09-16T08:30:14.334180+00:00,Jurong Lake Gardens ActiveSG Gym,26%
2026-09-16T08:30:14.334180+00:00,Jurong West ActiveSG Gym,27%
2026-09-16T08:30:14.334180+00:00,Katong ActiveSG Gym,31%
2026-09-16T08:30:14.334180+00:00,Pasir Ris ActiveSG Gym,29%
2026-09-16T08:30:14.334180+00:00,Queenstown ActiveSG Gym,40%
2026-09-16T08:30:14.334180+00:00,Sengkang ActiveSG Gym,69%
2026-09-16T08:30:14.334180+00:00,Senja-Cashew ActiveSG Gym,57%
2026-09-16T08:30:14.334180+00:00,Tampines ActiveSG Gym,60%
2026-09-16T08:30:14.334180+00:00,Woodlands ActiveSG Gym,28%
2026-09-16T08:30:14.334180+00:00,Yio Chu Kang ActiveSG Gym,48%
2026-09-16T08:30:14.334180+00:00,Yishun ActiveSG Gym,37%
2026-09-16T08:45:14.370334+00:00,ActiveSG Gym @ Ang Mo Kio Community Centre,37%
2026-09-16T08:45:14.370334+00:00,ActiveSG Gym @ Enabling Village,36%
2026-09-16T08:45:14.370334+00:00,ActiveSG Gym @ Fernvale Square,45%
2026-09-16T08:45:14.370334+00:00,ActiveSG Gym @ Serangoon Central,37%
2026-09-16T08:45:14.370334+00:00,ActiveSG Gym @ Toa Payoh,57%
2026-09-16T08:45:14.370334+00:00,ActiveSG Gym @ Toa Payoh West Community Centre,24%
2026-09-16T08:45:14.370334+00:00,ActiveSG Hockey Village @ Boon Lay Gym,20%
2026-09-16T08:45:14.370334+00:00,ActiveSG Sport Park @ Teck Ghee ActiveSG Gym,22%
2026-09-16T08:45:14.370334+00:00,Bishan ActiveSG Gym,59%
2026-09-16T08:45:14.370334+00:00,Bukit Batok ActiveSG Gym,53%
2026-09-16T08:45:14.370334+00:00,Bukit Canberra ActiveSG Gym,40%
2026-09-16T08:45:14.370334+00:00,Bukit Gombak ActiveSG Gym,58%
2026-09-16T08:45:14.370334+00:00,Choa Chu Kang ActiveSG Gym,52%
2026-09-16T08:45:14.370334+00:00,Clementi ActiveSG Gym,51%
2026-09-16T08:45:14.370334+00:00,Delta ActiveSG Gym,35%
2026-09-16T08:45:14.370334+00:00,Heartbeat @ Bedok ActiveSG Gym,45%
2026-09-16T08:45:14.370334+00:00,Hougang ActiveSG Gym,40%
2026-09-16T08:45:14.370334+00:00,Jalan Besar ActiveSG Gym,56%
2026-09-16T08:45:14.370334+00:00,Jurong East ActiveSG Gym,27%
2026-09-16T08:45:14.370334+00:00,Jurong Lake Gardens ActiveSG Gym,26%
2026-09-16T08:45:14.370334+00:00,Jurong West ActiveSG Gym,27%
2026-09-16T08:45:14.370334+00:00,Katong ActiveSG Gym,37%
2026-09-16T08:45:14.370334+00:00,Pasir Ris ActiveSG Gym,34%
2026-09-16T08:45:14.370334+00:00,Queenstown ActiveSG Gym,40%
2026-09-16T08:45:14.370334+00:00,Sengkang ActiveSG Gym,72%
2026-09-16T08:45:14.370334+00:00,Senja-Cashew ActiveSG Gym,63%
2026-09-16T08:45:14.370334+00:00,Tampines ActiveSG Gym,57%
2026-09-16T08:45:14.370334+00:00,Woodlands ActiveSG Gym,27%
2026-09-16T08:45:14.370334+00:00,Yio Chu Kang ActiveSG Gym,48%
2026-09-16T08:45:14.370334+00:00,Yishun ActiveSG Gym,37%
2026-09-16T09:00:14.314520+00:00,ActiveSG Gym @ Ang Mo Kio Community Centre,32%
2026-09-16T09:00:14.314520+00:00,ActiveSG Gym @ Enabling Village,29%
2026-09-16T09:00:14.314520+00:00,ActiveSG Gym @ Fernvale Square,48%
2026-09-16T09:00:14.314520+00:00,ActiveSG Gym @ Serangoon Central,33%
2026-09-16T09:00:14.314520+00:00,ActiveSG Gym @ Toa Payoh,55%
2026-09-16T09:00:14.314520+00:00,ActiveSG Gym @ Toa Payoh West Community Centre,24%
2026-09-16T09:00:14.314520+00:00,ActiveSG Hockey Village @ Boon Lay Gym,21%
2026-09-16T09:00:14.314520+00:00,ActiveSG Sport Park @ Teck Ghee ActiveSG Gym,22%
2026-09-16T09:00:14.314520+00:00,Bishan ActiveSG Gym,59%
2026-09-16T09:00:14.314520+00:00,Bukit Batok ActiveSG Gym,50%
2026-09-16T09:00:14.314520+00:00,Bukit Canberra ActiveSG Gym,40%
2026-09-16T09:00:14.314520+00:00,Bukit Gombak ActiveSG Gym,58%
2026-09-16T09:00:14.314520+00:00,Choa Chu Kang ActiveSG Gym,54%
2026-09-16T09:00:14.314520+00:00,Clementi ActiveSG Gym,56%
2026-09-16T09:00:14.314520+00:00,Delta ActiveSG Gym,38%
2026-09-16T09:00:14.314520+00:00,Heartbeat @ Bedok ActiveSG Gym,43%
2026-09-16T09:00:14.314520+00:00,Hougang ActiveSG Gym,46%
2026-09-16T09:00:14.314520+00:00,Jalan Besar ActiveSG Gym,64%
2026-09-16T09:00:14.314520+00:00,Jurong East ActiveSG Gym,27%
2026-09-16T09:00:14.314520+00:00,Jurong Lake Gardens ActiveSG Gym,26%
2026-09-16T09:00:14.314520+00:00,Jurong West ActiveSG Gym,27%
2026-09-16T09:00:14.314520+00:00,Katong ActiveSG Gym,38%
2026-09-16T09:00:14.314520+00:00,Pasir Ris ActiveSG Gym,34%
2026-09-16T09:00:14.314520+00:00,Queenstown ActiveSG Gym,46%
2026-09-16T09:00:14.314520+00:00,Sengkang ActiveSG Gym,76%
2026-09-16T09:00:14.314520+00:00,Senja-Cashew ActiveSG Gym,77%
2026-09-16T09:00:14.314520+00:00,Tampines ActiveSG Gym,59%
2026-09-16T09:00:14.314520+00:00,Woodlands ActiveSG Gym,28%
2026-09-16T09:00:14.314520+00:00,Yio Chu Kang ActiveSG Gym,44%
2026-09-16T09:00:14.314520+00:00,Yishun ActiveSG Gym,32%
2026-09-16T09:15:14.034981+00:00,ActiveSG Gym @ Ang Mo Kio Community Centre,38%
2026-09-16T09:15:14.034981+00:00,ActiveSG Gym @ Enabling Village,22%
2026-09-16T09:15:14.034981+00:00,ActiveSG Gym @ Fernvale Square,47%
2026-09-16T09:15:14.034981+00:00,ActiveSG Gym @ Serangoon Central,30%
2026-09-16T09:15:14.034981+00:00,ActiveSG Gym @ Toa Payoh,56%
2026-09-16T09:15:14.034981+00:00,ActiveSG Gym @ Toa Payoh West Community Centre,25%
2026-09-16T09:15:14.034981+00:00,ActiveSG Hockey Village @ Boon Lay Gym,24%
2026-09-16T09:15:14.034981+00:00,ActiveSG Sport Park @ Teck Ghee ActiveSG Gym,22%
2026-09-16T09:15:14.034981+00:00,Bishan ActiveSG Gym,60%
2026-09-16T09:15:14.034981+00:00,Bukit Batok ActiveSG Gym,48%
2026-09-16T09:15:14.034981+00:00,Bukit Canberra ActiveSG Gym,40%
2026-09-16T09:15:14.034981+00:00,Bukit Gombak ActiveSG Gym,66%
2026-09-16T09:15:14.034981+00:00,Choa Chu Kang ActiveSG Gym,52%
2026-09-16T09:15:14.034981+00:00,Clementi ActiveSG Gym,56%
2026-09-16T09:15:14.034981+00:00,Delta ActiveSG Gym,43%
2026-09-16T09:15:14.034981+00:00,Heartbeat @ Bedok ActiveSG Gym,44%
2026-09-16T09:15:14.034981+00:00,Hougang ActiveSG Gym,46%
2026-09-16T09:15:14.034981+00:00,Jalan Besar ActiveSG Gym,55%
2026-09-16T09:15:14.034981+00:00,Jurong East ActiveSG Gym,26%
2026-09-16T09:15:14.034981+00:00,Jurong Lake Gardens ActiveSG Gym,26%
2026-09-16T09:15:14.034981+00:00,Jurong West ActiveSG Gym,27%
2026-09-16T09:15:14.034981+00:00,Katong ActiveSG Gym,35%
2026-09-16T09:15:14.034981+00:00,Pasir Ris ActiveSG Gym,32%
2026-09-16T09:15:14.034981+00:00,Queenstown ActiveSG Gym,50%
2026-09-16T09:15:14.034981+00:00,Sengkang ActiveSG Gym,70%
2026-09-16T09:15:14.034981+00:00,Senja-Cashew ActiveSG Gym,77%
2026-09-16T09:15:14.034981+00:00,Tampines ActiveSG Gym,59%
2026-09-16T09:15:14.034981+00:00,Woodlands ActiveSG Gym,28%
2026-09-16T09:15:14.034981+00:00,Yio Chu Kang ActiveSG Gym,40%
2026-09-16T09:15:14.034981+00:00,Yishun ActiveSG Gym,37%
2026-09-16T09:30:11.508133+00:00,ActiveSG Gym @ Ang Mo Kio Community Centre,38%
2026-09-16T09:30:11.508133+00:00,ActiveSG Gym @ Enabling Village,29%
2026-09-16T09:30:11.508133+00:00,ActiveSG Gym @ Fernvale Square,55%
2026-09-16T09:30:11.508133+00:00,ActiveSG Gym @ Serangoon Central,43%
2026-09-16T09:30:11.508133+00:00,ActiveSG Gym @ Toa Payoh,63%
2026-09-16T09:30:11.508133+00:00,ActiveSG Gym @ Toa Payoh West Community Centre,25%
2026-09-16T09:30:11.508133+00:00,ActiveSG Hockey Village @ Boon Lay Gym,24%
2026-09-16T09:30:11.508133+00:00,ActiveSG Sport Park @ Teck Ghee ActiveSG Gym,23%
2026-09-16T09:30:11.508133+00:00,Bishan ActiveSG Gym,60%
2026-09-16T09:30:11.508133+00:00,Bukit Batok ActiveSG Gym,40%
2026-09-16T09:30:11.508133+00:00,Bukit Canberra ActiveSG Gym,42%
2026-09-16T09:30:11.508133+00:00,Bukit Gombak ActiveSG Gym,60%
2026-09-16T09:30:11.508133+00:00,Choa Chu Kang ActiveSG Gym,49%
2026-09-16T09:30:11.508133+00:00,Clementi ActiveSG Gym,58%
2026-09-16T09:30:11.508133+00:00,Delta ActiveSG Gym,44%
2026-09-16T09:30:11.508133+00:00,Heartbeat @ Bedok ActiveSG Gym,45%
2026-09-16T09:30:11.508133+00:00,Hougang ActiveSG Gym,50%
2026-09-16T09:30:11.508133+00:00,Jalan Besar ActiveSG Gym,51%
2026-09-16T09:30:11.508133+00:00,Jurong East ActiveSG Gym,31%
2026-09-16T09:30:11.508133+00:00,Jurong Lake Gardens ActiveSG Gym,26%
2026-09-16T09:30:11.508133+00:00,Jurong West ActiveSG Gym,27%
2026-09-16T09:30:11.508133+00:00,Katong ActiveSG Gym,31%
2026-09-16T09:30:11.508133+00:00,Pasir Ris ActiveSG Gym,25%
2026-09-16T09:30:11.508133+00:00,Queenstown ActiveSG Gym,50%
2026-09-16T09:30:11.508133+00:00,Sengkang ActiveSG Gym,66%
2026-09-16T09:30:11.508133+00:00,Senja-Cashew ActiveSG Gym,77%
2026-09-16T09:30:11.508133+00:00,Tampines ActiveSG Gym,63%
2026-09-16T09:30:11.508133+00:00,Woodlands ActiveSG Gym,31%
2026-09-16T09:30:11.508133+00:00,Yio Chu Kang ActiveSG Gym,43%
2026-09-16T09:30:11.508133+00:00,Yishun ActiveSG Gym,38%
2026-09-16T09:45:14.092291+00:00,ActiveSG Gym @ Ang Mo Kio Community Centre,42%
2026-09-16T09:45:14.092291+00:00,ActiveSG Gym @ Enabling Village,31%
2026-09-16T09:45:14.092291+00:00,ActiveSG Gym @ Fernvale Square,50%
2026-09-16T09:45:14.092291+00:00,ActiveSG Gym @ Serangoon Central,43%
2026-09-16T09:45:14.092291+00:00,ActiveSG Gym @ Toa Payoh,64%
2026-09-16T09:45:14.092291+00:00,ActiveSG Gym @ Toa Payoh West Community Centre,25%
2026-09-16T09:45:14.092291+00:00,ActiveSG Hockey Village @ Boon Lay Gym,29%
2026-09-16T09:45:14.092291+00:00,ActiveSG Sport Park @ Teck Ghee ActiveSG Gym,25%
2026-09-16T09:45:14.092291+00:00,Bishan ActiveSG Gym,60%
2026-09-16T09:45:14.092291+00:00,Bukit Batok ActiveSG Gym,35%
2026-09-16T09:45:14.092291+00:00,Bukit Canberra ActiveSG Gym,45%
2026-09-16T09:45:14.092291+00:00,Bukit Gombak ActiveSG Gym,61%
2026-09-16T09:45:14.092291+00:00,Choa Chu Kang ActiveSG Gym,52%
2026-09-16T09:45:14.092291+00:00,Clementi ActiveSG Gym,60%
2026-09-16T09:45:14.092291+00:00,Delta ActiveSG Gym,48%
2026-09-16T09:45:14.092291+00:00,Heartbeat @ Bedok ActiveSG Gym,49%
2026-09-16T09:45:14.092291+00:00,Hougang ActiveSG Gym,55%
2026-09-16T09:45:14.092291+00:00,Jalan Besar ActiveSG Gym,54%
2026-09-16T09:45:14.092291+00:00,Jurong East ActiveSG Gym,35%
2026-09-16T09:45:14.092291+00:00,Jurong Lake Gardens ActiveSG Gym,26%
2026-09-16T09:45:14.092291+00:00,Jurong West ActiveSG Gym,27%
2026-09-16T09:45:14.092291+00:00,Katong ActiveSG Gym,38%
2026-09-16T09:45:14.092291+00:00,Pasir Ris ActiveSG Gym,27%
2026-09-16T09:45:14.092291+00:00,Queenstown ActiveSG Gym,55%
2026-09-16T09:45:14.092291+00:00,Sengkang ActiveSG Gym,72%
2026-09-16T09:45:14.092291+00:00,Senja-Cashew ActiveSG Gym,74%
2026-09-16T09:45:14.092291+00:00,Tampines ActiveSG Gym,62%
2026-09-16T09:45:14.092291+00:00,Woodlands ActiveSG Gym,36%
2026-09-16T09:45:14.092291+00:00,Yio Chu Kang ActiveSG Gym,30%
2026-09-16T09:45:14.092291+00:00,Yishun ActiveSG Gym,37%
2026-09-16T10:00:13.866547+00:00,ActiveSG Gym @ Ang Mo Kio Community Centre,45%
2026-09-16T10:00:13.866547+00:00,ActiveSG Gym @ Enabling Village,31%
2026-09-16T10:00:13.866547+00:00,ActiveSG Gym @ Fernvale Square,48%
2026-09-16T10:00:13.866547+00:00,ActiveSG Gym @ Serangoon Central,47%
2026-09-16T10:00:13.866547+00:00,ActiveSG Gym @ Toa Payoh,69%
2026-09-16T10:00:13.866547+00:00,ActiveSG Gym @ Toa Payoh West Community Centre,28%
2026-09-16T10:00:13.866547+00:00,ActiveSG Hockey Village @ Boon Lay Gym,30%
2026-09-16T10:00:13.866547+00:00,ActiveSG Sport Park @ Teck Ghee ActiveSG Gym,32%
2026-09-16T10:00:13.866547+00:00,Bishan ActiveSG Gym,64%
2026-09-16T10:00:13.866547+00:00,Bukit Batok ActiveSG Gym,38%
2026-09-16T10:00:13.866547+00:00,Bukit Canberra ActiveSG Gym,46%
2026-09-16T10:00:13.866547+00:00,Bukit Gombak ActiveSG Gym,63%
2026-09-16T10:00:13.866547+00:00,Choa Chu Kang ActiveSG Gym,57%
2026-09-16T10:00:13.866547+00:00,Clementi ActiveSG Gym,63%
2026-09-16T10:00:13.866547+00:00,Delta ActiveSG Gym,47%
2026-09-16T10:00:13.866547+00:00,Heartbeat @ Bedok ActiveSG Gym,51%
2026-09-16T10:00:13.866547+00:00,Hougang ActiveSG Gym,56%
2026-09-16T10:00:13.866547+00:00,Jalan Besar ActiveSG Gym,55%
2026-09-16T10:00:13.866547+00:00,Jurong East ActiveSG Gym,35%
2026-09-16T10:00:13.866547+00:00,Jurong Lake Gardens ActiveSG Gym,27%
2026-09-16T10:00:13.866547+00:00,Jurong West ActiveSG Gym,27%
2026-09-16T10:00:13.866547+00:00,Katong ActiveSG Gym,32%
2026-09-16T10:00:13.866547+00:00,Pasir Ris ActiveSG Gym,32%
2026-09-16T10:00:13.866547+00:00,Queenstown ActiveSG Gym,60%
2026-09-16T10:00:13.866547+00:00,Sengkang ActiveSG Gym,66%
2026-09-16T10:00:13.866547+00:00,Senja-Cashew ActiveSG Gym,80%
2026-09-16T10:00:13.866547+00:00,Tampines ActiveSG Gym,60%
2026-09-16T10:00:13.866547+00:00,Woodlands ActiveSG Gym,42%
2026-09-16T10:00:13.866547+00:00,Yio Chu Kang ActiveSG Gym,32%
2026-09-16T10:00:13.866547+00:00,Yishun ActiveSG Gym,43%
2026-09-16T10:15:14.041751+00:00,ActiveSG Gym @ Ang Mo Kio Community Centre,50%
2026-09-16T10:15:14.041751+00:00,ActiveSG Gym @ Enabling Village,33%
2026-09-16T10:15:14.041751+00:00,ActiveSG Gym @ Fernvale Square,45%
2026-09-16T10:15:14.041751+00:00,ActiveSG Gym @ Serangoon Central,50%
2026-09-16T10:15:14.041751+00:00,ActiveSG Gym @ Toa Payoh,69%
2026-09-16T10:15:14.041751+00:00,ActiveSG Gym @ Toa Payoh West Community Centre,28%
2026-09-16T10:15:14.041751+00:00,ActiveSG Hockey Village @ Boon Lay Gym,32%
2026-09-16T10:15:14.041751+00:00,ActiveSG Sport Park @ Teck Ghee ActiveSG Gym,32%
2026-09-16T10:15:14.041751+00:00,Bishan ActiveSG Gym,68%
2026-09-16T10:15:14.041751+00:00,Bukit Batok ActiveSG Gym,43%
2026-09-16T10:15:14.041751+00:00,Bukit Canberra ActiveSG Gym,46%
2026-09-16T10:15:14.041751+00:00,Bukit Gombak ActiveSG Gym,71%
2026-09-16T10:15:14.041751+00:00,Choa Chu Kang ActiveSG Gym,65%
2026-09-16T10:15:14.041751+00:00,Clementi ActiveSG Gym,67%
2026-09-16T10:15:14.041751+00:00,Delta ActiveSG Gym,41%
2026-09-16T10:15:14.041751+00:00,Heartbeat @ Bedok ActiveSG Gym,54%
2026-09-16T10:15:14.041751+00:00,Hougang ActiveSG Gym,53%
2026-09-16T10:15:14.041751+00:00,Jalan Besar ActiveSG Gym,59%
2026-09-16T10:15:14.041751+00:00,Jurong East ActiveSG Gym,35%
2026-09-16T10:15:14.041751+00:00,Jurong Lake Gardens ActiveSG Gym,27%
2026-09-16T10:15:14.041751+00:00,Jurong West ActiveSG Gym,27%
2026-09-16T10:15:14.041751+00:00,Katong ActiveSG Gym,51%
2026-09-16T10:15:14.041751+00:00,Pasir Ris ActiveSG Gym,36%
2026-09-16T10:15:14.041751+00:00,Queenstown ActiveSG Gym,64%
2026-09-16T10:15:14.041751+00:00,Sengkang ActiveSG Gym,78%
2026-09-16T10:15:14.041751+00:00,Senja-Cashew ActiveSG Gym,68%
2026-09-16T10:15:14.041751+00:00,Tampines ActiveSG Gym,64%
2026-09-16T10:15:14.041751+00:00,Woodlands ActiveSG Gym,48%
2026-09-16T10:15:14.041751+00:00,Yio Chu Kang ActiveSG Gym,43%
2026-09-16T10:15:14.041751+00:00,Yishun ActiveSG Gym,49%
2026-09-16T10:30:13.700250+00:00,ActiveSG Gym @ Ang Mo Kio Community Centre,52%
2026-09-16T10:30:13.700250+00:00,ActiveSG Gym @ Enabling Village,42%
2026-09-16T10:30:13.700250+00:00,ActiveSG Gym @ Fernvale Square,43%
2026-09-16T10:30:13.700250+00:00,ActiveSG Gym @ Serangoon Central,43%
2026-09-16T10:30:13.700250+00:00,ActiveSG Gym @ Toa Payoh,72%
2026-09-16T10:30:13.700250+00:00,ActiveSG Gym @ Toa Payoh West Community Centre,17%
2026-09-16T10:30:13.700250+00:00,ActiveSG Hockey Village @ Boon Lay Gym,31%
2026-09-16T10:30:13.700250+00:00,ActiveSG Sport Park @ Teck Ghee ActiveSG Gym,32%
2026-09-16T10:30:13.700250+00:00,Bishan ActiveSG Gym,68%
2026-09-16T10:30:13.700250+00:00,Bukit Batok ActiveSG Gym,60%
2026-09-16T10:30:13.700250+00:00,Bukit Canberra ActiveSG Gym,52%
2026-09-16T10:30:13.700250+00:00,Bukit Gombak ActiveSG Gym,74%
2026-09-16T10:30:13.700250+00:00,Choa Chu Kang ActiveSG Gym,75%
2026-09-16T10:30:13.700250+00:00,Clementi ActiveSG Gym,75%
2026-09-16T10:30:13.700250+00:00,Delta ActiveSG Gym,43%
2026-09-16T10:30:13.700250+00:00,Heartbeat @ Bedok ActiveSG Gym,50%
2026-09-16T10:30:13.700250+00:00,Hougang ActiveSG Gym,57%
2026-09-16T10:30:13.700250+00:00,Jalan Besar ActiveSG Gym,68%
2026-09-16T10:30:13.700250+00:00,Jurong East ActiveSG Gym,31%
2026-09-16T10:30:13.700250+00:00,Jurong Lake Gardens ActiveSG Gym,27%
2026-09-16T10:30:13.700250+00:00,Jurong West ActiveSG Gym,27%
2026-09-16T10:30:13.700250+00:00,Katong ActiveSG Gym,60%
2026-09-16T10:30:13.700250+00:00,Pasir Ris ActiveSG Gym,45%
2026-09-16T10:30:13.700250+00:00,Queenstown ActiveSG Gym,64%
2026-09-16T10:30:13.700250+00:00,Sengkang ActiveSG Gym,84%
2026-09-16T10:30:13.700250+00:00,Senja-Cashew ActiveSG Gym,69%
2026-09-16T10:30:13.700250+00:00,Tampines ActiveSG Gym,68%
2026-09-16T10:30:13.700250+00:00,Woodlands ActiveSG Gym,46%
2026-09-16T10:30:13.700250+00:00,Yio Chu Kang ActiveSG Gym,48%
2026-09-16T10:30:13.700250+00:00,Yishun ActiveSG Gym,45%
2026-09-16T10:45:14.402045+00:00,ActiveSG Gym @ Ang Mo Kio Community Centre,63%
2026-09-16T10:45:14.402045+00:00,ActiveSG Gym @ Enabling Village,44%
2026-09-16T10:45:14.402045+00:00,ActiveSG Gym @ Fernvale Square,50%
2026-09-16T10:45:14.402045+00:00,ActiveSG Gym @ Serangoon Central,67%
2026-09-16T10:45:14.402045+00:00,ActiveSG Gym @ Toa Payoh,84%
2026-09-16T10:45:14.402045+00:00,ActiveSG Gym @ Toa Payoh West Community Centre,17%
2026-09-16T10:45:14.402045+00:00,ActiveSG Hockey Village @ Boon Lay Gym,33%
2026-09-16T10:45:14.402045+00:00,ActiveSG Sport Park @ Teck Ghee ActiveSG Gym,35%
2026-09-16T10:45:14.402045+00:00,Bishan ActiveSG Gym,68%
2026-09-16T10:45:14.402045+00:00,Bukit Batok ActiveSG Gym,68%
2026-09-16T10:45:14.402045+00:00,Bukit Canberra ActiveSG Gym,53%
2026-09-16T10:45:14.402045+00:00,Bukit Gombak ActiveSG Gym,73%
2026-09-16T10:45:14.402045+00:00,Choa Chu Kang ActiveSG Gym,83%
2026-09-16T10:45:14.402045+00:00,Clementi ActiveSG Gym,83%
2026-09-16T10:45:14.402045+00:00,Delta ActiveSG Gym,42%
2026-09-16T10:45:14.402045+00:00,Heartbeat @ Bedok ActiveSG Gym,56%
2026-09-16T10:45:14.402045+00:00,Hougang ActiveSG Gym,55%
2026-09-16T10:45:14.402045+00:00,Jalan Besar ActiveSG Gym,73%
2026-09-16T10:45:14.402045+00:00,Jurong East ActiveSG Gym,39%
2026-09-16T10:45:14.402045+00:00,Jurong Lake Gardens ActiveSG Gym,28%
2026-09-16T10:45:14.402045+00:00,Jurong West ActiveSG Gym,27%
2026-09-16T10:45:14.402045+00:00,Katong ActiveSG Gym,69%
2026-09-16T10:45:14.402045+00:00,Pasir Ris ActiveSG Gym,59%
2026-09-16T10:45:14.402045+00:00,Queenstown ActiveSG Gym,73%
2026-09-16T10:45:14.402045+00:00,Sengkang ActiveSG Gym,88%
2026-09-16T10:45:14.402045+00:00,Senja-Cashew ActiveSG Gym,62%
2026-09-16T10:45:14.402045+00:00,Tampines ActiveSG Gym,74%
2026-09-16T10:45:14.402045+00:00,Woodlands ActiveSG Gym,50%
2026-09-16T10:45:14.402045+00:00,Yio Chu Kang ActiveSG Gym,48%
2026-09-16T10:45:14.402045+00:00,Yishun ActiveSG Gym,46%
2026-09-16T11:00:12.066683+00:00,ActiveSG Gym @ Ang Mo Kio Community Centre,63%
2026-09-16T11:00:12.066683+00:00,ActiveSG Gym @ Enabling Village,33%
2026-09-16T11:00:12.066683+00:00,ActiveSG Gym @ Fernvale Square,40%
2026-09-16T11:00:12.066683+00:00,ActiveSG Gym @ Serangoon Central,70%
2026-09-16T11:00:12.066683+00:00,ActiveSG Gym @ Toa Payoh,84%
2026-09-16T11:00:12.066683+00:00,ActiveSG Gym @ Toa Payoh West Community Centre,21%
2026-09-16T11:00:12.066683+00:00,ActiveSG Hockey Village @ Boon Lay Gym,33%
2026-09-16T11:00:12.066683+00:00,ActiveSG Sport Park @ Teck Ghee ActiveSG Gym,36%
2026-09-16T11:00:12.066683+00:00,Bishan ActiveSG Gym,68%
2026-09-16T11:00:12.066683+00:00,Bukit Batok ActiveSG Gym,70%
2026-09-16T11:00:12.066683+00:00,Bukit Canberra ActiveSG Gym,62%
2026-09-16T11:00:12.066683+00:00,Bukit Gombak ActiveSG Gym,77%
2026-09-16T11:00:12.066683+00:00,Choa Chu Kang ActiveSG Gym,86%
2026-09-16T11:00:12.066683+00:00,Clementi ActiveSG Gym,83%
2026-09-16T11:00:12.066683+00:00,Delta ActiveSG Gym,50%
2026-09-16T11:00:12.066683+00:00,Heartbeat @ Bedok ActiveSG Gym,57%
2026-09-16T11:00:12.066683+00:00,Hougang ActiveSG Gym,52%
2026-09-16T11:00:12.066683+00:00,Jalan Besar ActiveSG Gym,84%
2026-09-16T11:00:12.066683+00:00,Jurong East ActiveSG Gym,44%
2026-09-16T11:00:12.066683+00:00,Jurong Lake Gardens ActiveSG Gym,28%
2026-09-16T11:00:12.066683+00:00,Jurong West ActiveSG Gym,27%
2026-09-16T11:00:12.066683+00:00,Katong ActiveSG Gym,69%
2026-09-16T11:00:12.066683+00:00,Pasir Ris ActiveSG Gym,61%
2026-09-16T11:00:12.066683+00:00,Queenstown ActiveSG Gym,77%
2026-09-16T11:00:12.066683+00:00,Sengkang ActiveSG Gym,98%
2026-09-16T11:00:12.066683+00:00,Senja-Cashew ActiveSG Gym,71%
2026-09-16T11:00:12.066683+00:00,Tampines ActiveSG Gym,73%
2026-09-16T11:00:12.066683+00:00,Woodlands ActiveSG Gym,46%
2026-09-16T11:00:12.066683+00:00,Yio Chu Kang ActiveSG Gym,57%
2026-09-16T11:00:12.066683+00:00,Yishun ActiveSG Gym,51%
2026-09-16T11:15:14.435098+00:00,ActiveSG Gym @ Ang Mo Kio Community Centre,70%
2026-09-16T11:15:14.435098+00:00,ActiveSG Gym @ Enabling Village,36%
2026-09-16T11:15:14.435098+00:00,ActiveSG Gym @ Fernvale Square,38%
2026-09-16T11:15:14.435098+00:00,ActiveSG Gym @ Serangoon Central,77%
2026-09-16T11:15:14.435098+00:00,ActiveSG Gym @ Toa Payoh,89%
2026-09-16T11:15:14.435098+00:00,ActiveSG Gym @ Toa Payoh West Community Centre,24%
2026-09-16T11:15:14.435098+00:00,ActiveSG Hockey Village @ Boon Lay Gym,33%
2026-09-16T11:15:14.435098+00:00,ActiveSG Sport Park @ Teck Ghee ActiveSG Gym,36%
2026-09-16T11:15:14.435098+00:00,Bishan ActiveSG Gym,80%
2026-09-16T11:15:14.435098+00:00,Bukit Batok ActiveSG Gym,73%
2026-09-16T11:15:14.435098+00:00,Bukit Canberra ActiveSG Gym,64%
2026-09-16T11:15:14.435098+00:00,Bukit Gombak ActiveSG Gym,77%
2026-09-16T11:15:14.435098+00:00,Choa Chu Kang ActiveSG Gym,90%
2026-09-16T11:15:14.435098+00:00,Clementi ActiveSG Gym,86%
2026-09-16T11:15:14.435098+00:00,Delta ActiveSG Gym,60%
2026-09-16T11:15:14.435098+00:00,Heartbeat @ Bedok ActiveSG Gym,59%
2026-09-16T11:15:14.435098+00:00,Hougang ActiveSG Gym,57%
2026-09-16T11:15:14.435098+00:00,Jalan Besar ActiveSG Gym,91%
2026-09-16T11:15:14.435098+00:00,Jurong East ActiveSG Gym,45%
2026-09-16T11:15:14.435098+00:00,Jurong Lake Gardens ActiveSG Gym,29%
2026-09-16T11:15:14.435098+00:00,Jurong West ActiveSG Gym,36%
2026-09-16T11:15:14.435098+00:00,Katong ActiveSG Gym,52%
2026-09-16T11:15:14.435098+00:00,Pasir Ris ActiveSG Gym,61%
2026-09-16T11:15:14.435098+00:00,Queenstown ActiveSG Gym,80%
2026-09-16T11:15:14.435098+00:00,Sengkang ActiveSG Gym,81%
2026-09-16T11:15:14.435098+00:00,Senja-Cashew ActiveSG Gym,71%
2026-09-16T11:15:14.435098+00:00,Tampines ActiveSG Gym,76%
2026-09-16T11:15:14.435098+00:00,Woodlands ActiveSG Gym,53%
2026-09-16T11:15:14.435098+00:00,Yio Chu Kang ActiveSG Gym,58%
2026-09-16T11:15:14.435098+00:00,Yishun ActiveSG Gym,56%
2026-09-16T11:30:11.855404+00:00,ActiveSG Gym @ Ang Mo Kio Community Centre,58%
2026-09-16T11:30:11.855404+00:00,ActiveSG Gym @ Enabling Village,49%
2026-09-16T11:30:11.855404+00:00,ActiveSG Gym @ Fernvale Square,55%
2026-09-16T11:30:11.855404+00:00,ActiveSG Gym @ Serangoon Central,90%
2026-09-16T11:30:11.855404+00:00,ActiveSG Gym @ Toa Payoh,90%
2026-09-16T11:30:11.855404+00:00,ActiveSG Gym @ Toa Payoh West Community Centre,32%
2026-09-16T11:30:11.855404+00:00,ActiveSG Hockey Village @ Boon Lay Gym,34%
2026-09-16T11:30:11.855404+00:00,ActiveSG Sport Park @ Teck Ghee ActiveSG Gym,42%
2026-09-16T11:30:11.855404+00:00,Bishan ActiveSG Gym,76%
2026-09-16T11:30:11.855404+00:00,Bukit Batok ActiveSG Gym,73%
2026-09-16T11:30:11.855404+00:00,Bukit Canberra ActiveSG Gym,64%
2026-09-16T11:30:11.855404+00:00,Bukit Gombak ActiveSG Gym,77%
2026-09-16T11:30:11.855404+00:00,Choa Chu Kang ActiveSG Gym,93%
2026-09-16T11:30:11.855404+00:00,Clementi ActiveSG Gym,80%
2026-09-16T11:30:11.855404+00:00,Delta ActiveSG Gym,60%
2026-09-16T11:30:11.855404+00:00,Heartbeat @ Bedok ActiveSG Gym,55%
2026-09-16T11:30:11.855404+00:00,Hougang ActiveSG Gym,61%
2026-09-16T11:30:11.855404+00:00,Jalan Besar ActiveSG Gym,89%
2026-09-16T11:30:11.855404+00:00,Jurong East ActiveSG Gym,44%
2026-09-16T11:30:11.855404+00:00,Jurong Lake Gardens ActiveSG Gym,30%
2026-09-16T11:30:11.855404+00:00,Jurong West ActiveSG Gym,36%
2026-09-16T11:30:11.855404+00:00,Katong ActiveSG Gym,49%
2026-09-16T11:30:11.855404+00:00,Pasir Ris ActiveSG Gym,60%
2026-09-16T11:30:11.855404+00:00,Queenstown ActiveSG Gym,83%
2026-09-16T11:30:11.855404+00:00,Sengkang ActiveSG Gym,78%
2026-09-16T11:30:11.855404+00:00,Senja-Cashew ActiveSG Gym,72%
2026-09-16T11:30:11.855404+00:00,Tampines ActiveSG Gym,76%
2026-09-16T11:30:11.855404+00:00,Woodlands ActiveSG Gym,53%
2026-09-16T11:30:11.855404+00:00,Yio Chu Kang ActiveSG Gym,70%
2026-09-16T11:30:11.855404+00:00,Yishun ActiveSG Gym,68%
2026-09-16T11:37:19.268443+00:00,ActiveSG Gym @ Ang Mo Kio Community Centre,58%
2026-09-16T11:37:19.268443+00:00,ActiveSG Gym @ Enabling Village,47%
2026-09-16T11:37:19.268443+00:00,ActiveSG Gym @ Fernvale Square,60%
2026-09-16T11:37:19.268443+00:00,ActiveSG Gym @ Serangoon Central,97%
2026-09-16T11:37:19.268443+00:00,ActiveSG Gym @ Toa Payoh,90%
2026-09-16T11:37:19.268443+00:00,ActiveSG Gym @ Toa Payoh West Community Centre,40%
2026-09-16T11:37:19.268443+00:00,ActiveSG Hockey Village @ Boon Lay Gym,35%
2026-09-16T11:37:19.268443+00:00,ActiveSG Sport Park @ Teck Ghee ActiveSG Gym,42%
2026-09-16T11:37:19.268443+00:00,Bishan ActiveSG Gym,76%
2026-09-16T11:37:19.268443+00:00,Bukit Batok ActiveSG Gym,68%
2026-09-16T11:37:19.268443+00:00,Bukit Canberra ActiveSG Gym,64%
2026-09-16T11:37:19.268443+00:00,Bukit Gombak ActiveSG Gym,77%
2026-09-16T11:37:19.268443+00:00,Choa Chu Kang ActiveSG Gym,88%
2026-09-16T11:37:19.268443+00:00,Clementi ActiveSG Gym,75%
2026-09-16T11:37:19.268443+00:00,Delta ActiveSG Gym,61%
2026-09-16T11:37:19.268443+00:00,Heartbeat @ Bedok ActiveSG Gym,53%
2026-09-16T11:37:19.268443+00:00,Hougang ActiveSG Gym,59%
2026-09-16T11:37:19.268443+00:00,Jalan Besar ActiveSG Gym,82%
2026-09-16T11:37:19.268443+00:00,Jurong East ActiveSG Gym,44%
2026-09-16T11:37:19.268443+00:00,Jurong Lake Gardens ActiveSG Gym,30%
2026-09-16T11:37:19.268443+00:00,Jurong West ActiveSG Gym,36%
2026-09-16T11:37:19.268443+00:00,Katong ActiveSG Gym,58%
2026-09-16T11:37:19.268443+00:00,Pasir Ris ActiveSG Gym,59%
2026-09-16T11:37:19.268443+00:00,Queenstown ActiveSG Gym,82%
2026-09-16T11:37:19.268443+00:00,Sengkang ActiveSG Gym,73%
2026-09-16T11:37:19.268443+00:00,Senja-Cashew ActiveSG Gym,66%
2026-09-16T11:37:19.268443+00:00,Tampines ActiveSG Gym,75%
2026-09-16T11:37:19.268443+00:00,Woodlands ActiveSG Gym,56%
2026-09-16T11:37:19.268443+00:00,Yio Chu Kang ActiveSG Gym,71%
2026-09-16T11:37:19.268443+00:00,Yishun ActiveSG Gym,70%
2026-09-16T11:45:14.471042+00:00,ActiveSG Gym @ Ang Mo Kio Community Centre,58%
2026-09-16T11:45:14.471042+00:00,ActiveSG Gym @ Enabling Village,33%
2026-09-16T11:45:14.471042+00:00,ActiveSG Gym @ Fernvale Square,55%
2026-09-16T11:45:14.471042+00:00,ActiveSG Gym @ Serangoon Central,90%
2026-09-16T11:45:14.471042+00:00,ActiveSG Gym @ Toa Payoh,91%
2026-09-16T11:45:14.471042+00:00,ActiveSG Gym @ Toa Payoh West Community Centre,44%
2026-09-16T11:45:14.471042+00:00,ActiveSG Hockey Village @ Boon Lay Gym,33%
2026-09-16T11:45:14.471042+00:00,ActiveSG Sport Park @ Teck Ghee ActiveSG Gym,41%
2026-09-16T11:45:14.471042+00:00,Bishan ActiveSG Gym,76%
2026-09-16T11:45:14.471042+00:00,Bukit Batok ActiveSG Gym,70%
2026-09-16T11:45:14.471042+00:00,Bukit Canberra ActiveSG Gym,64%
2026-09-16T11:45:14.471042+00:00,Bukit Gombak ActiveSG Gym,77%
2026-09-16T11:45:14.471042+00:00,Choa Chu Kang ActiveSG Gym,90%
2026-09-16T11:45:14.471042+00:00,Clementi ActiveSG Gym,86%
2026-09-16T11:45:14.471042+00:00,Delta ActiveSG Gym,62%
2026-09-16T11:45:14.471042+00:00,Heartbeat @ Bedok ActiveSG Gym,51%
2026-09-16T11:45:14.471042+00:00,Hougang ActiveSG Gym,63%
2026-09-16T11:45:14.471042+00:00,Jalan Besar ActiveSG Gym,79%
2026-09-16T11:45:14.471042+00:00,Jurong East ActiveSG Gym,47%
2026-09-16T11:45:14.471042+00:00,Jurong Lake Gardens ActiveSG Gym,30%
2026-09-16T11:45:14.471042+00:00,Jurong West ActiveSG Gym,36%
2026-09-16T11:45:14.471042+00:00,Katong ActiveSG Gym,57%
2026-09-16T11:45:14.471042+00:00,Pasir Ris ActiveSG Gym,66%
2026-09-16T11:45:14.471042+00:00,Queenstown ActiveSG Gym,84%
2026-09-16T11:45:14.471042+00:00,Sengkang ActiveSG Gym,68%
2026-09-16T11:45:14.471042+00:00,Senja-Cashew ActiveSG Gym,68%
2026-09-16T11:45:14.471042+00:00,Tampines ActiveSG Gym,75%
2026-09-16T11:45:14.471042+00:00,Woodlands ActiveSG Gym,60%
2026-09-16T11:45:14.471042+00:00,Yio Chu Kang ActiveSG Gym,61%
2026-09-16T11:45:14.471042+00:00,Yishun ActiveSG Gym,73%
2026-09-16T12:00:16.295916+00:00,ActiveSG Gym @ Ang Mo Kio Community Centre,58%
2026-09-16T12:00:16.295916+00:00,ActiveSG Gym @ Enabling Village,36%
2026-09-16T12:00:16.295916+00:00,ActiveSG Gym @ Fernvale Square,58%
2026-09-16T12:00:16.295916+00:00,ActiveSG Gym @ Serangoon Central,87%
2026-09-16T12:00:16.295916+00:00,ActiveSG Gym @ Toa Payoh,89%
2026-09-16T12:00:16.295916+00:00,ActiveSG Gym @ Toa Payoh West Community Centre,52%
2026-09-16T12:00:16.295916+00:00,ActiveSG Hockey Village @ Boon Lay Gym,35%
2026-09-16T12:00:16.295916+00:00,ActiveSG Sport Park @ Teck Ghee ActiveSG Gym,44%
2026-09-16T12:00:16.295916+00:00,Bishan ActiveSG Gym,76%
2026-09-16T12:00:16.295916+00:00,Bukit Batok ActiveSG Gym,63%
2026-09-16T12:00:16.295916+00:00,Bukit Canberra ActiveSG Gym,63%
2026-09-16T12:00:16.295916+00:00,Bukit Gombak ActiveSG Gym,77%
2026-09-16T12:00:16.295916+00:00,Choa Chu Kang ActiveSG Gym,83%
2026-09-16T12:00:16.295916+00:00,Clementi ActiveSG Gym,92%
2026-09-16T12:00:16.295916+00:00,Delta ActiveSG Gym,60%
2026-09-16T12:00:16.295916+00:00,Heartbeat @ Bedok ActiveSG Gym,54%
2026-09-16T12:00:16.295916+00:00,Hougang ActiveSG Gym,60%
2026-09-16T12:00:16.295916+00:00,Jalan Besar ActiveSG Gym,82%
2026-09-16T12:00:16.295916+00:00,Jurong East ActiveSG Gym,47%
2026-09-16T12:00:16.295916+00:00,Jurong Lake Gardens ActiveSG Gym,30%
2026-09-16T12:00:16.295916+00:00,Jurong West ActiveSG Gym,36%
2026-09-16T12:00:16.295916+00:00,Katong ActiveSG Gym,60%
2026-09-16T12:00:16.295916+00:00,Pasir Ris ActiveSG Gym,71%
2026-09-16T12:00:16.295916+00:00,Queenstown ActiveSG Gym,81%
2026-09-16T12:00:16.295916+00:00,Sengkang ActiveSG Gym,70%
2026-09-16T12:00:16.295916+00:00,Senja-Cashew ActiveSG Gym,66%
2026-09-16T12:00:16.295916+00:00,Tampines ActiveSG Gym,77%
2026-09-16T12:00:16.295916+00:00,Woodlands ActiveSG Gym,59%
2026-09-16T12:00:16.295916+00:00,Yio Chu Kang ActiveSG Gym,61%
2026-09-16T12:00:16.295916+00:00,Yishun ActiveSG Gym,73%
2026-09-16T12:15:16.553018+00:00,ActiveSG Gym @ Ang Mo Kio Community Centre,58%
2026-09-16T12:15:16.553018+00:00,ActiveSG Gym @ Enabling Village,36%
2026-09-16T12:15:16.553018+00:00,ActiveSG Gym @ Fernvale Square,52%
2026-09-16T12:15:16.553018+00:00,ActiveSG Gym @ Serangoon Central,73%
2026-09-16T12:15:16.553018+00:00,ActiveSG Gym @ Toa Payoh,92%
2026-09-16T12:15:16.553018+00:00,ActiveSG Gym @ Toa Payoh West Community Centre,47%
2026-09-16T12:15:16.553018+00:00,ActiveSG Hockey Village @ Boon Lay Gym,35%
2026-09-16T12:15:16.553018+00:00,ActiveSG Sport Park @ Teck Ghee ActiveSG Gym,46%
2026-09-16T12:15:16.553018+00:00,Bishan ActiveSG Gym,76%
2026-09-16T12:15:16.553018+00:00,Bukit Batok ActiveSG Gym,63%
2026-09-16T12:15:16.553018+00:00,Bukit Canberra ActiveSG Gym,62%
2026-09-16T12:15:16.553018+00:00,Bukit Gombak ActiveSG Gym,77%
2026-09-16T12:15:16.553018+00:00,Choa Chu Kang ActiveSG Gym,79%
2026-09-16T12:15:16.553018+00:00,Clementi ActiveSG Gym,95%
2026-09-16T12:15:16.553018+00:00,Delta ActiveSG Gym,59%
2026-09-16T12:15:16.553018+00:00,Heartbeat @ Bedok ActiveSG Gym,58%
2026-09-16T12:15:16.553018+00:00,Hougang ActiveSG Gym,55%
2026-09-16T12:15:16.553018+00:00,Jalan Besar ActiveSG Gym,84%
2026-09-16T12:15:16.553018+00:00,Jurong East ActiveSG Gym,54%
2026-09-16T12:15:16.553018+00:00,Jurong Lake Gardens ActiveSG Gym,30%
2026-09-16T12:15:16.553018+00:00,Jurong West ActiveSG Gym,36%
2026-09-16T12:15:16.553018+00:00,Katong ActiveSG Gym,68%
2026-09-16T12:15:16.553018+00:00,Pasir Ris ActiveSG Gym,70%
2026-09-16T12:15:16.553018+00:00,Queenstown ActiveSG Gym,78%
2026-09-16T12:15:16.553018+00:00,Sengkang ActiveSG Gym,74%
2026-09-16T12:15:16.553018+00:00,Senja-Cashew ActiveSG Gym,57%
2026-09-16T12:15:16.553018+00:00,Tampines ActiveSG Gym,73%
2026-09-16T12:15:16.553018+00:00,Woodlands ActiveSG Gym,63%
2026-09-16T12:15:16.553018+00:00,Yio Chu Kang ActiveSG Gym,48%
2026-09-16T12:15:16.553018+00:00,Yishun ActiveSG Gym,73%
2026-09-16T12:30:14.458722+00:00,ActiveSG Gym @ Ang Mo Kio Community Centre,58%
2026-09-16T12:30:14.458722+00:00,ActiveSG Gym @ Enabling Village,20%
2026-09-16T12:30:14.458722+00:00,ActiveSG Gym @ Fernvale Square,55%
2026-09-16T12:30:14.458722+00:00,ActiveSG Gym @ Serangoon Central,50%
2026-09-16T12:30:14.458722+00:00,ActiveSG Gym @ Toa Payoh,88%
2026-09-16T12:30:14.458722+00:00,ActiveSG Gym @ Toa Payoh West Community Centre,49%
2026-09-16T12:30:14.458722+00:00,ActiveSG Hockey Village @ Boon Lay Gym,36%
2026-09-16T12:30:14.458722+00:00,ActiveSG Sport Park @ Teck Ghee ActiveSG Gym,40%
2026-09-16T12:30:14.458722+00:00,Bishan ActiveSG Gym,76%
2026-09-16T12:30:14.458722+00:00,Bukit Batok ActiveSG Gym,80%
2026-09-16T12:30:14.458722+00:00,Bukit Canberra ActiveSG Gym,65%
2026-09-16T12:30:14.458722+00:00,Bukit Gombak ActiveSG Gym,77%
2026-09-16T12:30:14.458722+00:00,Choa Chu Kang ActiveSG Gym,79%
2026-09-16T12:30:14.458722+00:00,Clementi ActiveSG Gym,93%
2026-09-16T12:30:14.458722+00:00,Delta ActiveSG Gym,61%
2026-09-16T12:30:14.458722+00:00,Heartbeat @ Bedok ActiveSG Gym,57%
2026-09-16T12:30:14.458722+00:00,Hougang ActiveSG Gym,59%
2026-09-16T12:30:14.458722+00:00,Jalan Besar ActiveSG Gym,76%
2026-09-16T12:30:14.458722+00:00,Jurong East ActiveSG Gym,51%
2026-09-16T12:30:14.458722+00:00,Jurong Lake Gardens ActiveSG Gym,30%
2026-09-16T12:30:14.458722+00:00,Jurong West ActiveSG Gym,36%
2026-09-16T12:30:14.458722+00:00,Katong ActiveSG Gym,63%
2026-09-16T12:30:14.458722+00:00,Pasir Ris ActiveSG Gym,68%
2026-09-16T12:30:14.458722+00:00,Queenstown ActiveSG Gym,80%
2026-09-16T12:30:14.458722+00:00,Sengkang ActiveSG Gym,67%
2026-09-16T12:30:14.458722+00:00,Senja-Cashew ActiveSG Gym,58%
2026-09-16T12:30:14.458722+00:00,Tampines ActiveSG Gym,70%
2026-09-16T12:30:14.458722+00:00,Woodlands ActiveSG Gym,62%
2026-09-16T12:30:14.458722+00:00,Yio Chu Kang ActiveSG Gym,39%
2026-09-16T12:30:14.458722+00:00,Yishun ActiveSG Gym,70%
2026-09-16T12:45:14.454423+00:00,ActiveSG Gym @ Ang Mo Kio Community Centre,53%
2026-09-16T12:45:14.454423+00:00,ActiveSG Gym @ Enabling Village,31%
2026-09-16T12:45:14.454423+00:00,ActiveSG Gym @ Fernvale Square,58%
2026-09-16T12:45:14.454423+00:00,ActiveSG Gym @ Serangoon Central,57%
2026-09-16T12:45:14.454423+00:00,ActiveSG Gym @ Toa Payoh,85%
2026-09-16T12:45:14.454423+00:00,ActiveSG Gym @ Toa Payoh West Community Centre,37%
2026-09-16T12:45:14.454423+00:00,ActiveSG Hockey Village @ Boon Lay Gym,34%
2026-09-16T12:45:14.454423+00:00,ActiveSG Sport Park @ Teck Ghee ActiveSG Gym,40%
2026-09-16T12:45:14.454423+00:00,Bishan ActiveSG Gym,76%
2026-09-16T12:45:14.454423+00:00,Bukit Batok ActiveSG Gym,63%
2026-09-16T12:45:14.454423+00:00,Bukit Canberra ActiveSG Gym,65%
2026-09-16T12:45:14.454423+00:00,Bukit Gombak ActiveSG Gym,77%
2026-09-16T12:45:14.454423+00:00,Choa Chu Kang ActiveSG Gym,76%
2026-09-16T12:45:14.454423+00:00,Clementi ActiveSG Gym,80%
2026-09-16T12:45:14.454423+00:00,Delta ActiveSG Gym,57%
2026-09-16T12:45:14.454423+00:00,Heartbeat @ Bedok ActiveSG Gym,60%
2026-09-16T12:45:14.454423+00:00,Hougang ActiveSG Gym,56%
2026-09-16T12:45:14.454423+00:00,Jalan Besar ActiveSG Gym,68%
2026-09-16T12:45:14.454423+00:00,Jurong East ActiveSG Gym,44%
2026-09-16T12:45:14.454423+00:00,Jurong Lake Gardens ActiveSG Gym,30%
2026-09-16T12:45:14.454423+00:00,Jurong West ActiveSG Gym,36%
2026-09-16T12:45:14.454423+00:00,Katong ActiveSG Gym,55%
2026-09-16T12:45:14.454423+00:00,Pasir Ris ActiveSG Gym,65%
2026-09-16T12:45:14.454423+00:00,Queenstown ActiveSG Gym,80%
2026-09-16T12:45:14.454423+00:00,Sengkang ActiveSG Gym,69%
2026-09-16T12:45:14.454423+00:00,Senja-Cashew ActiveSG Gym,72%
2026-09-16T12:45:14.454423+00:00,Tampines ActiveSG Gym,68%
2026-09-16T12:45:14.454423+00:00,Woodlands ActiveSG Gym,69%
2026-09-16T12:45:14.454423+00:00,Yio Chu Kang ActiveSG Gym,36%
2026-09-16T12:45:14.454423+00:00,Yishun ActiveSG Gym,57%
2026-09-16T13:00:14.078499+00:00,ActiveSG Gym @ Ang Mo Kio Community Centre,50%
2026-09-16T13:00:14.078499+00:00,ActiveSG Gym @ Enabling Village,31%
2026-09-16T13:00:14.078499+00:00,ActiveSG Gym @ Fernvale Square,45%
2026-09-16T13:00:14.078499+00:00,ActiveSG Gym @ Serangoon Central,43%
2026-09-16T13:00:14.078499+00:00,ActiveSG Gym @ Toa Payoh,83%
2026-09-16T13:00:14.078499+00:00,ActiveSG Gym @ Toa Payoh West Community Centre,41%
2026-09-16T13:00:14.078499+00:00,ActiveSG Hockey Village @ Boon Lay Gym,35%
2026-09-16T13:00:14.078499+00:00,ActiveSG Sport Park @ Teck Ghee ActiveSG Gym,39%
2026-09-16T13:00:14.078499+00:00,Bishan ActiveSG Gym,76%
2026-09-16T13:00:14.078499+00:00,Bukit Batok ActiveSG Gym,65%
2026-09-16T13:00:14.078499+00:00,Bukit Canberra ActiveSG Gym,60%
2026-09-16T13:00:14.078499+00:00,Bukit Gombak ActiveSG Gym,77%
2026-09-16T13:00:14.078499+00:00,Choa Chu Kang ActiveSG Gym,71%
2026-09-16T13:00:14.078499+00:00,Clementi ActiveSG Gym,79%
2026-09-16T13:00:14.078499+00:00,Delta ActiveSG Gym,56%
2026-09-16T13:00:14.078499+00:00,Heartbeat @ Bedok ActiveSG Gym,55%
2026-09-16T13:00:14.078499+00:00,Hougang ActiveSG Gym,50%
2026-09-16T13:00:14.078499+00:00,Jalan Besar ActiveSG Gym,67%
2026-09-16T13:00:14.078499+00:00,Jurong East ActiveSG Gym,43%
2026-09-16T13:00:14.078499+00:00,Jurong Lake Gardens ActiveSG Gym,30%
2026-09-16T13:00:14.078499+00:00,Jurong West ActiveSG Gym,36%
2026-09-16T13:00:14.078499+00:00,Katong ActiveSG Gym,54%
2026-09-16T13:00:14.078499+00:00,Pasir Ris ActiveSG Gym,64%
2026-09-16T13:00:14.078499+00:00,Queenstown ActiveSG Gym,79%
2026-09-16T13:00:14.078499+00:00,Sengkang ActiveSG Gym,63%
2026-09-16T13:00:14.078499+00:00,Senja-Cashew ActiveSG Gym,77%
2026-09-16T13:00:14.078499+00:00,Tampines ActiveSG Gym,72%
2026-09-16T13:00:14.078499+00:00,Woodlands ActiveSG Gym,64%
2026-09-16T13:00:14.078499+00:00,Yio Chu Kang ActiveSG Gym,28%
2026-09-16T13:00:14.078499+00:00,Yishun ActiveSG Gym,50%
2026-09-16T13:15:14.355485+00:00,ActiveSG Gym @ Ang Mo Kio Community Centre,50%
2026-09-16T13:15:14.355485+00:00,ActiveSG Gym @ Enabling Village,33%
2026-09-16T13:15:14.355485+00:00,ActiveSG Gym @ Fernvale Square,45%
2026-09-16T13:15:14.355485+00:00,ActiveSG Gym @ Serangoon Central,43%
2026-09-16T13:15:14.355485+00:00,ActiveSG Gym @ Toa Payoh,78%
2026-09-16T13:15:14.355485+00:00,ActiveSG Gym @ Toa Payoh West Community Centre,33%
2026-09-16T13:15:14.355485+00:00,ActiveSG Hockey Village @ Boon Lay Gym,35%
2026-09-16T13:15:14.355485+00:00,ActiveSG Sport Park @ Teck Ghee ActiveSG Gym,37%
2026-09-16T13:15:14.355485+00:00,Bishan ActiveSG Gym,76%
2026-09-16T13:15:14.355485+00:00,Bukit Batok ActiveSG Gym,55%
2026-09-16T13:15:14.355485+00:00,Bukit Canberra ActiveSG Gym,53%
2026-09-16T13:15:14.355485+00:00,Bukit Gombak ActiveSG Gym,77%
2026-09-16T13:15:14.355485+00:00,Choa Chu Kang ActiveSG Gym,71%
2026-09-16T13:15:14.355485+00:00,Clementi ActiveSG Gym,74%
2026-09-16T13:15:14.355485+00:00,Delta ActiveSG Gym,56%
2026-09-16T13:15:14.355485+00:00,Heartbeat @ Bedok ActiveSG Gym,51%
2026-09-16T13:15:14.355485+00:00,Hougang ActiveSG Gym,48%
2026-09-16T13:15:14.355485+00:00,Jalan Besar ActiveSG Gym,72%
2026-09-16T13:15:14.355485+00:00,Jurong East ActiveSG Gym,39%
2026-09-16T13:15:14.355485+00:00,Jurong Lake Gardens ActiveSG Gym,27%
2026-09-16T13:15:14.355485+00:00,Jurong West ActiveSG Gym,36%
2026-09-16T13:15:14.355485+00:00,Katong ActiveSG Gym,51%
2026-09-16T13:15:14.355485+00:00,Pasir Ris ActiveSG Gym,51%
2026-09-16T13:15:14.355485+00:00,Queenstown ActiveSG Gym,41%
2026-09-16T13:15:14.355485+00:00,Sengkang ActiveSG Gym,55%
2026-09-16T13:15:14.355485+00:00,Senja-Cashew ActiveSG Gym,65%
2026-09-16T13:15:14.355485+00:00,Tampines ActiveSG Gym,66%
2026-09-16T13:15:14.355485+00:00,Woodlands ActiveSG Gym,62%
2026-09-16T13:15:14.355485+00:00,Yio Chu Kang ActiveSG Gym,28%
2026-09-16T13:15:14.355485+00:00,Yishun ActiveSG Gym,44%
2026-09-16T13:30:13.511593+00:00,ActiveSG Gym @ Ang Mo Kio Community Centre,50%
2026-09-16T13:30:13.511593+00:00,ActiveSG Gym @ Enabling Village,24%
2026-09-16T13:30:13.511593+00:00,ActiveSG Gym @ Fernvale Square,37%
2026-09-16T13:30:13.511593+00:00,ActiveSG Gym @ Serangoon Central,47%
2026-09-16T13:30:13.511593+00:00,ActiveSG Gym @ Toa Payoh,75%
2026-09-16T13:30:13.511593+00:00,ActiveSG Gym @ Toa Payoh West Community Centre,39%
2026-09-16T13:30:13.511593+00:00,ActiveSG Hockey Village @ Boon Lay Gym,33%
2026-09-16T13:30:13.511593+00:00,ActiveSG Sport Park @ Teck Ghee ActiveSG Gym,33%
2026-09-16T13:30:13.511593+00:00,Bishan ActiveSG Gym,76%
2026-09-16T13:30:13.511593+00:00,Bukit Batok ActiveSG Gym,0%
2026-09-16T13:30:13.511593+00:00,Bukit Canberra ActiveSG Gym,45%
2026-09-16T13:30:13.511593+00:00,Bukit Gombak ActiveSG Gym,0%
2026-09-16T13:30:13.511593+00:00,Choa Chu Kang ActiveSG Gym,0%
2026-09-16T13:30:13.511593+00:00,Clementi ActiveSG Gym,42%
2026-09-16T13:30:13.511593+00:00,Delta ActiveSG Gym,48%
2026-09-16T13:30:13.511593+00:00,Heartbeat @ Bedok ActiveSG Gym,45%
2026-09-16T13:30:13.511593+00:00,Hougang ActiveSG Gym,42%
2026-09-16T13:30:13.511593+00:00,Jalan Besar ActiveSG Gym,64%
2026-09-16T13:30:13.511593+00:00,Jurong East ActiveSG Gym,35%
2026-09-16T13:30:13.511593+00:00,Jurong Lake Gardens ActiveSG Gym,26%
2026-09-16T13:30:13.511593+00:00,Jurong West ActiveSG Gym,36%
2026-09-16T13:30:13.511593+00:00,Katong ActiveSG Gym,43%
2026-09-16T13:30:13.511593+00:00,Pasir Ris ActiveSG Gym,45%
2026-09-16T13:30:13.511593+00:00,Queenstown ActiveSG Gym,35%
2026-09-16T13:30:13.511593+00:00,Sengkang ActiveSG Gym,50%
2026-09-16T13:30:13.511593+00:00,Senja-Cashew ActiveSG Gym,55%
2026-09-16T13:30:13.511593+00:00,Tampines ActiveSG Gym,63%
2026-09-16T13:30:13.511593+00:00,Woodlands ActiveSG Gym,58%
2026-09-16T13:30:13.511593+00:00,Yio Chu Kang ActiveSG Gym,27%
2026-09-16T13:30:13.511593+00:00,Yishun ActiveSG Gym,40%
2026-09-16T13:45:14.279756+00:00,ActiveSG Gym @ Ang Mo Kio Community Centre,50%
2026-09-16T13:45:14.279756+00:00,ActiveSG Gym @ Enabling Village,18%
2026-09-16T13:45:14.279756+00:00,ActiveSG Gym @ Fernvale Square,30%
2026-09-16T13:45:14.279756+00:00,ActiveSG Gym @ Serangoon Central,27%
2026-09-16T13:45:14.279756+00:00,ActiveSG Gym @ Toa Payoh,68%
2026-09-16T13:45:14.279756+00:00,ActiveSG Gym @ Toa Payoh West Community Centre,12%
2026-09-16T13:45:14.279756+00:00,ActiveSG Hockey Village @ Boon Lay Gym,17%
2026-09-16T13:45:14.279756+00:00,ActiveSG Sport Park @ Teck Ghee ActiveSG Gym,34%
2026-09-16T13:45:14.279756+00:00,Bishan ActiveSG Gym,76%
2026-09-16T13:45:14.279756+00:00,Bukit Batok ActiveSG Gym,0%
2026-09-16T13:45:14.279756+00:00,Bukit Canberra ActiveSG Gym,34%
2026-09-16T13:45:14.279756+00:00,Bukit Gombak ActiveSG Gym,0%
2026-09-16T13:45:14.279756+00:00,Choa Chu Kang ActiveSG Gym,0%
2026-09-16T13:45:14.279756+00:00,Clementi ActiveSG Gym,29%
2026-09-16T13:45:14.279756+00:00,Delta ActiveSG Gym,34%
2026-09-16T13:45:14.279756+00:00,Heartbeat @ Bedok ActiveSG Gym,40%
2026-09-16T13:45:14.279756+00:00,Hougang ActiveSG Gym,40%
2026-09-16T13:45:14.279756+00:00,Jalan Besar ActiveSG Gym,61%
2026-09-16T13:45:14.279756+00:00,Jurong East ActiveSG Gym,0%
2026-09-16T13:45:14.279756+00:00,Jurong Lake Gardens ActiveSG Gym,26%
2026-09-16T13:45:14.279756+00:00,Jurong West ActiveSG Gym,0%
2026-09-16T13:45:14.279756+00:00,Katong ActiveSG Gym,0%
2026-09-16T13:45:14.279756+00:00,Pasir Ris ActiveSG Gym,29%
2026-09-16T13:45:14.279756+00:00,Queenstown ActiveSG Gym,33%
2026-09-16T13:45:14.279756+00:00,Sengkang ActiveSG Gym,38%
2026-09-16T13:45:14.279756+00:00,Senja-Cashew ActiveSG Gym,0%
2026-09-16T13:45:14.279756+00:00,Tampines ActiveSG Gym,0%
2026-09-16T13:45:14.279756+00:00,Woodlands ActiveSG Gym,58%
2026-09-16T13:45:14.279756+00:00,Yio Chu Kang ActiveSG Gym,23%
2026-09-16T13:45:14.279756+00:00,Yishun ActiveSG Gym,19%
2026-09-16T23:00:10.931010+00:00,ActiveSG Gym @ Ang Mo Kio Community Centre,0%
2026-09-16T23:00:10.931010+00:00,ActiveSG Gym @ Enabling Village,0%
2026-09-16T23:00:10.931010+00:00,ActiveSG Gym @ Fernvale Square,0%
2026-09-16T23:00:10.931010+00:00,ActiveSG Gym @ Serangoon Central,0%
2026-09-16T23:00:10.931010+00:00,ActiveSG Gym @ Toa Payoh,0%
2026-09-16T23:00:10.931010+00:00,ActiveSG Gym @ Toa Payoh West Community Centre,0%
2026-09-16T23:00:10.931010+00:00,ActiveSG Hockey Village @ Boon Lay Gym,0%
2026-09-16T23:00:10.931010+00:00,ActiveSG Sport Park @ Teck Ghee ActiveSG Gym,0%
2026-09-16T23:00:10.931010+00:00,Bishan ActiveSG Gym,0%
2026-09-16T23:00:10.931010+00:00,Bukit Batok ActiveSG Gym,0%
2026-09-16T23:00:10.931010+00:00,Bukit Canberra ActiveSG Gym,3%
2026-09-16T23:00:10.931010+00:00,Bukit Gombak ActiveSG Gym,0%
2026-09-16T23:00:10.931010+00:00,Choa Chu Kang ActiveSG Gym,0%
2026-09-16T23:00:10.931010+00:00,Clementi ActiveSG Gym,0%
2026-09-16T23:00:10.931010+00:00,Delta ActiveSG Gym,1%
2026-09-16T23:00:10.931010+00:00,Heartbeat @ Bedok ActiveSG Gym,0%
2026-09-16T23:00:10.931010+00:00,Hougang ActiveSG Gym,0%
2026-09-16T23:00:10.931010+00:00,Jalan Besar ActiveSG Gym,0%
2026-09-16T23:00:10.931010+00:00,Jurong East ActiveSG Gym,0%
2026-09-16T23:00:10.931010+00:00,Jurong Lake Gardens ActiveSG Gym,0%
2026-09-16T23:00:10.931010+00:00,Jurong West ActiveSG Gym,0%
2026-09-16T23:00:10.931010+00:00,Katong ActiveSG Gym,0%
2026-09-16T23:00:10.931010+00:00,Pasir Ris ActiveSG Gym,0%
2026-09-16T23:00:10.931010+00:00,Queenstown ActiveSG Gym,0%
2026-09-16T23:00:10.931010+00:00,Sengkang ActiveSG Gym,0%
2026-09-16T23:00:10.931010+00:00,Senja-Cashew ActiveSG Gym,0%
2026-09-16T23:00:10.931010+00:00,Tampines ActiveSG Gym,0%
2026-09-16T23:00:10.931010+00:00,Woodlands ActiveSG Gym,0%
2026-09-16T23:00:10.931010+00:00,Yio Chu Kang ActiveSG Gym,0%
2026-09-16T23:00:10.931010+00:00,Yishun ActiveSG Gym,1%
2026-09-16T23:15:14.755738+00:00,ActiveSG Gym @ Ang Mo Kio Community Centre,10%
2026-09-16T23:15:14.755738+00:00,ActiveSG Gym @ Enabling Village,18%
2026-09-16T23:15:14.755738+00:00,ActiveSG Gym @ Fernvale Square,18%
2026-09-16T23:15:14.755738+00:00,ActiveSG Gym @ Serangoon Central,40%
2026-09-16T23:15:14.755738+00:00,ActiveSG Gym @ Toa Payoh,22%
2026-09-16T23:15:14.755738+00:00,ActiveSG Gym @ Toa Payoh West Community Centre,7%
2026-09-16T23:15:14.755738+00:00,ActiveSG Hockey Village @ Boon Lay Gym,6%
2026-09-16T23:15:14.755738+00:00,ActiveSG Sport Park @ Teck Ghee ActiveSG Gym,14%
2026-09-16T23:15:14.755738+00:00,Bishan ActiveSG Gym,16%
2026-09-16T23:15:14.755738+00:00,Bukit Batok ActiveSG Gym,30%
2026-09-16T23:15:14.755738+00:00,Bukit Canberra ActiveSG Gym,16%
2026-09-16T23:15:14.755738+00:00,Bukit Gombak ActiveSG Gym,18%
2026-09-16T23:15:14.755738+00:00,Choa Chu Kang ActiveSG Gym,18%
2026-09-16T23:15:14.755738+00:00,Clementi ActiveSG Gym,25%
2026-09-16T23:15:14.755738+00:00,Delta ActiveSG Gym,18%
2026-09-16T23:15:14.755738+00:00,Heartbeat @ Bedok ActiveSG Gym,19%
2026-09-16T23:15:14.755738+00:00,Hougang ActiveSG Gym,11%
2026-09-16T23:15:14.755738+00:00,Jalan Besar ActiveSG Gym,27%
2026-09-16T23:15:14.755738+00:00,Jurong East ActiveSG Gym,11%
2026-09-16T23:15:14.755738+00:00,Jurong Lake Gardens ActiveSG Gym,10%
2026-09-16T23:15:14.755738+00:00,Jurong West ActiveSG Gym,10%
2026-09-16T23:15:14.755738+00:00,Katong ActiveSG Gym,23%
2026-09-16T23:15:14.755738+00:00,Pasir Ris ActiveSG Gym,23%
2026-09-16T23:15:14.755738+00:00,Queenstown ActiveSG Gym,21%
2026-09-16T23:15:14.755738+00:00,Sengkang ActiveSG Gym,22%
2026-09-16T23:15:14.755738+00:00,Senja-Cashew ActiveSG Gym,23%
2026-09-16T23:15:14.755738+00:00,Tampines ActiveSG Gym,18%
2026-09-16T23:15:14.755738+00:00,Woodlands ActiveSG Gym,9%
2026-09-16T23:15:14.755738+00:00,Yio Chu Kang ActiveSG Gym,21%
2026-09-16T23:15:14.755738+00:00,Yishun ActiveSG Gym,11%
2026-09-16T23:30:13.797602+00:00,ActiveSG Gym @ Ang Mo Kio Community Centre,22%
2026-09-16T23:30:13.797602+00:00,ActiveSG Gym @ Enabling Village,22%
2026-09-16T23:30:13.797602+00:00,ActiveSG Gym @ Fernvale Square,28%
2026-09-16T23:30:13.797602+00:00,ActiveSG Gym @ Serangoon Central,47%
2026-09-16T23:30:13.797602+00:00,ActiveSG Gym @ Toa Payoh,28%
2026-09-16T23:30:13.797602+00:00,ActiveSG Gym @ Toa Payoh West Community Centre,15%
2026-09-16T23:30:13.797602+00:00,ActiveSG Hockey Village @ Boon Lay Gym,7%
2026-09-16T23:30:13.797602+00:00,ActiveSG Sport Park @ Teck Ghee ActiveSG Gym,20%
2026-09-16T23:30:13.797602+00:00,Bishan ActiveSG Gym,20%
2026-09-16T23:30:13.797602+00:00,Bukit Batok ActiveSG Gym,38%
2026-09-16T23:30:13.797602+00:00,Bukit Canberra ActiveSG Gym,20%
2026-09-16T23:30:13.797602+00:00,Bukit Gombak ActiveSG Gym,33%
2026-09-16T23:30:13.797602+00:00,Choa Chu Kang ActiveSG Gym,25%
2026-09-16T23:30:13.797602+00:00,Clementi ActiveSG Gym,35%
2026-09-16T23:30:13.797602+00:00,Delta ActiveSG Gym,22%
2026-09-16T23:30:13.797602+00:00,Heartbeat @ Bedok ActiveSG Gym,27%
2026-09-16T23:30:13.797602+00:00,Hougang ActiveSG Gym,15%
2026-09-16T23:30:13.797602+00:00,Jalan Besar ActiveSG Gym,38%
2026-09-16T23:30:13.797602+00:00,Jurong East ActiveSG Gym,14%
2026-09-16T23:30:13.797602+00:00,Jurong Lake Gardens ActiveSG Gym,11%
2026-09-16T23:30:13.797602+00:00,Jurong West ActiveSG Gym,14%
2026-09-16T23:30:13.797602+00:00,Katong ActiveSG Gym,35%
2026-09-16T23:30:13.797602+00:00,Pasir Ris ActiveSG Gym,26%
2026-09-16T23:30:13.797602+00:00,Queenstown ActiveSG Gym,28%
2026-09-16T23:30:13.797602+00:00,Sengkang ActiveSG Gym,30%
2026-09-16T23:30:13.797602+00:00,Senja-Cashew ActiveSG Gym,31%
2026-09-16T23:30:13.797602+00:00,Tampines ActiveSG Gym,21%
2026-09-16T23:30:13.797602+00:00,Woodlands ActiveSG Gym,15%
2026-09-16T23:30:13.797602+00:00,Yio Chu Kang ActiveSG Gym,26%
2026-09-16T23:30:13.797602+00:00,Yishun ActiveSG Gym,18%
2026-09-16T23:45:12.974187+00:00,ActiveSG Gym @ Ang Mo Kio Community Centre,28%
2026-09-16T23:45:12.974187+00:00,ActiveSG Gym @ Enabling Village,22%
2026-09-16T23:45:12.974187+00:00,ActiveSG Gym @ Fernvale Square,33%
2026-09-16T23:45:12.974187+00:00,ActiveSG Gym @ Serangoon Central,53%
2026-09-16T23:45:12.974187+00:00,ActiveSG Gym @ Toa Payoh,28%
2026-09-16T23:45:12.974187+00:00,ActiveSG Gym @ Toa Payoh West Community Centre,23%
2026-09-16T23:45:12.974187+00:00,ActiveSG Hockey Village @ Boon Lay Gym,8%
2026-09-16T23:45:12.974187+00:00,ActiveSG Sport Park @ Teck Ghee ActiveSG Gym,21%
2026-09-16T23:45:12.974187+00:00,Bishan ActiveSG Gym,25%
2026-09-16T23:45:12.974187+00:00,Bukit Batok ActiveSG Gym,57%
2026-09-16T23:45:12.974187+00:00,Bukit Canberra ActiveSG Gym,25%
2026-09-16T23:45:12.974187+00:00,Bukit Gombak ActiveSG Gym,38%
2026-09-16T23:45:12.974187+00:00,Choa Chu Kang ActiveSG Gym,31%
2026-09-16T23:45:12.974187+00:00,Clementi ActiveSG Gym,39%
2026-09-16T23:45:12.974187+00:00,Delta ActiveSG Gym,21%
2026-09-16T23:45:12.974187+00:00,Heartbeat @ Bedok ActiveSG Gym,32%
2026-09-16T23:45:12.974187+00:00,Hougang ActiveSG Gym,22%
2026-09-16T23:45:12.974187+00:00,Jalan Besar ActiveSG Gym,42%
2026-09-16T23:45:12.974187+00:00,Jurong East ActiveSG Gym,17%
2026-09-16T23:45:12.974187+00:00,Jurong Lake Gardens ActiveSG Gym,13%
2026-09-16T23:45:12.974187+00:00,Jurong West ActiveSG Gym,18%
2026-09-16T23:45:12.974187+00:00,Katong ActiveSG Gym,42%
2026-09-16T23:45:12.974187+00:00,Pasir Ris ActiveSG Gym,31%
2026-09-16T23:45:12.974187+00:00,Queenstown ActiveSG Gym,31%
2026-09-16T23:45:12.974187+00:00,Sengkang ActiveSG Gym,46%
2026-09-16T23:45:12.974187+00:00,Senja-Cashew ActiveSG Gym,40%
2026-09-16T23:45:12.974187+00:00,Tampines ActiveSG Gym,28%
2026-09-16T23:45:12.974187+00:00,Woodlands ActiveSG Gym,20%
2026-09-16T23:45:12.974187+00:00,Yio Chu Kang ActiveSG Gym,30%
2026-09-16T23:45:12.974187+00:00,Yishun ActiveSG Gym,33%
2026-09-17T00:00:13.789655+00:00,ActiveSG Gym @ Ang Mo Kio Community Centre,35%
2026-09-17T00:00:13.789655+00:00,ActiveSG Gym @ Enabling Village,24%
2026-09-17T00:00:13.789655+00:00,ActiveSG Gym @ Fernvale Square,42%
2026-09-17T00:00:13.789655+00:00,ActiveSG Gym @ Serangoon Central,53%
2026-09-17T00:00:13.789655+00:00,ActiveSG Gym @ Toa Payoh,29%
2026-09-17T00:00:13.789655+00:00,ActiveSG Gym @ Toa Payoh West Community Centre,25%
2026-09-17T00:00:13.789655+00:00,ActiveSG Hockey Village @ Boon Lay Gym,9%
2026-09-17T00:00:13.789655+00:00,ActiveSG Sport Park @ Teck Ghee ActiveSG Gym,23%
2026-09-17T00:00:13.789655+00:00,Bishan ActiveSG Gym,26%
2026-09-17T00:00:13.789655+00:00,Bukit Batok ActiveSG Gym,63%
2026-09-17T00:00:13.789655+00:00,Bukit Canberra ActiveSG Gym,29%
2026-09-17T00:00:13.789655+00:00,Bukit Gombak ActiveSG Gym,43%
2026-09-17T00:00:13.789655+00:00,Choa Chu Kang ActiveSG Gym,30%
2026-09-17T00:00:13.789655+00:00,Clementi ActiveSG Gym,38%
2026-09-17T00:00:13.789655+00:00,Delta ActiveSG Gym,21%
2026-09-17T00:00:13.789655+00:00,Heartbeat @ Bedok ActiveSG Gym,36%
2026-09-17T00:00:13.789655+00:00,Hougang ActiveSG Gym,24%
2026-09-17T00:00:13.789655+00:00,Jalan Besar ActiveSG Gym,34%
2026-09-17T00:00:13.789655+00:00,Jurong East ActiveSG Gym,16%
2026-09-17T00:00:13.789655+00:00,Jurong Lake Gardens ActiveSG Gym,13%
2026-09-17T00:00:13.789655+00:00,Jurong West ActiveSG Gym,19%
2026-09-17T00:00:13.789655+00:00,Katong ActiveSG Gym,42%
2026-09-17T00:00:13.789655+00:00,Pasir Ris ActiveSG Gym,23%
2026-09-17T00:00:13.789655+00:00,Queenstown ActiveSG Gym,38%
2026-09-17T00:00:13.789655+00:00,Sengkang ActiveSG Gym,58%
2026-09-17T00:00:13.789655+00:00,Senja-Cashew ActiveSG Gym,42%
2026-09-17T00:00:13.789655+00:00,Tampines ActiveSG Gym,32%
2026-09-17T00:00:13.789655+00:00,Woodlands ActiveSG Gym,20%
2026-09-17T00:00:13.789655+00:00,Yio Chu Kang ActiveSG Gym,33%
2026-09-17T00:00:13.789655+00:00,Yishun ActiveSG Gym,32%
2026-09-17T00:15:12.322496+00:00,ActiveSG Gym @ Ang Mo Kio Community Centre,35%
2026-09-17T00:15:12.322496+00:00,ActiveSG Gym @ Enabling Village,22%
2026-09-17T00:15:12.322496+00:00,ActiveSG Gym @ Fernvale Square,35%
2026-09-17T00:15:12.322496+00:00,ActiveSG Gym @ Serangoon Central,37%
2026-09-17T00:15:12.322496+00:00,ActiveSG Gym @ Toa Payoh,27%
2026-09-17T00:15:12.322496+00:00,ActiveSG Gym @ Toa Payoh West Community Centre,25%
2026-09-17T00:15:12.322496+00:00,ActiveSG Hockey Village @ Boon Lay Gym,10%
2026-09-17T00:15:12.322496+00:00,ActiveSG Sport Park @ Teck Ghee ActiveSG Gym,23%
2026-09-17T00:15:12.322496+00:00,Bishan ActiveSG Gym,35%
2026-09-17T00:15:12.322496+00:00,Bukit Batok ActiveSG Gym,78%
2026-09-17T00:15:12.322496+00:00,Bukit Canberra ActiveSG Gym,28%
2026-09-17T00:15:12.322496+00:00,Bukit Gombak ActiveSG Gym,41%
2026-09-17T00:15:12.322496+00:00,Choa Chu Kang ActiveSG Gym,33%
2026-09-17T00:15:12.322496+00:00,Clementi ActiveSG Gym,40%
2026-09-17T00:15:12.322496+00:00,Delta ActiveSG Gym,24%
2026-09-17T00:15:12.322496+00:00,Heartbeat @ Bedok ActiveSG Gym,34%
2026-09-17T00:15:12.322496+00:00,Hougang ActiveSG Gym,23%
2026-09-17T00:15:12.322496+00:00,Jalan Besar ActiveSG Gym,45%
2026-09-17T00:15:12.322496+00:00,Jurong East ActiveSG Gym,16%
2026-09-17T00:15:12.322496+00:00,Jurong Lake Gardens ActiveSG Gym,14%
2026-09-17T00:15:12.322496+00:00,Jurong West ActiveSG Gym,18%
2026-09-17T00:15:12.322496+00:00,Katong ActiveSG Gym,43%
2026-09-17T00:15:12.322496+00:00,Pasir Ris ActiveSG Gym,24%
2026-09-17T00:15:12.322496+00:00,Queenstown ActiveSG Gym,38%
2026-09-17T00:15:12.322496+00:00,Sengkang ActiveSG Gym,61%
2026-09-17T00:15:12.322496+00:00,Senja-Cashew ActiveSG Gym,46%
2026-09-17T00:15:12.322496+00:00,Tampines ActiveSG Gym,34%
2026-09-17T00:15:12.322496+00:00,Woodlands ActiveSG Gym,21%
2026-09-17T00:15:12.322496+00:00,Yio Chu Kang ActiveSG Gym,33%
2026-09-17T00:15:12.322496+00:00,Yishun ActiveSG Gym,32%
2026-09-17T00:30:13.964532+00:00,ActiveSG Gym @ Ang Mo Kio Community Centre,35%
2026-09-17T00:30:13.964532+00:00,ActiveSG Gym @ Enabling Village,33%
2026-09-17T00:30:13.964532+00:00,ActiveSG Gym @ Fernvale Square,33%
2026-09-17T00:30:13.964532+00:00,ActiveSG Gym @ Serangoon Central,43%
2026-09-17T00:30:13.964532+00:00,ActiveSG Gym @ Toa Payoh,30%
2026-09-17T00:30:13.964532+00:00,ActiveSG Gym @ Toa Payoh West Community Centre,29%
2026-09-17T00:30:13.964532+00:00,ActiveSG Hockey Village @ Boon Lay Gym,11%
2026-09-17T00:30:13.964532+00:00,ActiveSG Sport Park @ Teck Ghee ActiveSG Gym,26%
2026-09-17T00:30:13.964532+00:00,Bishan ActiveSG Gym,36%
2026-09-17T00:30:13.964532+00:00,Bukit Batok ActiveSG Gym,80%
2026-09-17T00:30:13.964532+00:00,Bukit Canberra ActiveSG Gym,28%
2026-09-17T00:30:13.964532+00:00,Bukit Gombak ActiveSG Gym,44%
2026-09-17T00:30:13.964532+00:00,Choa Chu Kang ActiveSG Gym,33%
2026-09-17T00:30:13.964532+00:00,Clementi ActiveSG Gym,41%
2026-09-17T00:30:13.964532+00:00,Delta ActiveSG Gym,28%
2026-09-17T00:30:13.964532+00:00,Heartbeat @ Bedok ActiveSG Gym,37%
2026-09-17T00:30:13.964532+00:00,Hougang ActiveSG Gym,22%
2026-09-17T00:30:13.964532+00:00,Jalan Besar ActiveSG Gym,36%
2026-09-17T00:30:13.964532+00:00,Jurong East ActiveSG Gym,16%
2026-09-17T00:30:13.964532+00:00,Jurong Lake Gardens ActiveSG Gym,20%
2026-09-17T00:30:13.964532+00:00,Jurong West ActiveSG Gym,22%
2026-09-17T00:30:13.964532+00:00,Katong ActiveSG Gym,46%
2026-09-17T00:30:13.964532+00:00,Pasir Ris ActiveSG Gym,28%
2026-09-17T00:30:13.964532+00:00,Queenstown ActiveSG Gym,38%
2026-09-17T00:30:13.964532+00:00,Sengkang ActiveSG Gym,59%
2026-09-17T00:30:13.964532+00:00,Senja-Cashew ActiveSG Gym,51%
2026-09-17T00:30:13.964532+00:00,Tampines ActiveSG Gym,38%
2026-09-17T00:30:13.964532+00:00,Woodlands ActiveSG Gym,18%
2026-09-17T00:30:13.964532+00:00,Yio Chu Kang ActiveSG Gym,33%
2026-09-17T00:30:13.964532+00:00,Yishun ActiveSG Gym,30%
2026-09-17T00:45:12.762664+00:00,ActiveSG Gym @ Ang Mo Kio Community Centre,28%
2026-09-17T00:45:12.762664+00:00,ActiveSG Gym @ Enabling Village,33%
2026-09-17T00:45:12.762664+00:00,ActiveSG Gym @ Fernvale Square,40%
2026-09-17T00:45:12.762664+00:00,ActiveSG Gym @ Serangoon Central,57%
2026-09-17T00:45:12.762664+00:00,ActiveSG Gym @ Toa Payoh,29%
2026-09-17T00:45:12.762664+00:00,ActiveSG Gym @ Toa Payoh West Community Centre,35%
2026-09-17T00:45:12.762664+00:00,ActiveSG Hockey Village @ Boon Lay Gym,16%
2026-09-17T00:45:12.762664+00:00,ActiveSG Sport Park @ Teck Ghee ActiveSG Gym,26%
2026-09-17T00:45:12.762664+00:00,Bishan ActiveSG Gym,43%
2026-09-17T00:45:12.762664+00:00,Bukit Batok ActiveSG Gym,78%
2026-09-17T00:45:12.762664+00:00,Bukit Canberra ActiveSG Gym,31%
2026-09-17T00:45:12.762664+00:00,Bukit Gombak ActiveSG Gym,50%
2026-09-17T00:45:12.762664+00:00,Choa Chu Kang ActiveSG Gym,31%
2026-09-17T00:45:12.762664+00:00,Clementi ActiveSG Gym,44%
2026-09-17T00:45:12.762664+00:00,Delta ActiveSG Gym,28%
2026-09-17T00:45:12.762664+00:00,Heartbeat @ Bedok ActiveSG Gym,38%
2026-09-17T00:45:12.762664+00:00,Hougang ActiveSG Gym,27%
2026-09-17T00:45:12.762664+00:00,Jalan Besar ActiveSG Gym,33%
2026-09-17T00:45:12.762664+00:00,Jurong East ActiveSG Gym,22%
2026-09-17T00:45:12.762664+00:00,Jurong Lake Gardens ActiveSG Gym,23%
2026-09-17T00:45:12.762664+00:00,Jurong West ActiveSG Gym,24%
2026-09-17T00:45:12.762664+00:00,Katong ActiveSG Gym,46%
2026-09-17T00:45:12.762664+00:00,Pasir Ris ActiveSG Gym,32%
2026-09-17T00:45:12.762664+00:00,Queenstown ActiveSG Gym,40%
2026-09-17T00:45:12.762664+00:00,Sengkang ActiveSG Gym,62%
2026-09-17T00:45:12.762664+00:00,Senja-Cashew ActiveSG Gym,46%
2026-09-17T00:45:12.762664+00:00,Tampines ActiveSG Gym,36%
2026-09-17T00:45:12.762664+00:00,Woodlands ActiveSG Gym,21%
2026-09-17T00:45:12.762664+00:00,Yio Chu Kang ActiveSG Gym,37%
2026-09-17T00:45:12.762664+00:00,Yishun ActiveSG Gym,30%
2026-09-17T01:00:13.952214+00:00,ActiveSG Gym @ Ang Mo Kio Community Centre,20%
2026-09-17T01:00:13.952214+00:00,ActiveSG Gym @ Enabling Village,42%
2026-09-17T01:00:13.952214+00:00,ActiveSG Gym @ Fernvale Square,32%
2026-09-17T01:00:13.952214+00:00,ActiveSG Gym @ Serangoon Central,47%
2026-09-17T01:00:13.952214+00:00,ActiveSG Gym @ Toa Payoh,31%
2026-09-17T01:00:13.952214+00:00,ActiveSG Gym @ Toa Payoh West Community Centre,29%
2026-09-17T01:00:13.952214+00:00,ActiveSG Hockey Village @ Boon Lay Gym,17%
2026-09-17T01:00:13.952214+00:00,ActiveSG Sport Park @ Teck Ghee ActiveSG Gym,29%
2026-09-17T01:00:13.952214+00:00,Bishan ActiveSG Gym,39%
2026-09-17T01:00:13.952214+00:00,Bukit Batok ActiveSG Gym,80%
2026-09-17T01:00:13.952214+00:00,Bukit Canberra ActiveSG Gym,32%
2026-09-17T01:00:13.952214+00:00,Bukit Gombak ActiveSG Gym,52%
2026-09-17T01:00:13.952214+00:00,Choa Chu Kang ActiveSG Gym,32%
2026-09-17T01:00:13.952214+00:00,Clementi ActiveSG Gym,42%
2026-09-17T01:00:13.952214+00:00,Delta ActiveSG Gym,28%
2026-09-17T01:00:13.952214+00:00,Heartbeat @ Bedok ActiveSG Gym,38%
2026-09-17T01:00:13.952214+00:00,Hougang ActiveSG Gym,30%
2026-09-17T01:00:13.952214+00:00,Jalan Besar ActiveSG Gym,25%
2026-09-17T01:00:13.952214+00:00,Jurong East ActiveSG Gym,23%
2026-09-17T01:00:13.952214+00:00,Jurong Lake Gardens ActiveSG Gym,23%
2026-09-17T01:00:13.952214+00:00,Jurong West ActiveSG Gym,27%
2026-09-17T01:00:13.952214+00:00,Katong ActiveSG Gym,52%
2026-09-17T01:00:13.952214+00:00,Pasir Ris ActiveSG Gym,27%
2026-09-17T01:00:13.952214+00:00,Queenstown ActiveSG Gym,41%
2026-09-17T01:00:13.952214+00:00,Sengkang ActiveSG Gym,67%
2026-09-17T01:00:13.952214+00:00,Senja-Cashew ActiveSG Gym,48%
2026-09-17T01:00:13.952214+00:00,Tampines ActiveSG Gym,38%
2026-09-17T01:00:13.952214+00:00,Woodlands ActiveSG Gym,24%
2026-09-17T01:00:13.952214+00:00,Yio Chu Kang ActiveSG Gym,36%
2026-09-17T01:00:13.952214+00:00,Yishun ActiveSG Gym,33%
2026-09-17T01:15:13.883773+00:00,ActiveSG Gym @ Ang Mo Kio Community Centre,12%
2026-09-17T01:15:13.883773+00:00,ActiveSG Gym @ Enabling Village,33%
2026-09-17T01:15:13.883773+00:00,ActiveSG Gym @ Fernvale Square,32%
2026-09-17T01:15:13.883773+00:00,ActiveSG Gym @ Serangoon Central,53%
2026-09-17T01:15:13.883773+00:00,ActiveSG Gym @ Toa Payoh,34%
2026-09-17T01:15:13.883773+00:00,ActiveSG Gym @ Toa Payoh West Community Centre,29%
2026-09-17T01:15:13.883773+00:00,ActiveSG Hockey Village @ Boon Lay Gym,21%
2026-09-17T01:15:13.883773+00:00,ActiveSG Sport Park @ Teck Ghee ActiveSG Gym,28%
2026-09-17T01:15:13.883773+00:00,Bishan ActiveSG Gym,38%
2026-09-17T01:15:13.883773+00:00,Bukit Batok ActiveSG Gym,83%
2026-09-17T01:15:13.883773+00:00,Bukit Canberra ActiveSG Gym,38%
2026-09-17T01:15:13.883773+00:00,Bukit Gombak ActiveSG Gym,52%
2026-09-17T01:15:13.883773+00:00,Choa Chu Kang ActiveSG Gym,35%
2026-09-17T01:15:13.883773+00:00,Clementi ActiveSG Gym,43%
2026-09-17T01:15:13.883773+00:00,Delta ActiveSG Gym,32%
2026-09-17T01:15:13.883773+00:00,Heartbeat @ Bedok ActiveSG Gym,40%
2026-09-17T01:15:13.883773+00:00,Hougang ActiveSG Gym,28%
2026-09-17T01:15:13.883773+00:00,Jalan Besar ActiveSG Gym,32%
2026-09-17T01:15:13.883773+00:00,Jurong East ActiveSG Gym,24%
2026-09-17T01:15:13.883773+00:00,Jurong Lake Gardens ActiveSG Gym,22%
2026-09-17T01:15:13.883773+00:00,Jurong West ActiveSG Gym,28%
2026-09-17T01:15:13.883773+00:00,Katong ActiveSG Gym,52%
2026-09-17T01:15:13.883773+00:00,Pasir Ris ActiveSG Gym,28%
2026-09-17T01:15:13.883773+00:00,Queenstown ActiveSG Gym,41%
2026-09-17T01:15:13.883773+00:00,Sengkang ActiveSG Gym,60%
2026-09-17T01:15:13.883773+00:00,Senja-Cashew ActiveSG Gym,54%
2026-09-17T01:15:13.883773+00:00,Tampines ActiveSG Gym,41%
2026-09-17T01:15:13.883773+00:00,Woodlands ActiveSG Gym,26%
2026-09-17T01:15:13.883773+00:00,Yio Chu Kang ActiveSG Gym,33%
2026-09-17T01:15:13.883773+00:00,Yishun ActiveSG Gym,30%
2026-09-17T01:30:14.152084+00:00,ActiveSG Gym @ Ang Mo Kio Community Centre,23%
2026-09-17T01:30:14.152084+00:00,ActiveSG Gym @ Enabling Village,16%
2026-09-17T01:30:14.152084+00:00,ActiveSG Gym @ Fernvale Square,30%
2026-09-17T01:30:14.152084+00:00,ActiveSG Gym @ Serangoon Central,47%
2026-09-17T01:30:14.152084+00:00,ActiveSG Gym @ Toa Payoh,37%
2026-09-17T01:30:14.152084+00:00,ActiveSG Gym @ Toa Payoh West Community Centre,19%
2026-09-17T01:30:14.152084+00:00,ActiveSG Hockey Village @ Boon Lay Gym,21%
2026-09-17T01:30:14.152084+00:00,ActiveSG Sport Park @ Teck Ghee ActiveSG Gym,33%
2026-09-17T01:30:14.152084+00:00,Bishan ActiveSG Gym,25%
2026-09-17T01:30:14.152084+00:00,Bukit Batok ActiveSG Gym,65%
2026-09-17T01:30:14.152084+00:00,Bukit Canberra ActiveSG Gym,38%
2026-09-17T01:30:14.152084+00:00,Bukit Gombak ActiveSG Gym,52%
2026-09-17T01:30:14.152084+00:00,Choa Chu Kang ActiveSG Gym,37%
2026-09-17T01:30:14.152084+00:00,Clementi ActiveSG Gym,47%
2026-09-17T01:30:14.152084+00:00,Delta ActiveSG Gym,36%
2026-09-17T01:30:14.152084+00:00,Heartbeat @ Bedok ActiveSG Gym,37%
2026-09-17T01:30:14.152084+00:00,Hougang ActiveSG Gym,31%
2026-09-17T01:30:14.152084+00:00,Jalan Besar ActiveSG Gym,33%
2026-09-17T01:30:14.152084+00:00,Jurong East ActiveSG Gym,24%
2026-09-17T01:30:14.152084+00:00,Jurong Lake Gardens ActiveSG Gym,22%
2026-09-17T01:30:14.152084+00:00,Jurong West ActiveSG Gym,30%
2026-09-17T01:30:14.152084+00:00,Katong ActiveSG Gym,52%
2026-09-17T01:30:14.152084+00:00,Pasir Ris ActiveSG Gym,28%
2026-09-17T01:30:14.152084+00:00,Queenstown ActiveSG Gym,46%
2026-09-17T01:30:14.152084+00:00,Sengkang ActiveSG Gym,62%
2026-09-17T01:30:14.152084+00:00,Senja-Cashew ActiveSG Gym,55%
2026-09-17T01:30:14.152084+00:00,Tampines ActiveSG Gym,44%
2026-09-17T01:30:14.152084+00:00,Woodlands ActiveSG Gym,26%
2026-09-17T01:30:14.152084+00:00,Yio Chu Kang ActiveSG Gym,34%
2026-09-17T01:30:14.152084+00:00,Yishun ActiveSG Gym,38%
2026-09-17T01:45:12.653847+00:00,ActiveSG Gym @ Ang Mo Kio Community Centre,33%
2026-09-17T01:45:12.653847+00:00,ActiveSG Gym @ Enabling Village,13%
2026-09-17T01:45:12.653847+00:00,ActiveSG Gym @ Fernvale Square,35%
2026-09-17T01:45:12.653847+00:00,ActiveSG Gym @ Serangoon Central,40%
2026-09-17T01:45:12.653847+00:00,ActiveSG Gym @ Toa Payoh,42%
2026-09-17T01:45:12.653847+00:00,ActiveSG Gym @ Toa Payoh West Community Centre,17%
2026-09-17T01:45:12.653847+00:00,ActiveSG Hockey Village @ Boon Lay Gym,21%
2026-09-17T01:45:12.653847+00:00,ActiveSG Sport Park @ Teck Ghee ActiveSG Gym,34%
2026-09-17T01:45:12.653847+00:00,Bishan ActiveSG Gym,26%
2026-09-17T01:45:12.653847+00:00,Bukit Batok ActiveSG Gym,68%
2026-09-17T01:45:12.653847+00:00,Bukit Canberra ActiveSG Gym,41%
2026-09-17T01:45:12.653847+00:00,Bukit Gombak ActiveSG Gym,47%
2026-09-17T01:45:12.653847+00:00,Choa Chu Kang ActiveSG Gym,39%
2026-09-17T01:45:12.653847+00:00,Clementi ActiveSG Gym,42%
2026-09-17T01:45:12.653847+00:00,Delta ActiveSG Gym,35%
2026-09-17T01:45:12.653847+00:00,Heartbeat @ Bedok ActiveSG Gym,44%
2026-09-17T01:45:12.653847+00:00,Hougang ActiveSG Gym,31%
2026-09-17T01:45:12.653847+00:00,Jalan Besar ActiveSG Gym,40%
2026-09-17T01:45:12.653847+00:00,Jurong East ActiveSG Gym,26%
2026-09-17T01:45:12.653847+00:00,Jurong Lake Gardens ActiveSG Gym,26%
2026-09-17T01:45:12.653847+00:00,Jurong West ActiveSG Gym,30%
2026-09-17T01:45:12.653847+00:00,Katong ActiveSG Gym,46%
2026-09-17T01:45:12.653847+00:00,Pasir Ris ActiveSG Gym,27%
2026-09-17T01:45:12.653847+00:00,Queenstown ActiveSG Gym,42%
2026-09-17T01:45:12.653847+00:00,Sengkang ActiveSG Gym,66%
2026-09-17T01:45:12.653847+00:00,Senja-Cashew ActiveSG Gym,60%
2026-09-17T01:45:12.653847+00:00,Tampines ActiveSG Gym,43%
2026-09-17T01:45:12.653847+00:00,Woodlands ActiveSG Gym,27%
2026-09-17T01:45:12.653847+00:00,Yio Chu Kang ActiveSG Gym,41%
2026-09-17T01:45:12.653847+00:00,Yishun ActiveSG Gym,37%
2026-09-17T02:00:13.802641+00:00,ActiveSG Gym @ Ang Mo Kio Community Centre,35%
2026-09-17T02:00:13.802641+00:00,ActiveSG Gym @ Enabling Village,16%
2026-09-17T02:00:13.802641+00:00,ActiveSG Gym @ Fernvale Square,43%
2026-09-17T02:00:13.802641+00:00,ActiveSG Gym @ Serangoon Central,43%
2026-09-17T02:00:13.802641+00:00,ActiveSG Gym @ Toa Payoh,46%
2026-09-17T02:00:13.802641+00:00,ActiveSG Gym @ Toa Payoh West Community Centre,16%
2026-09-17T02:00:13.802641+00:00,ActiveSG Hockey Village @ Boon Lay Gym,22%
2026-09-17T02:00:13.802641+00:00,ActiveSG Sport Park @ Teck Ghee ActiveSG Gym,36%
2026-09-17T02:00:13.802641+00:00,Bishan ActiveSG Gym,27%
2026-09-17T02:00:13.802641+00:00,Bukit Batok ActiveSG Gym,73%
2026-09-17T02:00:13.802641+00:00,Bukit Canberra ActiveSG Gym,43%
2026-09-17T02:00:13.802641+00:00,Bukit Gombak ActiveSG Gym,44%
2026-09-17T02:00:13.802641+00:00,Choa Chu Kang ActiveSG Gym,45%
2026-09-17T02:00:13.802641+00:00,Clementi ActiveSG Gym,52%
2026-09-17T02:00:13.802641+00:00,Delta ActiveSG Gym,38%
2026-09-17T02:00:13.802641+00:00,Heartbeat @ Bedok ActiveSG Gym,48%
2026-09-17T02:00:13.802641+00:00,Hougang ActiveSG Gym,29%
2026-09-17T02:00:13.802641+00:00,Jalan Besar ActiveSG Gym,44%
2026-09-17T02:00:13.802641+00:00,Jurong East ActiveSG Gym,24%
2026-09-17T02:00:13.802641+00:00,Jurong Lake Gardens ActiveSG Gym,27%
2026-09-17T02:00:13.802641+00:00,Jurong West ActiveSG Gym,31%
2026-09-17T02:00:13.802641+00:00,Katong ActiveSG Gym,45%
2026-09-17T02:00:13.802641+00:00,Pasir Ris ActiveSG Gym,30%
2026-09-17T02:00:13.802641+00:00,Queenstown ActiveSG Gym,40%
2026-09-17T02:00:13.802641+00:00,Sengkang ActiveSG Gym,65%
2026-09-17T02:00:13.802641+00:00,Senja-Cashew ActiveSG Gym,60%
2026-09-17T02:00:13.802641+00:00,Tampines ActiveSG Gym,39%
2026-09-17T02:00:13.802641+00:00,Woodlands ActiveSG Gym,28%
2026-09-17T02:00:13.802641+00:00,Yio Chu Kang ActiveSG Gym,37%
2026-09-17T02:00:13.802641+00:00,Yishun ActiveSG Gym,42%
2026-09-17T02:15:13.691905+00:00,ActiveSG Gym @ Ang Mo Kio Community Centre,38%
2026-09-17T02:15:13.691905+00:00,ActiveSG Gym @ Enabling Village,18%
2026-09-17T02:15:13.691905+00:00,ActiveSG Gym @ Fernvale Square,40%
2026-09-17T02:15:13.691905+00:00,ActiveSG Gym @ Serangoon Central,50%
2026-09-17T02:15:13.691905+00:00,ActiveSG Gym @ Toa Payoh,51%
2026-09-17T02:15:13.691905+00:00,ActiveSG Gym @ Toa Payoh West Community Centre,16%
2026-09-17T02:15:13.691905+00:00,ActiveSG Hockey Village @ Boon Lay Gym,22%
2026-09-17T02:15:13.691905+00:00,ActiveSG Sport Park @ Teck Ghee ActiveSG Gym,40%
2026-09-17T02:15:13.691905+00:00,Bishan ActiveSG Gym,32%
2026-09-17T02:15:13.691905+00:00,Bukit Batok ActiveSG Gym,73%
2026-09-17T02:15:13.691905+00:00,Bukit Canberra ActiveSG Gym,43%
2026-09-17T02:15:13.691905+00:00,Bukit Gombak ActiveSG Gym,43%
2026-09-17T02:15:13.691905+00:00,Choa Chu Kang ActiveSG Gym,50%
2026-09-17T02:15:13.691905+00:00,Clementi ActiveSG Gym,54%
2026-09-17T02:15:13.691905+00:00,Delta ActiveSG Gym,37%
2026-09-17T02:15:13.691905+00:00,Heartbeat @ Bedok ActiveSG Gym,53%
2026-09-17T02:15:13.691905+00:00,Hougang ActiveSG Gym,35%
2026-09-17T02:15:13.691905+00:00,Jalan Besar ActiveSG Gym,46%
2026-09-17T02:15:13.691905+00:00,Jurong East ActiveSG Gym,26%
2026-09-17T02:15:13.691905+00:00,Jurong Lake Gardens ActiveSG Gym,30%
2026-09-17T02:15:13.691905+00:00,Jurong West ActiveSG Gym,32%
2026-09-17T02:15:13.691905+00:00,Katong ActiveSG Gym,46%
2026-09-17T02:15:13.691905+00:00,Pasir Ris ActiveSG Gym,35%
2026-09-17T02:15:13.691905+00:00,Queenstown ActiveSG Gym,42%
2026-09-17T02:15:13.691905+00:00,Sengkang ActiveSG Gym,62%
2026-09-17T02:15:13.691905+00:00,Senja-Cashew ActiveSG Gym,55%
2026-09-17T02:15:13.691905+00:00,Tampines ActiveSG Gym,40%
2026-09-17T02:15:13.691905+00:00,Woodlands ActiveSG Gym,36%
2026-09-17T02:15:13.691905+00:00,Yio Chu Kang ActiveSG Gym,38%
2026-09-17T02:15:13.691905+00:00,Yishun ActiveSG Gym,42%
2026-09-17T02:30:13.683621+00:00,ActiveSG Gym @ Ang Mo Kio Community Centre,47%
2026-09-17T02:30:13.683621+00:00,ActiveSG Gym @ Enabling Village,22%
2026-09-17T02:30:13.683621+00:00,ActiveSG Gym @ Fernvale Square,45%
2026-09-17T02:30:13.683621+00:00,ActiveSG Gym @ Serangoon Central,40%
2026-09-17T02:30:13.683621+00:00,ActiveSG Gym @ Toa Payoh,50%
2026-09-17T02:30:13.683621+00:00,ActiveSG Gym @ Toa Payoh West Community Centre,21%
2026-09-17T02:30:13.683621+00:00,ActiveSG Hockey Village @ Boon Lay Gym,24%
2026-09-17T02:30:13.683621+00:00,ActiveSG Sport Park @ Teck Ghee ActiveSG Gym,38%
2026-09-17T02:30:13.683621+00:00,Bishan ActiveSG Gym,35%
2026-09-17T02:30:13.683621+00:00,Bukit Batok ActiveSG Gym,88%
2026-09-17T02:30:13.683621+00:00,Bukit Canberra ActiveSG Gym,39%
2026-09-17T02:30:13.683621+00:00,Bukit Gombak ActiveSG Gym,46%
2026-09-17T02:30:13.683621+00:00,Choa Chu Kang ActiveSG Gym,43%
2026-09-17T02:30:13.683621+00:00,Clementi ActiveSG Gym,62%
2026-09-17T02:30:13.683621+00:00,Delta ActiveSG Gym,41%
2026-09-17T02:30:13.683621+00:00,Heartbeat @ Bedok ActiveSG Gym,51%
2026-09-17T02:30:13.683621+00:00,Hougang ActiveSG Gym,37%
2026-09-17T02:30:13.683621+00:00,Jalan Besar ActiveSG Gym,49%
2026-09-17T02:30:13.683621+00:00,Jurong East ActiveSG Gym,26%
2026-09-17T02:30:13.683621+00:00,Jurong Lake Gardens ActiveSG Gym,30%
2026-09-17T02:30:13.683621+00:00,Jurong West ActiveSG Gym,32%
2026-09-17T02:30:13.683621+00:00,Katong ActiveSG Gym,46%
2026-09-17T02:30:13.683621+00:00,Pasir Ris ActiveSG Gym,34%
2026-09-17T02:30:13.683621+00:00,Queenstown ActiveSG Gym,45%
2026-09-17T02:30:13.683621+00:00,Sengkang ActiveSG Gym,59%
2026-09-17T02:30:13.683621+00:00,Senja-Cashew ActiveSG Gym,54%
2026-09-17T02:30:13.683621+00:00,Tampines ActiveSG Gym,47%
2026-09-17T02:30:13.683621+00:00,Woodlands ActiveSG Gym,37%
2026-09-17T02:30:13.683621+00:00,Yio Chu Kang ActiveSG Gym,33%
2026-09-17T02:30:13.683621+00:00,Yishun ActiveSG Gym,41%
2026-09-17T02:45:13.979471+00:00,ActiveSG Gym @ Ang Mo Kio Community Centre,45%
2026-09-17T02:45:13.979471+00:00,ActiveSG Gym @ Enabling Village,31%
2026-09-17T02:45:13.979471+00:00,ActiveSG Gym @ Fernvale Square,50%
2026-09-17T02:45:13.979471+00:00,ActiveSG Gym @ Serangoon Central,33%
2026-09-17T02:45:13.979471+00:00,ActiveSG Gym @ Toa Payoh,51%
2026-09-17T02:45:13.979471+00:00,ActiveSG Gym @ Toa Payoh West Community Centre,24%
2026-09-17T02:45:13.979471+00:00,ActiveSG Hockey Village @ Boon Lay Gym,25%
2026-09-17T02:45:13.979471+00:00,ActiveSG Sport Park @ Teck Ghee ActiveSG Gym,33%
2026-09-17T02:45:13.979471+00:00,Bishan ActiveSG Gym,36%
2026-09-17T02:45:13.979471+00:00,Bukit Batok ActiveSG Gym,83%
2026-09-17T02:45:13.979471+00:00,Bukit Canberra ActiveSG Gym,39%
2026-09-17T02:45:13.979471+00:00,Bukit Gombak ActiveSG Gym,50%
2026-09-17T02:45:13.979471+00:00,Choa Chu Kang ActiveSG Gym,49%
2026-09-17T02:45:13.979471+00:00,Clementi ActiveSG Gym,62%
2026-09-17T02:45:13.979471+00:00,Delta ActiveSG Gym,40%
2026-09-17T02:45:13.979471+00:00,Heartbeat @ Bedok ActiveSG Gym,51%
2026-09-17T02:45:13.979471+00:00,Hougang ActiveSG Gym,40%
2026-09-17T02:45:13.979471+00:00,Jalan Besar ActiveSG Gym,53%
2026-09-17T02:45:13.979471+00:00,Jurong East ActiveSG Gym,27%
2026-09-17T02:45:13.979471+00:00,Jurong Lake Gardens ActiveSG Gym,29%
2026-09-17T02:45:13.979471+00:00,Jurong West ActiveSG Gym,30%
2026-09-17T02:45:13.979471+00:00,Katong ActiveSG Gym,46%
2026-09-17T02:45:13.979471+00:00,Pasir Ris ActiveSG Gym,34%
2026-09-17T02:45:13.979471+00:00,Queenstown ActiveSG Gym,46%
2026-09-17T02:45:13.979471+00:00,Sengkang ActiveSG Gym,62%
2026-09-17T02:45:13.979471+00:00,Senja-Cashew ActiveSG Gym,62%
2026-09-17T02:45:13.979471+00:00,Tampines ActiveSG Gym,47%
2026-09-17T02:45:13.979471+00:00,Woodlands ActiveSG Gym,41%
2026-09-17T02:45:13.979471+00:00,Yio Chu Kang ActiveSG Gym,30%
2026-09-17T02:45:13.979471+00:00,Yishun ActiveSG Gym,35%
2026-09-17T03:00:14.210603+00:00,ActiveSG Gym @ Ang Mo Kio Community Centre,43%
2026-09-17T03:00:14.210603+00:00,ActiveSG Gym @ Enabling Village,36%
2026-09-17T03:00:14.210603+00:00,ActiveSG Gym @ Fernvale Square,55%
2026-09-17T03:00:14.210603+00:00,ActiveSG Gym @ Serangoon Central,30%
2026-09-17T03:00:14.210603+00:00,ActiveSG Gym @ Toa Payoh,52%
2026-09-17T03:00:14.210603+00:00,ActiveSG Gym @ Toa Payoh West Community Centre,25%
2026-09-17T03:00:14.210603+00:00,ActiveSG Hockey Village @ Boon Lay Gym,24%
2026-09-17T03:00:14.210603+00:00,ActiveSG Sport Park @ Teck Ghee ActiveSG Gym,34%
2026-09-17T03:00:14.210603+00:00,Bishan ActiveSG Gym,33%
2026-09-17T03:00:14.210603+00:00,Bukit Batok ActiveSG Gym,63%
2026-09-17T03:00:14.210603+00:00,Bukit Canberra ActiveSG Gym,37%
2026-09-17T03:00:14.210603+00:00,Bukit Gombak ActiveSG Gym,48%
2026-09-17T03:00:14.210603+00:00,Choa Chu Kang ActiveSG Gym,49%
2026-09-17T03:00:14.210603+00:00,Clementi ActiveSG Gym,64%
2026-09-17T03:00:14.210603+00:00,Delta ActiveSG Gym,36%
2026-09-17T03:00:14.210603+00:00,Heartbeat @ Bedok ActiveSG Gym,54%
2026-09-17T03:00:14.210603+00:00,Hougang ActiveSG Gym,43%
2026-09-17T03:00:14.210603+00:00,Jalan Besar ActiveSG Gym,51%
2026-09-17T03:00:14.210603+00:00,Jurong East ActiveSG Gym,25%
2026-09-17T03:00:14.210603+00:00,Jurong Lake Gardens ActiveSG Gym,26%
2026-09-17T03:00:14.210603+00:00,Jurong West ActiveSG Gym,29%
2026-09-17T03:00:14.210603+00:00,Katong ActiveSG Gym,46%
2026-09-17T03:00:14.210603+00:00,Pasir Ris ActiveSG Gym,35%
2026-09-17T03:00:14.210603+00:00,Queenstown ActiveSG Gym,50%
2026-09-17T03:00:14.210603+00:00,Sengkang ActiveSG Gym,62%
2026-09-17T03:00:14.210603+00:00,Senja-Cashew ActiveSG Gym,62%
2026-09-17T03:00:14.210603+00:00,Tampines ActiveSG Gym,47%
2026-09-17T03:00:14.210603+00:00,Woodlands ActiveSG Gym,47%
2026-09-17T03:00:14.210603+00:00,Yio Chu Kang ActiveSG Gym,33%
2026-09-17T03:00:14.210603+00:00,Yishun ActiveSG Gym,39%
2026-09-17T03:15:13.670185+00:00,ActiveSG Gym @ Ang Mo Kio Community Centre,43%
2026-09-17T03:15:13.670185+00:00,ActiveSG Gym @ Enabling Village,36%
2026-09-17T03:15:13.670185+00:00,ActiveSG Gym @ Fernvale Square,58%
2026-09-17T03:15:13.670185+00:00,ActiveSG Gym @ Serangoon Central,43%
2026-09-17T03:15:13.670185+00:00,ActiveSG Gym @ Toa Payoh,50%
2026-09-17T03:15:13.670185+00:00,ActiveSG Gym @ Toa Payoh West Community Centre,17%
2026-09-17T03:15:13.670185+00:00,ActiveSG Hockey Village @ Boon Lay Gym,21%
2026-09-17T03:15:13.670185+00:00,ActiveSG Sport Park @ Teck Ghee ActiveSG Gym,31%
2026-09-17T03:15:13.670185+00:00,Bishan ActiveSG Gym,32%
2026-09-17T03:15:13.670185+00:00,Bukit Batok ActiveSG Gym,65%
2026-09-17T03:15:13.670185+00:00,Bukit Canberra ActiveSG Gym,40%
2026-09-17T03:15:13.670185+00:00,Bukit Gombak ActiveSG Gym,46%
2026-09-17T03:15:13.670185+00:00,Choa Chu Kang ActiveSG Gym,56%
2026-09-17T03:15:13.670185+00:00,Clementi ActiveSG Gym,60%
2026-09-17T03:15:13.670185+00:00,Delta ActiveSG Gym,40%
2026-09-17T03:15:13.670185+00:00,Heartbeat @ Bedok ActiveSG Gym,49%
2026-09-17T03:15:13.670185+00:00,Hougang ActiveSG Gym,45%
2026-09-17T03:15:13.670185+00:00,Jalan Besar ActiveSG Gym,46%
2026-09-17T03:15:13.670185+00:00,Jurong East ActiveSG Gym,25%
2026-09-17T03:15:13.670185+00:00,Jurong Lake Gardens ActiveSG Gym,28%
2026-09-17T03:15:13.670185+00:00,Jurong West ActiveSG Gym,27%
2026-09-17T03:15:13.670185+00:00,Katong ActiveSG Gym,46%
2026-09-17T03:15:13.670185+00:00,Pasir Ris ActiveSG Gym,43%
2026-09-17T03:15:13.670185+00:00,Queenstown ActiveSG Gym,51%
2026-09-17T03:15:13.670185+00:00,Sengkang ActiveSG Gym,60%
2026-09-17T03:15:13.670185+00:00,Senja-Cashew ActiveSG Gym,54%
2026-09-17T03:15:13.670185+00:00,Tampines ActiveSG Gym,46%
2026-09-17T03:15:13.670185+00:00,Woodlands ActiveSG Gym,49%
2026-09-17T03:15:13.670185+00:00,Yio Chu Kang ActiveSG Gym,33%
2026-09-17T03:15:13.670185+00:00,Yishun ActiveSG Gym,37%
2026-09-17T03:30:14.072976+00:00,ActiveSG Gym @ Ang Mo Kio Community Centre,42%
2026-09-17T03:30:14.072976+00:00,ActiveSG Gym @ Enabling Village,31%
2026-09-17T03:30:14.072976+00:00,ActiveSG Gym @ Fernvale Square,63%
2026-09-17T03:30:14.072976+00:00,ActiveSG Gym @ Serangoon Central,43%
2026-09-17T03:30:14.072976+00:00,ActiveSG Gym @ Toa Payoh,53%
2026-09-17T03:30:14.072976+00:00,ActiveSG Gym @ Toa Payoh West Community Centre,17%
2026-09-17T03:30:14.072976+00:00,ActiveSG Hockey Village @ Boon Lay Gym,21%
2026-09-17T03:30:14.072976+00:00,ActiveSG Sport Park @ Teck Ghee ActiveSG Gym,29%
2026-09-17T03:30:14.072976+00:00,Bishan ActiveSG Gym,34%
2026-09-17T03:30:14.072976+00:00,Bukit Batok ActiveSG Gym,53%
2026-09-17T03:30:14.072976+00:00,Bukit Canberra ActiveSG Gym,38%
2026-09-17T03:30:14.072976+00:00,Bukit Gombak ActiveSG Gym,48%
2026-09-17T03:30:14.072976+00:00,Choa Chu Kang ActiveSG Gym,52%
2026-09-17T03:30:14.072976+00:00,Clementi ActiveSG Gym,61%
2026-09-17T03:30:14.072976+00:00,Delta ActiveSG Gym,37%
2026-09-17T03:30:14.072976+00:00,Heartbeat @ Bedok ActiveSG Gym,52%
2026-09-17T03:30:14.072976+00:00,Hougang ActiveSG Gym,50%
2026-09-17T03:30:14.072976+00:00,Jalan Besar ActiveSG Gym,44%
2026-09-17T03:30:14.072976+00:00,Jurong East ActiveSG Gym,25%
2026-09-17T03:30:14.072976+00:00,Jurong Lake Gardens ActiveSG Gym,27%
2026-09-17T03:30:14.072976+00:00,Jurong West ActiveSG Gym,27%
2026-09-17T03:30:14.072976+00:00,Katong ActiveSG Gym,46%
2026-09-17T03:30:14.072976+00:00,Pasir Ris ActiveSG Gym,46%
2026-09-17T03:30:14.072976+00:00,Queenstown ActiveSG Gym,37%
2026-09-17T03:30:14.072976+00:00,Sengkang ActiveSG Gym,56%
2026-09-17T03:30:14.072976+00:00,Senja-Cashew ActiveSG Gym,55%
2026-09-17T03:30:14.072976+00:00,Tampines ActiveSG Gym,51%
2026-09-17T03:30:14.072976+00:00,Woodlands ActiveSG Gym,49%
2026-09-17T03:30:14.072976+00:00,Yio Chu Kang ActiveSG Gym,37%
2026-09-17T03:30:14.072976+00:00,Yishun ActiveSG Gym,36%
2026-09-17T03:45:14.083157+00:00,ActiveSG Gym @ Ang Mo Kio Community Centre,45%
2026-09-17T03:45:14.083157+00:00,ActiveSG Gym @ Enabling Village,29%
2026-09-17T03:45:14.083157+00:00,ActiveSG Gym @ Fernvale Square,70%
2026-09-17T03:45:14.083157+00:00,ActiveSG Gym @ Serangoon Central,40%
2026-09-17T03:45:14.083157+00:00,ActiveSG Gym @ Toa Payoh,53%
2026-09-17T03:45:14.083157+00:00,ActiveSG Gym @ Toa Payoh West Community Centre,13%
2026-09-17T03:45:14.083157+00:00,ActiveSG Hockey Village @ Boon Lay Gym,22%
2026-09-17T03:45:14.083157+00:00,ActiveSG Sport Park @ Teck Ghee ActiveSG Gym,28%
2026-09-17T03:45:14.083157+00:00,Bishan ActiveSG Gym,34%
2026-09-17T03:45:14.083157+00:00,Bukit Batok ActiveSG Gym,73%
2026-09-17T03:45:14.083157+00:00,Bukit Canberra ActiveSG Gym,34%
2026-09-17T03:45:14.083157+00:00,Bukit Gombak ActiveSG Gym,50%
2026-09-17T03:45:14.083157+00:00,Choa Chu Kang ActiveSG Gym,49%
2026-09-17T03:45:14.083157+00:00,Clementi ActiveSG Gym,61%
2026-09-17T03:45:14.083157+00:00,Delta ActiveSG Gym,36%
2026-09-17T03:45:14.083157+00:00,Heartbeat @ Bedok ActiveSG Gym,51%
2026-09-17T03:45:14.083157+00:00,Hougang ActiveSG Gym,51%
2026-09-17T03:45:14.083157+00:00,Jalan Besar ActiveSG Gym,36%
2026-09-17T03:45:14.083157+00:00,Jurong East ActiveSG Gym,25%
2026-09-17T03:45:14.083157+00:00,Jurong Lake Gardens ActiveSG Gym,24%
2026-09-17T03:45:14.083157+00:00,Jurong West ActiveSG Gym,28%
2026-09-17T03:45:14.083157+00:00,Katong ActiveSG Gym,42%
2026-09-17T03:45:14.083157+00:00,Pasir Ris ActiveSG Gym,42%
2026-09-17T03:45:14.083157+00:00,Queenstown ActiveSG Gym,34%
2026-09-17T03:45:14.083157+00:00,Sengkang ActiveSG Gym,58%
2026-09-17T03:45:14.083157+00:00,Senja-Cashew ActiveSG Gym,58%
2026-09-17T03:45:14.083157+00:00,Tampines ActiveSG Gym,55%
2026-09-17T03:45:14.083157+00:00,Woodlands ActiveSG Gym,43%
2026-09-17T03:45:14.083157+00:00,Yio Chu Kang ActiveSG Gym,42%
2026-09-17T03:45:14.083157+00:00,Yishun ActiveSG Gym,40%
2026-09-17T04:00:13.989973+00:00,ActiveSG Gym @ Ang Mo Kio Community Centre,35%
2026-09-17T04:00:13.989973+00:00,ActiveSG Gym @ Enabling Village,36%
2026-09-17T04:00:13.989973+00:00,ActiveSG Gym @ Fernvale Square,67%
2026-09-17T04:00:13.989973+00:00,ActiveSG Gym @ Serangoon Central,40%
2026-09-17T04:00:13.989973+00:00,ActiveSG Gym @ Toa Payoh,51%
2026-09-17T04:00:13.989973+00:00,ActiveSG Gym @ Toa Payoh West Community Centre,20%
2026-09-17T04:00:13.989973+00:00,ActiveSG Hockey Village @ Boon Lay Gym,22%
2026-09-17T04:00:13.989973+00:00,ActiveSG Sport Park @ Teck Ghee ActiveSG Gym,28%
2026-09-17T04:00:13.989973+00:00,Bishan ActiveSG Gym,37%
2026-09-17T04:00:13.989973+00:00,Bukit Batok ActiveSG Gym,57%
2026-09-17T04:00:13.989973+00:00,Bukit Canberra ActiveSG Gym,35%
2026-09-17T04:00:13.989973+00:00,Bukit Gombak ActiveSG Gym,44%
2026-09-17T04:00:13.989973+00:00,Choa Chu Kang ActiveSG Gym,47%
2026-09-17T04:00:13.989973+00:00,Clementi ActiveSG Gym,49%
2026-09-17T04:00:13.989973+00:00,Delta ActiveSG Gym,32%
2026-09-17T04:00:13.989973+00:00,Heartbeat @ Bedok ActiveSG Gym,52%
2026-09-17T04:00:13.989973+00:00,Hougang ActiveSG Gym,43%
2026-09-17T04:00:13.989973+00:00,Jalan Besar ActiveSG Gym,38%
2026-09-17T04:00:13.989973+00:00,Jurong East ActiveSG Gym,24%
2026-09-17T04:00:13.989973+00:00,Jurong Lake Gardens ActiveSG Gym,25%
2026-09-17T04:00:13.989973+00:00,Jurong West ActiveSG Gym,29%
2026-09-17T04:00:13.989973+00:00,Katong ActiveSG Gym,37%
2026-09-17T04:00:13.989973+00:00,Pasir Ris ActiveSG Gym,42%
2026-09-17T04:00:13.989973+00:00,Queenstown ActiveSG Gym,33%
2026-09-17T04:00:13.989973+00:00,Sengkang ActiveSG Gym,58%
2026-09-17T04:00:13.989973+00:00,Senja-Cashew ActiveSG Gym,62%
2026-09-17T04:00:13.989973+00:00,Tampines ActiveSG Gym,59%
2026-09-17T04:00:13.989973+00:00,Woodlands ActiveSG Gym,42%
2026-09-17T04:00:13.989973+00:00,Yio Chu Kang ActiveSG Gym,41%
2026-09-17T04:00:13.989973+00:00,Yishun ActiveSG Gym,43%
2026-09-17T04:15:13.670305+00:00,ActiveSG Gym @ Ang Mo Kio Community Centre,25%
2026-09-17T04:15:13.670305+00:00,ActiveSG Gym @ Enabling Village,31%
2026-09-17T04:15:13.670305+00:00,ActiveSG Gym @ Fernvale Square,75%
2026-09-17T04:15:13.670305+00:00,ActiveSG Gym @ Serangoon Central,43%
2026-09-17T04:15:13.670305+00:00,ActiveSG Gym @ Toa Payoh,46%
2026-09-17T04:15:13.670305+00:00,ActiveSG Gym @ Toa Payoh West Community Centre,27%
2026-09-17T04:15:13.670305+00:00,ActiveSG Hockey Village @ Boon Lay Gym,24%
2026-09-17T04:15:13.670305+00:00,ActiveSG Sport Park @ Teck Ghee ActiveSG Gym,26%
2026-09-17T04:15:13.670305+00:00,Bishan ActiveSG Gym,36%
2026-09-17T04:15:13.670305+00:00,Bukit Batok ActiveSG Gym,60%
2026-09-17T04:15:13.670305+00:00,Bukit Canberra ActiveSG Gym,35%
2026-09-17T04:15:13.670305+00:00,Bukit Gombak ActiveSG Gym,51%
2026-09-17T04:15:13.670305+00:00,Choa Chu Kang ActiveSG Gym,55%
2026-09-17T04:15:13.670305+00:00,Clementi ActiveSG Gym,54%
2026-09-17T04:15:13.670305+00:00,Delta ActiveSG Gym,34%
2026-09-17T04:15:13.670305+00:00,Heartbeat @ Bedok ActiveSG Gym,52%
2026-09-17T04:15:13.670305+00:00,Hougang ActiveSG Gym,43%
2026-09-17T04:15:13.670305+00:00,Jalan Besar ActiveSG Gym,47%
2026-09-17T04:15:13.670305+00:00,Jurong East ActiveSG Gym,24%
2026-09-17T04:15:13.670305+00:00,Jurong Lake Gardens ActiveSG Gym,24%
2026-09-17T04:15:13.670305+00:00,Jurong West ActiveSG Gym,30%
2026-09-17T04:15:13.670305+00:00,Katong ActiveSG Gym,38%
2026-09-17T04:15:13.670305+00:00,Pasir Ris ActiveSG Gym,40%
2026-09-17T04:15:13.670305+00:00,Queenstown ActiveSG Gym,35%
2026-09-17T04:15:13.670305+00:00,Sengkang ActiveSG Gym,54%
2026-09-17T04:15:13.670305+00:00,Senja-Cashew ActiveSG Gym,66%
2026-09-17T04:15:13.670305+00:00,Tampines ActiveSG Gym,53%
2026-09-17T04:15:13.670305+00:00,Woodlands ActiveSG Gym,34%
2026-09-17T04:15:13.670305+00:00,Yio Chu Kang ActiveSG Gym,42%
2026-09-17T04:15:13.670305+00:00,Yishun ActiveSG Gym,47%
2026-09-17T04:30:12.705424+00:00,ActiveSG Gym @ Ang Mo Kio Community Centre,23%
2026-09-17T04:30:12.705424+00:00,ActiveSG Gym @ Enabling Village,33%
2026-09-17T04:30:12.705424+00:00,ActiveSG Gym @ Fernvale Square,65%
2026-09-17T04:30:12.705424+00:00,ActiveSG Gym @ Serangoon Central,20%
2026-09-17T04:30:12.705424+00:00,ActiveSG Gym @ Toa Payoh,47%
2026-09-17T04:30:12.705424+00:00,ActiveSG Gym @ Toa Payoh West Community Centre,27%
2026-09-17T04:30:12.705424+00:00,ActiveSG Hockey Village @ Boon Lay Gym,25%
2026-09-17T04:30:12.705424+00:00,ActiveSG Sport Park @ Teck Ghee ActiveSG Gym,26%
2026-09-17T04:30:12.705424+00:00,Bishan ActiveSG Gym,31%
2026-09-17T04:30:12.705424+00:00,Bukit Batok ActiveSG Gym,75%
2026-09-17T04:30:12.705424+00:00,Bukit Canberra ActiveSG Gym,32%
2026-09-17T04:30:12.705424+00:00,Bukit Gombak ActiveSG Gym,49%
2026-09-17T04:30:12.705424+00:00,Choa Chu Kang ActiveSG Gym,51%
2026-09-17T04:30:12.705424+00:00,Clementi ActiveSG Gym,46%
2026-09-17T04:30:12.705424+00:00,Delta ActiveSG Gym,34%
2026-09-17T04:30:12.705424+00:00,Heartbeat @ Bedok ActiveSG Gym,53%
2026-09-17T04:30:12.705424+00:00,Hougang ActiveSG Gym,45%
2026-09-17T04:30:12.705424+00:00,Jalan Besar ActiveSG Gym,47%
2026-09-17T04:30:12.705424+00:00,Jurong East ActiveSG Gym,24%
2026-09-17T04:30:12.705424+00:00,Jurong Lake Gardens ActiveSG Gym,24%
2026-09-17T04:30:12.705424+00:00,Jurong West ActiveSG Gym,32%
2026-09-17T04:30:12.705424+00:00,Katong ActiveSG Gym,38%
2026-09-17T04:30:12.705424+00:00,Pasir Ris ActiveSG Gym,39%
2026-09-17T04:30:12.705424+00:00,Queenstown ActiveSG Gym,32%
2026-09-17T04:30:12.705424+00:00,Sengkang ActiveSG Gym,54%
2026-09-17T04:30:12.705424+00:00,Senja-Cashew ActiveSG Gym,63%
2026-09-17T04:30:12.705424+00:00,Tampines ActiveSG Gym,50%
2026-09-17T04:30:12.705424+00:00,Woodlands ActiveSG Gym,28%
2026-09-17T04:30:12.705424+00:00,Yio Chu Kang ActiveSG Gym,39%
2026-09-17T04:30:12.705424+00:00,Yishun ActiveSG Gym,48%
2026-09-17T04:45:13.887810+00:00,ActiveSG Gym @ Ang Mo Kio Community Centre,17%
2026-09-17T04:45:13.887810+00:00,ActiveSG Gym @ Enabling Village,16%
2026-09-17T04:45:13.887810+00:00,ActiveSG Gym @ Fernvale Square,58%
2026-09-17T04:45:13.887810+00:00,ActiveSG Gym @ Serangoon Central,27%
2026-09-17T04:45:13.887810+00:00,ActiveSG Gym @ Toa Payoh,46%
2026-09-17T04:45:13.887810+00:00,ActiveSG Gym @ Toa Payoh West Community Centre,29%
2026-09-17T04:45:13.887810+00:00,ActiveSG Hockey Village @ Boon Lay Gym,23%
2026-09-17T04:45:13.887810+00:00,ActiveSG Sport Park @ Teck Ghee ActiveSG Gym,25%
2026-09-17T04:45:13.887810+00:00,Bishan ActiveSG Gym,29%
2026-09-17T04:45:13.887810+00:00,Bukit Batok ActiveSG Gym,83%
2026-09-17T04:45:13.887810+00:00,Bukit Canberra ActiveSG Gym,30%
2026-09-17T04:45:13.887810+00:00,Bukit Gombak ActiveSG Gym,46%
2026-09-17T04:45:13.887810+00:00,Choa Chu Kang ActiveSG Gym,51%
2026-09-17T04:45:13.887810+00:00,Clementi ActiveSG Gym,48%
2026-09-17T04:45:13.887810+00:00,Delta ActiveSG Gym,36%
2026-09-17T04:45:13.887810+00:00,Heartbeat @ Bedok ActiveSG Gym,48%
2026-09-17T04:45:13.887810+00:00,Hougang ActiveSG Gym,33%
2026-09-17T04:45:13.887810+00:00,Jalan Besar ActiveSG Gym,39%
2026-09-17T04:45:13.887810+00:00,Jurong East ActiveSG Gym,19%
2026-09-17T04:45:13.887810+00:00,Jurong Lake Gardens ActiveSG Gym,25%
2026-09-17T04:45:13.887810+00:00,Jurong West ActiveSG Gym,33%
2026-09-17T04:45:13.887810+00:00,Katong ActiveSG Gym,38%
2026-09-17T04:45:13.887810+00:00,Pasir Ris ActiveSG Gym,35%
2026-09-17T04:45:13.887810+00:00,Queenstown ActiveSG Gym,32%
2026-09-17T04:45:13.887810+00:00,Sengkang ActiveSG Gym,48%
2026-09-17T04:45:13.887810+00:00,Senja-Cashew ActiveSG Gym,65%
2026-09-17T04:45:13.887810+00:00,Tampines ActiveSG Gym,45%
2026-09-17T04:45:13.887810+00:00,Woodlands ActiveSG Gym,32%
2026-09-17T04:45:13.887810+00:00,Yio Chu Kang ActiveSG Gym,37%
2026-09-17T04:45:13.887810+00:00,Yishun ActiveSG Gym,45%
2026-09-17T05:00:13.818787+00:00,ActiveSG Gym @ Ang Mo Kio Community Centre,27%
2026-09-17T05:00:13.818787+00:00,ActiveSG Gym @ Enabling Village,18%
2026-09-17T05:00:13.818787+00:00,ActiveSG Gym @ Fernvale Square,52%
2026-09-17T05:00:13.818787+00:00,ActiveSG Gym @ Serangoon Central,23%
2026-09-17T05:00:13.818787+00:00,ActiveSG Gym @ Toa Payoh,44%
2026-09-17T05:00:13.818787+00:00,ActiveSG Gym @ Toa Payoh West Community Centre,19%
2026-09-17T05:00:13.818787+00:00,ActiveSG Hockey Village @ Boon Lay Gym,25%
2026-09-17T05:00:13.818787+00:00,ActiveSG Sport Park @ Teck Ghee ActiveSG Gym,22%
2026-09-17T05:00:13.818787+00:00,Bishan ActiveSG Gym,27%
2026-09-17T05:00:13.818787+00:00,Bukit Batok ActiveSG Gym,68%
2026-09-17T05:00:13.818787+00:00,Bukit Canberra ActiveSG Gym,30%
2026-09-17T05:00:13.818787+00:00,Bukit Gombak ActiveSG Gym,47%
2026-09-17T05:00:13.818787+00:00,Choa Chu Kang ActiveSG Gym,52%
2026-09-17T05:00:13.818787+00:00,Clementi ActiveSG Gym,46%
2026-09-17T05:00:13.818787+00:00,Delta ActiveSG Gym,38%
2026-09-17T05:00:13.818787+00:00,Heartbeat @ Bedok ActiveSG Gym,49%
2026-09-17T05:00:13.818787+00:00,Hougang ActiveSG Gym,31%
2026-09-17T05:00:13.818787+00:00,Jalan Besar ActiveSG Gym,32%
2026-09-17T05:00:13.818787+00:00,Jurong East ActiveSG Gym,20%
2026-09-17T05:00:13.818787+00:00,Jurong Lake Gardens ActiveSG Gym,24%
2026-09-17T05:00:13.818787+00:00,Jurong West ActiveSG Gym,34%
2026-09-17T05:00:13.818787+00:00,Katong ActiveSG Gym,38%
2026-09-17T05:00:13.818787+00:00,Pasir Ris ActiveSG Gym,33%
2026-09-17T05:00:13.818787+00:00,Queenstown ActiveSG Gym,30%
2026-09-17T05:00:13.818787+00:00,Sengkang ActiveSG Gym,44%
2026-09-17T05:00:13.818787+00:00,Senja-Cashew ActiveSG Gym,60%
2026-09-17T05:00:13.818787+00:00,Tampines ActiveSG Gym,52%
2026-09-17T05:00:13.818787+00:00,Woodlands ActiveSG Gym,32%
2026-09-17T05:00:13.818787+00:00,Yio Chu Kang ActiveSG Gym,33%
2026-09-17T05:00:13.818787+00:00,Yishun ActiveSG Gym,42%
2026-09-17T05:15:13.931999+00:00,ActiveSG Gym @ Ang Mo Kio Community Centre,32%
2026-09-17T05:15:13.931999+00:00,ActiveSG Gym @ Enabling Village,18%
2026-09-17T05:15:13.931999+00:00,ActiveSG Gym @ Fernvale Square,42%
2026-09-17T05:15:13.931999+00:00,ActiveSG Gym @ Serangoon Central,30%
2026-09-17T05:15:13.931999+00:00,ActiveSG Gym @ Toa Payoh,43%
2026-09-17T05:15:13.931999+00:00,ActiveSG Gym @ Toa Payoh West Community Centre,19%
2026-09-17T05:15:13.931999+00:00,ActiveSG Hockey Village @ Boon Lay Gym,26%
2026-09-17T05:15:13.931999+00:00,ActiveSG Sport Park @ Teck Ghee ActiveSG Gym,22%
2026-09-17T05:15:13.931999+00:00,Bishan ActiveSG Gym,23%
2026-09-17T05:15:13.931999+00:00,Bukit Batok ActiveSG Gym,73%
2026-09-17T05:15:13.931999+00:00,Bukit Canberra ActiveSG Gym,33%
2026-09-17T05:15:13.931999+00:00,Bukit Gombak ActiveSG Gym,46%
2026-09-17T05:15:13.931999+00:00,Choa Chu Kang ActiveSG Gym,53%
2026-09-17T05:15:13.931999+00:00,Clementi ActiveSG Gym,33%
2026-09-17T05:15:13.931999+00:00,Delta ActiveSG Gym,26%
2026-09-17T05:15:13.931999+00:00,Heartbeat @ Bedok ActiveSG Gym,46%
2026-09-17T05:15:13.931999+00:00,Hougang ActiveSG Gym,29%
2026-09-17T05:15:13.931999+00:00,Jalan Besar ActiveSG Gym,28%
2026-09-17T05:15:13.931999+00:00,Jurong East ActiveSG Gym,16%
2026-09-17T05:15:13.931999+00:00,Jurong Lake Gardens ActiveSG Gym,27%
2026-09-17T05:15:13.931999+00:00,Jurong West ActiveSG Gym,28%
2026-09-17T05:15:13.931999+00:00,Katong ActiveSG Gym,38%
2026-09-17T05:15:13.931999+00:00,Pasir Ris ActiveSG Gym,31%
2026-09-17T05:15:13.931999+00:00,Queenstown ActiveSG Gym,29%
2026-09-17T05:15:13.931999+00:00,Sengkang ActiveSG Gym,43%
2026-09-17T05:15:13.931999+00:00,Senja-Cashew ActiveSG Gym,52%
2026-09-17T05:15:13.931999+00:00,Tampines ActiveSG Gym,49%
2026-09-17T05:15:13.931999+00:00,Woodlands ActiveSG Gym,36%
2026-09-17T05:15:13.931999+00:00,Yio Chu Kang ActiveSG Gym,33%
2026-09-17T05:15:13.931999+00:00,Yishun ActiveSG Gym,30%
2026-09-17T05:30:13.912424+00:00,ActiveSG Gym @ Ang Mo Kio Community Centre,33%
2026-09-17T05:30:13.912424+00:00,ActiveSG Gym @ Enabling Village,18%
2026-09-17T05:30:13.912424+00:00,ActiveSG Gym @ Fernvale Square,28%
2026-09-17T05:30:13.912424+00:00,ActiveSG Gym @ Serangoon Central,37%
2026-09-17T05:30:13.912424+00:00,ActiveSG Gym @ Toa Payoh,32%
2026-09-17T05:30:13.912424+00:00,ActiveSG Gym @ Toa Payoh West Community Centre,15%
2026-09-17T05:30:13.912424+00:00,ActiveSG Hockey Village @ Boon Lay Gym,26%
2026-09-17T05:30:13.912424+00:00,ActiveSG Sport Park @ Teck Ghee ActiveSG Gym,24%
2026-09-17T05:30:13.912424+00:00,Bishan ActiveSG Gym,18%
2026-09-17T05:30:13.912424+00:00,Bukit Batok ActiveSG Gym,75%
2026-09-17T05:30:13.912424+00:00,Bukit Canberra ActiveSG Gym,35%
2026-09-17T05:30:13.912424+00:00,Bukit Gombak ActiveSG Gym,43%
2026-09-17T05:30:13.912424+00:00,Choa Chu Kang ActiveSG Gym,54%
2026-09-17T05:30:13.912424+00:00,Clementi ActiveSG Gym,41%
2026-09-17T05:30:13.912424+00:00,Delta ActiveSG Gym,27%
2026-09-17T05:30:13.912424+00:00,Heartbeat @ Bedok ActiveSG Gym,53%
2026-09-17T05:30:13.912424+00:00,Hougang ActiveSG Gym,28%
2026-09-17T05:30:13.912424+00:00,Jalan Besar ActiveSG Gym,25%
2026-09-17T05:30:13.912424+00:00,Jurong East ActiveSG Gym,17%
2026-09-17T05:30:13.912424+00:00,Jurong Lake Gardens ActiveSG Gym,29%
2026-09-17T05:30:13.912424+00:00,Jurong West ActiveSG Gym,27%
2026-09-17T05:30:13.912424+00:00,Katong ActiveSG Gym,38%
2026-09-17T05:30:13.912424+00:00,Pasir Ris ActiveSG Gym,30%
2026-09-17T05:30:13.912424+00:00,Queenstown ActiveSG Gym,24%
2026-09-17T05:30:13.912424+00:00,Sengkang ActiveSG Gym,40%
2026-09-17T05:30:13.912424+00:00,Senja-Cashew ActiveSG Gym,51%
2026-09-17T05:30:13.912424+00:00,Tampines ActiveSG Gym,49%
2026-09-17T05:30:13.912424+00:00,Woodlands ActiveSG Gym,41%
2026-09-17T05:30:13.912424+00:00,Yio Chu Kang ActiveSG Gym,31%
2026-09-17T05:30:13.912424+00:00,Yishun ActiveSG Gym,30%
2026-09-17T05:45:13.864736+00:00,ActiveSG Gym @ Ang Mo Kio Community Centre,28%
2026-09-17T05:45:13.864736+00:00,ActiveSG Gym @ Enabling Village,20%
2026-09-17T05:45:13.864736+00:00,ActiveSG Gym @ Fernvale Square,30%
2026-09-17T05:45:13.864736+00:00,ActiveSG Gym @ Serangoon Central,47%
2026-09-17T05:45:13.864736+00:00,ActiveSG Gym @ Toa Payoh,35%
2026-09-17T05:45:13.864736+00:00,ActiveSG Gym @ Toa Payoh West Community Centre,19%
2026-09-17T05:45:13.864736+00:00,ActiveSG Hockey Village @ Boon Lay Gym,27%
2026-09-17T05:45:13.864736+00:00,ActiveSG Sport Park @ Teck Ghee ActiveSG Gym,23%
2026-09-17T05:45:13.864736+00:00,Bishan ActiveSG Gym,19%
2026-09-17T05:45:13.864736+00:00,Bukit Batok ActiveSG Gym,80%
2026-09-17T05:45:13.864736+00:00,Bukit Canberra ActiveSG Gym,36%
2026-09-17T05:45:13.864736+00:00,Bukit Gombak ActiveSG Gym,39%
2026-09-17T05:45:13.864736+00:00,Choa Chu Kang ActiveSG Gym,56%
2026-09-17T05:45:13.864736+00:00,Clementi ActiveSG Gym,35%
2026-09-17T05:45:13.864736+00:00,Delta ActiveSG Gym,24%
2026-09-17T05:45:13.864736+00:00,Heartbeat @ Bedok ActiveSG Gym,46%
2026-09-17T05:45:13.864736+00:00,Hougang ActiveSG Gym,27%
2026-09-17T05:45:13.864736+00:00,Jalan Besar ActiveSG Gym,26%
2026-09-17T05:45:13.864736+00:00,Jurong East ActiveSG Gym,18%
2026-09-17T05:45:13.864736+00:00,Jurong Lake Gardens ActiveSG Gym,28%
2026-09-17T05:45:13.864736+00:00,Jurong West ActiveSG Gym,26%
2026-09-17T05:45:13.864736+00:00,Katong ActiveSG Gym,35%
2026-09-17T05:45:13.864736+00:00,Pasir Ris ActiveSG Gym,23%
2026-09-17T05:45:13.864736+00:00,Queenstown ActiveSG Gym,26%
2026-09-17T05:45:13.864736+00:00,Sengkang ActiveSG Gym,34%
2026-09-17T05:45:13.864736+00:00,Senja-Cashew ActiveSG Gym,45%
2026-09-17T05:45:13.864736+00:00,Tampines ActiveSG Gym,45%
2026-09-17T05:45:13.864736+00:00,Woodlands ActiveSG Gym,38%
2026-09-17T05:45:13.864736+00:00,Yio Chu Kang ActiveSG Gym,27%
2026-09-17T05:45:13.864736+00:00,Yishun ActiveSG Gym,36%
2026-09-17T06:00:14.457043+00:00,ActiveSG Gym @ Ang Mo Kio Community Centre,33%
2026-09-17T06:00:14.457043+00:00,ActiveSG Gym @ Enabling Village,24%
2026-09-17T06:00:14.457043+00:00,ActiveSG Gym @ Fernvale Square,35%
2026-09-17T06:00:14.457043+00:00,ActiveSG Gym @ Serangoon Central,37%
2026-09-17T06:00:14.457043+00:00,ActiveSG Gym @ Toa Payoh,36%
2026-09-17T06:00:14.457043+00:00,ActiveSG Gym @ Toa Payoh West Community Centre,19%
2026-09-17T06:00:14.457043+00:00,ActiveSG Hockey Village @ Boon Lay Gym,26%
2026-09-17T06:00:14.457043+00:00,ActiveSG Sport Park @ Teck Ghee ActiveSG Gym,24%
2026-09-17T06:00:14.457043+00:00,Bishan ActiveSG Gym,19%
2026-09-17T06:00:14.457043+00:00,Bukit Batok ActiveSG Gym,48%
2026-09-17T06:00:14.457043+00:00,Bukit Canberra ActiveSG Gym,39%
2026-09-17T06:00:14.457043+00:00,Bukit Gombak ActiveSG Gym,38%
2026-09-17T06:00:14.457043+00:00,Choa Chu Kang ActiveSG Gym,55%
2026-09-17T06:00:14.457043+00:00,Clementi ActiveSG Gym,39%
2026-09-17T06:00:14.457043+00:00,Delta ActiveSG Gym,25%
2026-09-17T06:00:14.457043+00:00,Heartbeat @ Bedok ActiveSG Gym,46%
2026-09-17T06:00:14.457043+00:00,Hougang ActiveSG Gym,28%
2026-09-17T06:00:14.457043+00:00,Jalan Besar ActiveSG Gym,27%
2026-09-17T06:00:14.457043+00:00,Jurong East ActiveSG Gym,15%
2026-09-17T06:00:14.457043+00:00,Jurong Lake Gardens ActiveSG Gym,28%
2026-09-17T06:00:14.457043+00:00,Jurong West ActiveSG Gym,25%
2026-09-17T06:00:14.457043+00:00,Katong ActiveSG Gym,40%
2026-09-17T06:00:14.457043+00:00,Pasir Ris ActiveSG Gym,26%
2026-09-17T06:00:14.457043+00:00,Queenstown ActiveSG Gym,27%
2026-09-17T06:00:14.457043+00:00,Sengkang ActiveSG Gym,32%
2026-09-17T06:00:14.457043+00:00,Senja-Cashew ActiveSG Gym,58%
2026-09-17T06:00:14.457043+00:00,Tampines ActiveSG Gym,42%
2026-09-17T06:00:14.457043+00:00,Woodlands ActiveSG Gym,41%
2026-09-17T06:00:14.457043+00:00,Yio Chu Kang ActiveSG Gym,31%
2026-09-17T06:00:14.457043+00:00,Yishun ActiveSG Gym,40%
2026-09-17T06:15:12.731187+00:00,ActiveSG Gym @ Ang Mo Kio Community Centre,28%
2026-09-17T06:15:12.731187+00:00,ActiveSG Gym @ Enabling Village,27%
2026-09-17T06:15:12.731187+00:00,ActiveSG Gym @ Fernvale Square,35%
2026-09-17T06:15:12.731187+00:00,ActiveSG Gym @ Serangoon Central,37%
2026-09-17T06:15:12.731187+00:00,ActiveSG Gym @ Toa Payoh,31%
2026-09-17T06:15:12.731187+00:00,ActiveSG Gym @ Toa Payoh West Community Centre,21%
2026-09-17T06:15:12.731187+00:00,ActiveSG Hockey Village @ Boon Lay Gym,14%
2026-09-17T06:15:12.731187+00:00,ActiveSG Sport Park @ Teck Ghee ActiveSG Gym,25%
2026-09-17T06:15:12.731187+00:00,Bishan ActiveSG Gym,23%
2026-09-17T06:15:12.731187+00:00,Bukit Batok ActiveSG Gym,50%
2026-09-17T06:15:12.731187+00:00,Bukit Canberra ActiveSG Gym,42%
2026-09-17T06:15:12.731187+00:00,Bukit Gombak ActiveSG Gym,38%
2026-09-17T06:15:12.731187+00:00,Choa Chu Kang ActiveSG Gym,52%
2026-09-17T06:15:12.731187+00:00,Clementi ActiveSG Gym,42%
2026-09-17T06:15:12.731187+00:00,Delta ActiveSG Gym,27%
2026-09-17T06:15:12.731187+00:00,Heartbeat @ Bedok ActiveSG Gym,50%
2026-09-17T06:15:12.731187+00:00,Hougang ActiveSG Gym,35%
2026-09-17T06:15:12.731187+00:00,Jalan Besar ActiveSG Gym,33%
2026-09-17T06:15:12.731187+00:00,Jurong East ActiveSG Gym,16%
2026-09-17T06:15:12.731187+00:00,Jurong Lake Gardens ActiveSG Gym,27%
2026-09-17T06:15:12.731187+00:00,Jurong West ActiveSG Gym,24%
2026-09-17T06:15:12.731187+00:00,Katong ActiveSG Gym,38%
2026-09-17T06:15:12.731187+00:00,Pasir Ris ActiveSG Gym,29%
2026-09-17T06:15:12.731187+00:00,Queenstown ActiveSG Gym,29%
2026-09-17T06:15:12.731187+00:00,Sengkang ActiveSG Gym,36%
2026-09-17T06:15:12.731187+00:00,Senja-Cashew ActiveSG Gym,62%
2026-09-17T06:15:12.731187+00:00,Tampines ActiveSG Gym,41%
2026-09-17T06:15:12.731187+00:00,Woodlands ActiveSG Gym,41%
2026-09-17T06:15:12.731187+00:00,Yio Chu Kang ActiveSG Gym,32%
2026-09-17T06:15:12.731187+00:00,Yishun ActiveSG Gym,38%
2026-09-17T06:30:14.165346+00:00,ActiveSG Gym @ Ang Mo Kio Community Centre,37%
2026-09-17T06:30:14.165346+00:00,ActiveSG Gym @ Enabling Village,22%
2026-09-17T06:30:14.165346+00:00,ActiveSG Gym @ Fernvale Square,40%
2026-09-17T06:30:14.165346+00:00,ActiveSG Gym @ Serangoon Central,30%
2026-09-17T06:30:14.165346+00:00,ActiveSG Gym @ Toa Payoh,34%
2026-09-17T06:30:14.165346+00:00,ActiveSG Gym @ Toa Payoh West Community Centre,23%
2026-09-17T06:30:14.165346+00:00,ActiveSG Hockey Village @ Boon Lay Gym,14%
2026-09-17T06:30:14.165346+00:00,ActiveSG Sport Park @ Teck Ghee ActiveSG Gym,29%
2026-09-17T06:30:14.165346+00:00,Bishan ActiveSG Gym,27%
2026-09-17T06:30:14.165346+00:00,Bukit Batok ActiveSG Gym,48%
2026-09-17T06:30:14.165346+00:00,Bukit Canberra ActiveSG Gym,45%
2026-09-17T06:30:14.165346+00:00,Bukit Gombak ActiveSG Gym,46%
2026-09-17T06:30:14.165346+00:00,Choa Chu Kang ActiveSG Gym,55%
2026-09-17T06:30:14.165346+00:00,Clementi ActiveSG Gym,42%
2026-09-17T06:30:14.165346+00:00,Delta ActiveSG Gym,31%
2026-09-17T06:30:14.165346+00:00,Heartbeat @ Bedok ActiveSG Gym,49%
2026-09-17T06:30:14.165346+00:00,Hougang ActiveSG Gym,33%
2026-09-17T06:30:14.165346+00:00,Jalan Besar ActiveSG Gym,39%
2026-09-17T06:30:14.165346+00:00,Jurong East ActiveSG Gym,16%
2026-09-17T06:30:14.165346+00:00,Jurong Lake Gardens ActiveSG Gym,14%
2026-09-17T06:30:14.165346+00:00,Jurong West ActiveSG Gym,26%
2026-09-17T06:30:14.165346+00:00,Katong ActiveSG Gym,37%
2026-09-17T06:30:14.165346+00:00,Pasir Ris ActiveSG Gym,35%
2026-09-17T06:30:14.165346+00:00,Queenstown ActiveSG Gym,30%
2026-09-17T06:30:14.165346+00:00,Sengkang ActiveSG Gym,39%
2026-09-17T06:30:14.165346+00:00,Senja-Cashew ActiveSG Gym,65%
2026-09-17T06:30:14.165346+00:00,Tampines ActiveSG Gym,43%
2026-09-17T06:30:14.165346+00:00,Woodlands ActiveSG Gym,41%
2026-09-17T06:30:14.165346+00:00,Yio Chu Kang ActiveSG Gym,34%
2026-09-17T06:30:14.165346+00:00,Yishun ActiveSG Gym,43%
2026-09-17T06:45:13.868855+00:00,ActiveSG Gym @ Ang Mo Kio Community Centre,38%
2026-09-17T06:45:13.868855+00:00,ActiveSG Gym @ Enabling Village,22%
2026-09-17T06:45:13.868855+00:00,ActiveSG Gym @ Fernvale Square,47%
2026-09-17T06:45:13.868855+00:00,ActiveSG Gym @ Serangoon Central,27%
2026-09-17T06:45:13.868855+00:00,ActiveSG Gym @ Toa Payoh,32%
2026-09-17T06:45:13.868855+00:00,ActiveSG Gym @ Toa Payoh West Community Centre,23%
2026-09-17T06:45:13.868855+00:00,ActiveSG Hockey Village @ Boon Lay Gym,15%
2026-09-17T06:45:13.868855+00:00,ActiveSG Sport Park @ Teck Ghee ActiveSG Gym,29%
2026-09-17T06:45:13.868855+00:00,Bishan ActiveSG Gym,27%
2026-09-17T06:45:13.868855+00:00,Bukit Batok ActiveSG Gym,63%
2026-09-17T06:45:13.868855+00:00,Bukit Canberra ActiveSG Gym,46%
2026-09-17T06:45:13.868855+00:00,Bukit Gombak ActiveSG Gym,48%
2026-09-17T06:45:13.868855+00:00,Choa Chu Kang ActiveSG Gym,55%
2026-09-17T06:45:13.868855+00:00,Clementi ActiveSG Gym,39%
2026-09-17T06:45:13.868855+00:00,Delta ActiveSG Gym,32%
2026-09-17T06:45:13.868855+00:00,Heartbeat @ Bedok ActiveSG Gym,54%
2026-09-17T06:45:13.868855+00:00,Hougang ActiveSG Gym,29%
2026-09-17T06:45:13.868855+00:00,Jalan Besar ActiveSG Gym,42%
2026-09-17T06:45:13.868855+00:00,Jurong East ActiveSG Gym,17%
2026-09-17T06:45:13.868855+00:00,Jurong Lake Gardens ActiveSG Gym,14%
2026-09-17T06:45:13.868855+00:00,Jurong West ActiveSG Gym,27%
2026-09-17T06:45:13.868855+00:00,Katong ActiveSG Gym,32%
2026-09-17T06:45:13.868855+00:00,Pasir Ris ActiveSG Gym,33%
2026-09-17T06:45:13.868855+00:00,Queenstown ActiveSG Gym,30%
2026-09-17T06:45:13.868855+00:00,Sengkang ActiveSG Gym,45%
2026-09-17T06:45:13.868855+00:00,Senja-Cashew ActiveSG Gym,66%
2026-09-17T06:45:13.868855+00:00,Tampines ActiveSG Gym,46%
2026-09-17T06:45:13.868855+00:00,Woodlands ActiveSG Gym,40%
2026-09-17T06:45:13.868855+00:00,Yio Chu Kang ActiveSG Gym,32%
2026-09-17T06:45:13.868855+00:00,Yishun ActiveSG Gym,44%
2026-09-17T07:00:11.543858+00:00,ActiveSG Gym @ Ang Mo Kio Community Centre,38%
2026-09-17T07:00:11.543858+00:00,ActiveSG Gym @ Enabling Village,22%
2026-09-17T07:00:11.543858+00:00,ActiveSG Gym @ Fernvale Square,35%
2026-09-17T07:00:11.543858+00:00,ActiveSG Gym @ Serangoon Central,33%
2026-09-17T07:00:11.543858+00:00,ActiveSG Gym @ Toa Payoh,36%
2026-09-17T07:00:11.543858+00:00,ActiveSG Gym @ Toa Payoh West Community Centre,23%
2026-09-17T07:00:11.543858+00:00,ActiveSG Hockey Village @ Boon Lay Gym,15%
2026-09-17T07:00:11.543858+00:00,ActiveSG Sport Park @ Teck Ghee ActiveSG Gym,31%
2026-09-17T07:00:11.543858+00:00,Bishan ActiveSG Gym,25%
2026-09-17T07:00:11.543858+00:00,Bukit Batok ActiveSG Gym,63%
2026-09-17T07:00:11.543858+00:00,Bukit Canberra ActiveSG Gym,50%
2026-09-17T07:00:11.543858+00:00,Bukit Gombak ActiveSG Gym,53%
2026-09-17T07:00:11.543858+00:00,Choa Chu Kang ActiveSG Gym,55%
2026-09-17T07:00:11.543858+00:00,Clementi ActiveSG Gym,32%
2026-09-17T07:00:11.543858+00:00,Delta ActiveSG Gym,31%
2026-09-17T07:00:11.543858+00:00,Heartbeat @ Bedok ActiveSG Gym,43%
2026-09-17T07:00:11.543858+00:00,Hougang ActiveSG Gym,33%
2026-09-17T07:00:11.543858+00:00,Jalan Besar ActiveSG Gym,51%
2026-09-17T07:00:11.543858+00:00,Jurong East ActiveSG Gym,18%
2026-09-17T07:00:11.543858+00:00,Jurong Lake Gardens ActiveSG Gym,15%
2026-09-17T07:00:11.543858+00:00,Jurong West ActiveSG Gym,28%
2026-09-17T07:00:11.543858+00:00,Katong ActiveSG Gym,20%
2026-09-17T07:00:11.543858+00:00,Pasir Ris ActiveSG Gym,37%
2026-09-17T07:00:11.543858+00:00,Queenstown ActiveSG Gym,33%
2026-09-17T07:00:11.543858+00:00,Sengkang ActiveSG Gym,50%
2026-09-17T07:00:11.543858+00:00,Senja-Cashew ActiveSG Gym,71%
2026-09-17T07:00:11.543858+00:00,Tampines ActiveSG Gym,47%
2026-09-17T07:00:11.543858+00:00,Woodlands ActiveSG Gym,42%
2026-09-17T07:00:11.543858+00:00,Yio Chu Kang ActiveSG Gym,36%
2026-09-17T07:00:11.543858+00:00,Yishun ActiveSG Gym,44%
2026-09-17T07:15:14.051447+00:00,ActiveSG Gym @ Ang Mo Kio Community Centre,38%
2026-09-17T07:15:14.051447+00:00,ActiveSG Gym @ Enabling Village,29%
2026-09-17T07:15:14.051447+00:00,ActiveSG Gym @ Fernvale Square,25%
2026-09-17T07:15:14.051447+00:00,ActiveSG Gym @ Serangoon Central,67%
2026-09-17T07:15:14.051447+00:00,ActiveSG Gym @ Toa Payoh,39%
2026-09-17T07:15:14.051447+00:00,ActiveSG Gym @ Toa Payoh West Community Centre,15%
2026-09-17T07:15:14.051447+00:00,ActiveSG Hockey Village @ Boon Lay Gym,17%
2026-09-17T07:15:14.051447+00:00,ActiveSG Sport Park @ Teck Ghee ActiveSG Gym,33%
2026-09-17T07:15:14.051447+00:00,Bishan ActiveSG Gym,25%
2026-09-17T07:15:14.051447+00:00,Bukit Batok ActiveSG Gym,65%
2026-09-17T07:15:14.051447+00:00,Bukit Canberra ActiveSG Gym,51%
2026-09-17T07:15:14.051447+00:00,Bukit Gombak ActiveSG Gym,64%
2026-09-17T07:15:14.051447+00:00,Choa Chu Kang ActiveSG Gym,52%
2026-09-17T07:15:14.051447+00:00,Clementi ActiveSG Gym,36%
2026-09-17T07:15:14.051447+00:00,Delta ActiveSG Gym,33%
2026-09-17T07:15:14.051447+00:00,Heartbeat @ Bedok ActiveSG Gym,44%
2026-09-17T07:15:14.051447+00:00,Hougang ActiveSG Gym,35%
2026-09-17T07:15:14.051447+00:00,Jalan Besar ActiveSG Gym,56%
2026-09-17T07:15:14.051447+00:00,Jurong East ActiveSG Gym,21%
2026-09-17T07:15:14.051447+00:00,Jurong Lake Gardens ActiveSG Gym,17%
2026-09-17T07:15:14.051447+00:00,Jurong West ActiveSG Gym,13%
2026-09-17T07:15:14.051447+00:00,Katong ActiveSG Gym,18%
2026-09-17T07:15:14.051447+00:00,Pasir Ris ActiveSG Gym,35%
2026-09-17T07:15:14.051447+00:00,Queenstown ActiveSG Gym,36%
2026-09-17T07:15:14.051447+00:00,Sengkang ActiveSG Gym,48%
2026-09-17T07:15:14.051447+00:00,Senja-Cashew ActiveSG Gym,78%
2026-09-17T07:15:14.051447+00:00,Tampines ActiveSG Gym,49%
2026-09-17T07:15:14.051447+00:00,Woodlands ActiveSG Gym,44%
2026-09-17T07:15:14.051447+00:00,Yio Chu Kang ActiveSG Gym,40%
2026-09-17T07:15:14.051447+00:00,Yishun ActiveSG Gym,48%
2026-09-17T07:30:13.948014+00:00,ActiveSG Gym @ Ang Mo Kio Community Centre,38%
2026-09-17T07:30:13.948014+00:00,ActiveSG Gym @ Enabling Village,31%
2026-09-17T07:30:13.948014+00:00,ActiveSG Gym @ Fernvale Square,33%
2026-09-17T07:30:13.948014+00:00,ActiveSG Gym @ Serangoon Central,60%
2026-09-17T07:30:13.948014+00:00,ActiveSG Gym @ Toa Payoh,39%
2026-09-17T07:30:13.948014+00:00,ActiveSG Gym @ Toa Payoh West Community Centre,15%
2026-09-17T07:30:13.948014+00:00,ActiveSG Hockey Village @ Boon Lay Gym,17%
2026-09-17T07:30:13.948014+00:00,ActiveSG Sport Park @ Teck Ghee ActiveSG Gym,34%
2026-09-17T07:30:13.948014+00:00,Bishan ActiveSG Gym,25%
2026-09-17T07:30:13.948014+00:00,Bukit Batok ActiveSG Gym,63%
2026-09-17T07:30:13.948014+00:00,Bukit Canberra ActiveSG Gym,48%
2026-09-17T07:30:13.948014+00:00,Bukit Gombak ActiveSG Gym,73%
2026-09-17T07:30:13.948014+00:00,Choa Chu Kang ActiveSG Gym,56%
2026-09-17T07:30:13.948014+00:00,Clementi ActiveSG Gym,43%
2026-09-17T07:30:13.948014+00:00,Delta ActiveSG Gym,31%
2026-09-17T07:30:13.948014+00:00,Heartbeat @ Bedok ActiveSG Gym,45%
2026-09-17T07:30:13.948014+00:00,Hougang ActiveSG Gym,42%
2026-09-17T07:30:13.948014+00:00,Jalan Besar ActiveSG Gym,59%
2026-09-17T07:30:13.948014+00:00,Jurong East ActiveSG Gym,26%
2026-09-17T07:30:13.948014+00:00,Jurong Lake Gardens ActiveSG Gym,18%
2026-09-17T07:30:13.948014+00:00,Jurong West ActiveSG Gym,15%
2026-09-17T07:30:13.948014+00:00,Katong ActiveSG Gym,20%
2026-09-17T07:30:13.948014+00:00,Pasir Ris ActiveSG Gym,36%
2026-09-17T07:30:13.948014+00:00,Queenstown ActiveSG Gym,33%
2026-09-17T07:30:13.948014+00:00,Sengkang ActiveSG Gym,46%
2026-09-17T07:30:13.948014+00:00,Senja-Cashew ActiveSG Gym,77%
2026-09-17T07:30:13.948014+00:00,Tampines ActiveSG Gym,54%
2026-09-17T07:30:13.948014+00:00,Woodlands ActiveSG Gym,44%
2026-09-17T07:30:13.948014+00:00,Yio Chu Kang ActiveSG Gym,38%
2026-09-17T07:30:13.948014+00:00,Yishun ActiveSG Gym,48%
2026-09-17T07:45:14.159945+00:00,ActiveSG Gym @ Ang Mo Kio Community Centre,47%
2026-09-17T07:45:14.159945+00:00,ActiveSG Gym @ Enabling Village,36%
2026-09-17T07:45:14.159945+00:00,ActiveSG Gym @ Fernvale Square,30%
2026-09-17T07:45:14.159945+00:00,ActiveSG Gym @ Serangoon Central,67%
2026-09-17T07:45:14.159945+00:00,ActiveSG Gym @ Toa Payoh,45%
2026-09-17T07:45:14.159945+00:00,ActiveSG Gym @ Toa Payoh West Community Centre,17%
2026-09-17T07:45:14.159945+00:00,ActiveSG Hockey Village @ Boon Lay Gym,16%
2026-09-17T07:45:14.159945+00:00,ActiveSG Sport Park @ Teck Ghee ActiveSG Gym,35%
2026-09-17T07:45:14.159945+00:00,Bishan ActiveSG Gym,31%
2026-09-17T07:45:14.159945+00:00,Bukit Batok ActiveSG Gym,70%
2026-09-17T07:45:14.159945+00:00,Bukit Canberra ActiveSG Gym,52%
2026-09-17T07:45:14.159945+00:00,Bukit Gombak ActiveSG Gym,87%
2026-09-17T07:45:14.159945+00:00,Choa Chu Kang ActiveSG Gym,58%
2026-09-17T07:45:14.159945+00:00,Clementi ActiveSG Gym,46%
2026-09-17T07:45:14.159945+00:00,Delta ActiveSG Gym,30%
2026-09-17T07:45:14.159945+00:00,Heartbeat @ Bedok ActiveSG Gym,45%
2026-09-17T07:45:14.159945+00:00,Hougang ActiveSG Gym,43%
2026-09-17T07:45:14.159945+00:00,Jalan Besar ActiveSG Gym,62%
2026-09-17T07:45:14.159945+00:00,Jurong East ActiveSG Gym,28%
2026-09-17T07:45:14.159945+00:00,Jurong Lake Gardens ActiveSG Gym,15%
2026-09-17T07:45:14.159945+00:00,Jurong West ActiveSG Gym,18%
2026-09-17T07:45:14.159945+00:00,Katong ActiveSG Gym,26%
2026-09-17T07:45:14.159945+00:00,Pasir Ris ActiveSG Gym,36%
2026-09-17T07:45:14.159945+00:00,Queenstown ActiveSG Gym,35%
2026-09-17T07:45:14.159945+00:00,Sengkang ActiveSG Gym,53%
2026-09-17T07:45:14.159945+00:00,Senja-Cashew ActiveSG Gym,75%
2026-09-17T07:45:14.159945+00:00,Tampines ActiveSG Gym,55%
2026-09-17T07:45:14.159945+00:00,Woodlands ActiveSG Gym,39%
2026-09-17T07:45:14.159945+00:00,Yio Chu Kang ActiveSG Gym,43%
2026-09-17T07:45:14.159945+00:00,Yishun ActiveSG Gym,50%
2026-09-17T08:00:13.913313+00:00,ActiveSG Gym @ Ang Mo Kio Community Centre,40%
2026-09-17T08:00:13.913313+00:00,ActiveSG Gym @ Enabling Village,33%
2026-09-17T08:00:13.913313+00:00,ActiveSG Gym @ Fernvale Square,32%
2026-09-17T08:00:13.913313+00:00,ActiveSG Gym @ Serangoon Central,53%
2026-09-17T08:00:13.913313+00:00,ActiveSG Gym @ Toa Payoh,43%
2026-09-17T08:00:13.913313+00:00,ActiveSG Gym @ Toa Payoh West Community Centre,17%
2026-09-17T08:00:13.913313+00:00,ActiveSG Hockey Village @ Boon Lay Gym,17%
2026-09-17T08:00:13.913313+00:00,ActiveSG Sport Park @ Teck Ghee ActiveSG Gym,32%
2026-09-17T08:00:13.913313+00:00,Bishan ActiveSG Gym,45%
2026-09-17T08:00:13.913313+00:00,Bukit Batok ActiveSG Gym,68%
2026-09-17T08:00:13.913313+00:00,Bukit Canberra ActiveSG Gym,55%
2026-09-17T08:00:13.913313+00:00,Bukit Gombak ActiveSG Gym,72%
2026-09-17T08:00:13.913313+00:00,Choa Chu Kang ActiveSG Gym,59%
2026-09-17T08:00:13.913313+00:00,Clementi ActiveSG Gym,57%
2026-09-17T08:00:13.913313+00:00,Delta ActiveSG Gym,32%
2026-09-17T08:00:13.913313+00:00,Heartbeat @ Bedok ActiveSG Gym,49%
2026-09-17T08:00:13.913313+00:00,Hougang ActiveSG Gym,43%
2026-09-17T08:00:13.913313+00:00,Jalan Besar ActiveSG Gym,55%
2026-09-17T08:00:13.913313+00:00,Jurong East ActiveSG Gym,27%
2026-09-17T08:00:13.913313+00:00,Jurong Lake Gardens ActiveSG Gym,17%
2026-09-17T08:00:13.913313+00:00,Jurong West ActiveSG Gym,17%
2026-09-17T08:00:13.913313+00:00,Katong ActiveSG Gym,26%
2026-09-17T08:00:13.913313+00:00,Pasir Ris ActiveSG Gym,36%
2026-09-17T08:00:13.913313+00:00,Queenstown ActiveSG Gym,35%
2026-09-17T08:00:13.913313+00:00,Sengkang ActiveSG Gym,52%
2026-09-17T08:00:13.913313+00:00,Senja-Cashew ActiveSG Gym,75%
2026-09-17T08:00:13.913313+00:00,Tampines ActiveSG Gym,55%
2026-09-17T08:00:13.913313+00:00,Woodlands ActiveSG Gym,39%
2026-09-17T08:00:13.913313+00:00,Yio Chu Kang ActiveSG Gym,48%
2026-09-17T08:00:13.913313+00:00,Yishun ActiveSG Gym,53%
2026-09-17T08:15:14.165690+00:00,ActiveSG Gym @ Ang Mo Kio Community Centre,40%
2026-09-17T08:15:14.165690+00:00,ActiveSG Gym @ Enabling Village,38%
2026-09-17T08:15:14.165690+00:00,ActiveSG Gym @ Fernvale Square,40%
2026-09-17T08:15:14.165690+00:00,ActiveSG Gym @ Serangoon Central,43%
2026-09-17T08:15:14.165690+00:00,ActiveSG Gym @ Toa Payoh,51%
2026-09-17T08:15:14.165690+00:00,ActiveSG Gym @ Toa Payoh West Community Centre,19%
2026-09-17T08:15:14.165690+00:00,ActiveSG Hockey Village @ Boon Lay Gym,18%
2026-09-17T08:15:14.165690+00:00,ActiveSG Sport Park @ Teck Ghee ActiveSG Gym,31%
2026-09-17T08:15:14.165690+00:00,Bishan ActiveSG Gym,48%
2026-09-17T08:15:14.165690+00:00,Bukit Batok ActiveSG Gym,53%
2026-09-17T08:15:14.165690+00:00,Bukit Canberra ActiveSG Gym,55%
2026-09-17T08:15:14.165690+00:00,Bukit Gombak ActiveSG Gym,76%
2026-09-17T08:15:14.165690+00:00,Choa Chu Kang ActiveSG Gym,65%
2026-09-17T08:15:14.165690+00:00,Clementi ActiveSG Gym,57%
2026-09-17T08:15:14.165690+00:00,Delta ActiveSG Gym,35%
2026-09-17T08:15:14.165690+00:00,Heartbeat @ Bedok ActiveSG Gym,50%
2026-09-17T08:15:14.165690+00:00,Hougang ActiveSG Gym,42%
2026-09-17T08:15:14.165690+00:00,Jalan Besar ActiveSG Gym,55%
2026-09-17T08:15:14.165690+00:00,Jurong East ActiveSG Gym,29%
2026-09-17T08:15:14.165690+00:00,Jurong Lake Gardens ActiveSG Gym,18%
2026-09-17T08:15:14.165690+00:00,Jurong West ActiveSG Gym,19%
2026-09-17T08:15:14.165690+00:00,Katong ActiveSG Gym,29%
2026-09-17T08:15:14.165690+00:00,Pasir Ris ActiveSG Gym,36%
2026-09-17T08:15:14.165690+00:00,Queenstown ActiveSG Gym,39%
2026-09-17T08:15:14.165690+00:00,Sengkang ActiveSG Gym,50%
2026-09-17T08:15:14.165690+00:00,Senja-Cashew ActiveSG Gym,74%
2026-09-17T08:15:14.165690+00:00,Tampines ActiveSG Gym,56%
2026-09-17T08:15:14.165690+00:00,Woodlands ActiveSG Gym,40%
2026-09-17T08:15:14.165690+00:00,Yio Chu Kang ActiveSG Gym,48%
2026-09-17T08:15:14.165690+00:00,Yishun ActiveSG Gym,50%
2026-09-17T08:30:12.732467+00:00,ActiveSG Gym @ Ang Mo Kio Community Centre,40%
2026-09-17T08:30:12.732467+00:00,ActiveSG Gym @ Enabling Village,31%
2026-09-17T08:30:12.732467+00:00,ActiveSG Gym @ Fernvale Square,52%
2026-09-17T08:30:12.732467+00:00,ActiveSG Gym @ Serangoon Central,27%
2026-09-17T08:30:12.732467+00:00,ActiveSG Gym @ Toa Payoh,50%
2026-09-17T08:30:12.732467+00:00,ActiveSG Gym @ Toa Payoh West Community Centre,19%
2026-09-17T08:30:12.732467+00:00,ActiveSG Hockey Village @ Boon Lay Gym,17%
2026-09-17T08:30:12.732467+00:00,ActiveSG Sport Park @ Teck Ghee ActiveSG Gym,29%
2026-09-17T08:30:12.732467+00:00,Bishan ActiveSG Gym,67%
2026-09-17T08:30:12.732467+00:00,Bukit Batok ActiveSG Gym,48%
2026-09-17T08:30:12.732467+00:00,Bukit Canberra ActiveSG Gym,56%
2026-09-17T08:30:12.732467+00:00,Bukit Gombak ActiveSG Gym,72%
2026-09-17T08:30:12.732467+00:00,Choa Chu Kang ActiveSG Gym,67%
2026-09-17T08:30:12.732467+00:00,Clementi ActiveSG Gym,59%
2026-09-17T08:30:12.732467+00:00,Delta ActiveSG Gym,32%
2026-09-17T08:30:12.732467+00:00,Heartbeat @ Bedok ActiveSG Gym,54%
2026-09-17T08:30:12.732467+00:00,Hougang ActiveSG Gym,43%
2026-09-17T08:30:12.732467+00:00,Jalan Besar ActiveSG Gym,65%
2026-09-17T08:30:12.732467+00:00,Jurong East ActiveSG Gym,27%
2026-09-17T08:30:12.732467+00:00,Jurong Lake Gardens ActiveSG Gym,20%
2026-09-17T08:30:12.732467+00:00,Jurong West ActiveSG Gym,19%
2026-09-17T08:30:12.732467+00:00,Katong ActiveSG Gym,32%
2026-09-17T08:30:12.732467+00:00,Pasir Ris ActiveSG Gym,36%
2026-09-17T08:30:12.732467+00:00,Queenstown ActiveSG Gym,40%
2026-09-17T08:30:12.732467+00:00,Sengkang ActiveSG Gym,59%
2026-09-17T08:30:12.732467+00:00,Senja-Cashew ActiveSG Gym,58%
2026-09-17T08:30:12.732467+00:00,Tampines ActiveSG Gym,57%
2026-09-17T08:30:12.732467+00:00,Woodlands ActiveSG Gym,42%
2026-09-17T08:30:12.732467+00:00,Yio Chu Kang ActiveSG Gym,48%
2026-09-17T08:30:12.732467+00:00,Yishun ActiveSG Gym,49%
2026-09-17T08:45:13.847777+00:00,ActiveSG Gym @ Ang Mo Kio Community Centre,40%
2026-09-17T08:45:13.847777+00:00,ActiveSG Gym @ Enabling Village,29%
2026-09-17T08:45:13.847777+00:00,ActiveSG Gym @ Fernvale Square,50%
2026-09-17T08:45:13.847777+00:00,ActiveSG Gym @ Serangoon Central,27%
2026-09-17T08:45:13.847777+00:00,ActiveSG Gym @ Toa Payoh,51%
2026-09-17T08:45:13.847777+00:00,ActiveSG Gym @ Toa Payoh West Community Centre,19%
2026-09-17T08:45:13.847777+00:00,ActiveSG Hockey Village @ Boon Lay Gym,17%
2026-09-17T08:45:13.847777+00:00,ActiveSG Sport Park @ Teck Ghee ActiveSG Gym,29%
2026-09-17T08:45:13.847777+00:00,Bishan ActiveSG Gym,67%
2026-09-17T08:45:13.847777+00:00,Bukit Batok ActiveSG Gym,55%
2026-09-17T08:45:13.847777+00:00,Bukit Canberra ActiveSG Gym,60%
2026-09-17T08:45:13.847777+00:00,Bukit Gombak ActiveSG Gym,66%
2026-09-17T08:45:13.847777+00:00,Choa Chu Kang ActiveSG Gym,65%
2026-09-17T08:45:13.847777+00:00,Clementi ActiveSG Gym,55%
2026-09-17T08:45:13.847777+00:00,Delta ActiveSG Gym,32%
2026-09-17T08:45:13.847777+00:00,Heartbeat @ Bedok ActiveSG Gym,56%
2026-09-17T08:45:13.847777+00:00,Hougang ActiveSG Gym,44%
2026-09-17T08:45:13.847777+00:00,Jalan Besar ActiveSG Gym,68%
2026-09-17T08:45:13.847777+00:00,Jurong East ActiveSG Gym,31%
2026-09-17T08:45:13.847777+00:00,Jurong Lake Gardens ActiveSG Gym,17%
2026-09-17T08:45:13.847777+00:00,Jurong West ActiveSG Gym,19%
2026-09-17T08:45:13.847777+00:00,Katong ActiveSG Gym,35%
2026-09-17T08:45:13.847777+00:00,Pasir Ris ActiveSG Gym,29%
2026-09-17T08:45:13.847777+00:00,Queenstown ActiveSG Gym,43%
2026-09-17T08:45:13.847777+00:00,Sengkang ActiveSG Gym,54%
2026-09-17T08:45:13.847777+00:00,Senja-Cashew ActiveSG Gym,54%
2026-09-17T08:45:13.847777+00:00,Tampines ActiveSG Gym,55%
2026-09-17T08:45:13.847777+00:00,Woodlands ActiveSG Gym,46%
2026-09-17T08:45:13.847777+00:00,Yio Chu Kang ActiveSG Gym,47%
2026-09-17T08:45:13.847777+00:00,Yishun ActiveSG Gym,53%
2026-09-17T09:00:12.743191+00:00,ActiveSG Gym @ Ang Mo Kio Community Centre,38%
2026-09-17T09:00:12.743191+00:00,ActiveSG Gym @ Enabling Village,33%
2026-09-17T09:00:12.743191+00:00,ActiveSG Gym @ Fernvale Square,52%
2026-09-17T09:00:12.743191+00:00,ActiveSG Gym @ Serangoon Central,50%
2026-09-17T09:00:12.743191+00:00,ActiveSG Gym @ Toa Payoh,57%
2026-09-17T09:00:12.743191+00:00,ActiveSG Gym @ Toa Payoh West Community Centre,24%
2026-09-17T09:00:12.743191+00:00,ActiveSG Hockey Village @ Boon Lay Gym,17%
2026-09-17T09:00:12.743191+00:00,ActiveSG Sport Park @ Teck Ghee ActiveSG Gym,30%
2026-09-17T09:00:12.743191+00:00,Bishan ActiveSG Gym,67%
2026-09-17T09:00:12.743191+00:00,Bukit Batok ActiveSG Gym,63%
2026-09-17T09:00:12.743191+00:00,Bukit Canberra ActiveSG Gym,62%
2026-09-17T09:00:12.743191+00:00,Bukit Gombak ActiveSG Gym,66%
2026-09-17T09:00:12.743191+00:00,Choa Chu Kang ActiveSG Gym,58%
2026-09-17T09:00:12.743191+00:00,Clementi ActiveSG Gym,54%
2026-09-17T09:00:12.743191+00:00,Delta ActiveSG Gym,35%
2026-09-17T09:00:12.743191+00:00,Heartbeat @ Bedok ActiveSG Gym,56%
2026-09-17T09:00:12.743191+00:00,Hougang ActiveSG Gym,42%
2026-09-17T09:00:12.743191+00:00,Jalan Besar ActiveSG Gym,56%
2026-09-17T09:00:12.743191+00:00,Jurong East ActiveSG Gym,42%
2026-09-17T09:00:12.743191+00:00,Jurong Lake Gardens ActiveSG Gym,16%
2026-09-17T09:00:12.743191+00:00,Jurong West ActiveSG Gym,22%
2026-09-17T09:00:12.743191+00:00,Katong ActiveSG Gym,45%
2026-09-17T09:00:12.743191+00:00,Pasir Ris ActiveSG Gym,32%
2026-09-17T09:00:12.743191+00:00,Queenstown ActiveSG Gym,41%
2026-09-17T09:00:12.743191+00:00,Sengkang ActiveSG Gym,55%
2026-09-17T09:00:12.743191+00:00,Senja-Cashew ActiveSG Gym,48%
2026-09-17T09:00:12.743191+00:00,Tampines ActiveSG Gym,57%
2026-09-17T09:00:12.743191+00:00,Woodlands ActiveSG Gym,52%
2026-09-17T09:00:12.743191+00:00,Yio Chu Kang ActiveSG Gym,43%
2026-09-17T09:00:12.743191+00:00,Yishun ActiveSG Gym,47%
2026-09-17T09:15:13.865308+00:00,ActiveSG Gym @ Ang Mo Kio Community Centre,42%
2026-09-17T09:15:13.865308+00:00,ActiveSG Gym @ Enabling Village,33%
2026-09-17T09:15:13.865308+00:00,ActiveSG Gym @ Fernvale Square,42%
2026-09-17T09:15:13.865308+00:00,ActiveSG Gym @ Serangoon Central,57%
2026-09-17T09:15:13.865308+00:00,ActiveSG Gym @ Toa Payoh,64%
2026-09-17T09:15:13.865308+00:00,ActiveSG Gym @ Toa Payoh West Community Centre,24%
2026-09-17T09:15:13.865308+00:00,ActiveSG Hockey Village @ Boon Lay Gym,16%
2026-09-17T09:15:13.865308+00:00,ActiveSG Sport Park @ Teck Ghee ActiveSG Gym,31%
2026-09-17T09:15:13.865308+00:00,Bishan ActiveSG Gym,66%
2026-09-17T09:15:13.865308+00:00,Bukit Batok ActiveSG Gym,53%
2026-09-17T09:15:13.865308+00:00,Bukit Canberra ActiveSG Gym,62%
2026-09-17T09:15:13.865308+00:00,Bukit Gombak ActiveSG Gym,60%
2026-09-17T09:15:13.865308+00:00,Choa Chu Kang ActiveSG Gym,54%
2026-09-17T09:15:13.865308+00:00,Clementi ActiveSG Gym,55%
2026-09-17T09:15:13.865308+00:00,Delta ActiveSG Gym,44%
2026-09-17T09:15:13.865308+00:00,Heartbeat @ Bedok ActiveSG Gym,54%
2026-09-17T09:15:13.865308+00:00,Hougang ActiveSG Gym,46%
2026-09-17T09:15:13.865308+00:00,Jalan Besar ActiveSG Gym,58%
2026-09-17T09:15:13.865308+00:00,Jurong East ActiveSG Gym,52%
2026-09-17T09:15:13.865308+00:00,Jurong Lake Gardens ActiveSG Gym,18%
2026-09-17T09:15:13.865308+00:00,Jurong West ActiveSG Gym,24%
2026-09-17T09:15:13.865308+00:00,Katong ActiveSG Gym,49%
2026-09-17T09:15:13.865308+00:00,Pasir Ris ActiveSG Gym,26%
2026-09-17T09:15:13.865308+00:00,Queenstown ActiveSG Gym,47%
2026-09-17T09:15:13.865308+00:00,Sengkang ActiveSG Gym,58%
2026-09-17T09:15:13.865308+00:00,Senja-Cashew ActiveSG Gym,52%
2026-09-17T09:15:13.865308+00:00,Tampines ActiveSG Gym,58%
2026-09-17T09:15:13.865308+00:00,Woodlands ActiveSG Gym,54%
2026-09-17T09:15:13.865308+00:00,Yio Chu Kang ActiveSG Gym,43%
2026-09-17T09:15:13.865308+00:00,Yishun ActiveSG Gym,52%
2026-09-17T09:30:13.954996+00:00,ActiveSG Gym @ Ang Mo Kio Community Centre,42%
2026-09-17T09:30:13.954996+00:00,ActiveSG Gym @ Enabling Village,33%
2026-09-17T09:30:13.954996+00:00,ActiveSG Gym @ Fernvale Square,37%
2026-09-17T09:30:13.954996+00:00,ActiveSG Gym @ Serangoon Central,50%
2026-09-17T09:30:13.954996+00:00,ActiveSG Gym @ Toa Payoh,64%
2026-09-17T09:30:13.954996+00:00,ActiveSG Gym @ Toa Payoh West Community Centre,32%
2026-09-17T09:30:13.954996+00:00,ActiveSG Hockey Village @ Boon Lay Gym,16%
2026-09-17T09:30:13.954996+00:00,ActiveSG Sport Park @ Teck Ghee ActiveSG Gym,35%
2026-09-17T09:30:13.954996+00:00,Bishan ActiveSG Gym,66%
2026-09-17T09:30:13.954996+00:00,Bukit Batok ActiveSG Gym,55%
2026-09-17T09:30:13.954996+00:00,Bukit Canberra ActiveSG Gym,62%
2026-09-17T09:30:13.954996+00:00,Bukit Gombak ActiveSG Gym,64%
2026-09-17T09:30:13.954996+00:00,Choa Chu Kang ActiveSG Gym,55%
2026-09-17T09:30:13.954996+00:00,Clementi ActiveSG Gym,59%
2026-09-17T09:30:13.954996+00:00,Delta ActiveSG Gym,41%
2026-09-17T09:30:13.954996+00:00,Heartbeat @ Bedok ActiveSG Gym,54%
2026-09-17T09:30:13.954996+00:00,Hougang ActiveSG Gym,47%
2026-09-17T09:30:13.954996+00:00,Jalan Besar ActiveSG Gym,48%
2026-09-17T09:30:13.954996+00:00,Jurong East ActiveSG Gym,57%
2026-09-17T09:30:13.954996+00:00,Jurong Lake Gardens ActiveSG Gym,21%
2026-09-17T09:30:13.954996+00:00,Jurong West ActiveSG Gym,25%
2026-09-17T09:30:13.954996+00:00,Katong ActiveSG Gym,57%
2026-09-17T09:30:13.954996+00:00,Pasir Ris ActiveSG Gym,26%
2026-09-17T09:30:13.954996+00:00,Queenstown ActiveSG Gym,48%
2026-09-17T09:30:13.954996+00:00,Sengkang ActiveSG Gym,60%
2026-09-17T09:30:13.954996+00:00,Senja-Cashew ActiveSG Gym,58%
2026-09-17T09:30:13.954996+00:00,Tampines ActiveSG Gym,59%
2026-09-17T09:30:13.954996+00:00,Woodlands ActiveSG Gym,53%
2026-09-17T09:30:13.954996+00:00,Yio Chu Kang ActiveSG Gym,40%
2026-09-17T09:30:13.954996+00:00,Yishun ActiveSG Gym,55%
2026-09-17T09:45:12.953007+00:00,ActiveSG Gym @ Ang Mo Kio Community Centre,42%
2026-09-17T09:45:12.953007+00:00,ActiveSG Gym @ Enabling Village,33%
2026-09-17T09:45:12.953007+00:00,ActiveSG Gym @ Fernvale Square,30%
2026-09-17T09:45:12.953007+00:00,ActiveSG Gym @ Serangoon Central,60%
2026-09-17T09:45:12.953007+00:00,ActiveSG Gym @ Toa Payoh,62%
2026-09-17T09:45:12.953007+00:00,ActiveSG Gym @ Toa Payoh West Community Centre,35%
2026-09-17T09:45:12.953007+00:00,ActiveSG Hockey Village @ Boon Lay Gym,17%
2026-09-17T09:45:12.953007+00:00,ActiveSG Sport Park @ Teck Ghee ActiveSG Gym,37%
2026-09-17T09:45:12.953007+00:00,Bishan ActiveSG Gym,66%
2026-09-17T09:45:12.953007+00:00,Bukit Batok ActiveSG Gym,60%
2026-09-17T09:45:12.953007+00:00,Bukit Canberra ActiveSG Gym,66%
2026-09-17T09:45:12.953007+00:00,Bukit Gombak ActiveSG Gym,67%
2026-09-17T09:45:12.953007+00:00,Choa Chu Kang ActiveSG Gym,62%
2026-09-17T09:45:12.953007+00:00,Clementi ActiveSG Gym,63%
2026-09-17T09:45:12.953007+00:00,Delta ActiveSG Gym,45%
2026-09-17T09:45:12.953007+00:00,Heartbeat @ Bedok ActiveSG Gym,56%
2026-09-17T09:45:12.953007+00:00,Hougang ActiveSG Gym,47%
2026-09-17T09:45:12.953007+00:00,Jalan Besar ActiveSG Gym,49%
2026-09-17T09:45:12.953007+00:00,Jurong East ActiveSG Gym,57%
2026-09-17T09:45:12.953007+00:00,Jurong Lake Gardens ActiveSG Gym,21%
2026-09-17T09:45:12.953007+00:00,Jurong West ActiveSG Gym,26%
2026-09-17T09:45:12.953007+00:00,Katong ActiveSG Gym,51%
2026-09-17T09:45:12.953007+00:00,Pasir Ris ActiveSG Gym,32%
2026-09-17T09:45:12.953007+00:00,Queenstown ActiveSG Gym,47%
2026-09-17T09:45:12.953007+00:00,Sengkang ActiveSG Gym,60%
2026-09-17T09:45:12.953007+00:00,Senja-Cashew ActiveSG Gym,65%
2026-09-17T09:45:12.953007+00:00,Tampines ActiveSG Gym,59%
2026-09-17T09:45:12.953007+00:00,Woodlands ActiveSG Gym,51%
2026-09-17T09:45:12.953007+00:00,Yio Chu Kang ActiveSG Gym,38%
2026-09-17T09:45:12.953007+00:00,Yishun ActiveSG Gym,50%
2026-09-17T10:00:14.632502+00:00,ActiveSG Gym @ Ang Mo Kio Community Centre,22%
2026-09-17T10:00:14.632502+00:00,ActiveSG Gym @ Enabling Village,36%
2026-09-17T10:00:14.632502+00:00,ActiveSG Gym @ Fernvale Square,28%
2026-09-17T10:00:14.632502+00:00,ActiveSG Gym @ Serangoon Central,60%
2026-09-17T10:00:14.632502+00:00,ActiveSG Gym @ Toa Payoh,63%
2026-09-17T10:00:14.632502+00:00,ActiveSG Gym @ Toa Payoh West Community Centre,31%
2026-09-17T10:00:14.632502+00:00,ActiveSG Hockey Village @ Boon Lay Gym,16%
2026-09-17T10:00:14.632502+00:00,ActiveSG Sport Park @ Teck Ghee ActiveSG Gym,40%
2026-09-17T10:00:14.632502+00:00,Bishan ActiveSG Gym,66%
2026-09-17T10:00:14.632502+00:00,Bukit Batok ActiveSG Gym,53%
2026-09-17T10:00:14.632502+00:00,Bukit Canberra ActiveSG Gym,64%
2026-09-17T10:00:14.632502+00:00,Bukit Gombak ActiveSG Gym,72%
2026-09-17T10:00:14.632502+00:00,Choa Chu Kang ActiveSG Gym,65%
2026-09-17T10:00:14.632502+00:00,Clementi ActiveSG Gym,61%
2026-09-17T10:00:14.632502+00:00,Delta ActiveSG Gym,49%
2026-09-17T10:00:14.632502+00:00,Heartbeat @ Bedok ActiveSG Gym,53%
2026-09-17T10:00:14.632502+00:00,Hougang ActiveSG Gym,50%
2026-09-17T10:00:14.632502+00:00,Jalan Besar ActiveSG Gym,65%
2026-09-17T10:00:14.632502+00:00,Jurong East ActiveSG Gym,49%
2026-09-17T10:00:14.632502+00:00,Jurong Lake Gardens ActiveSG Gym,26%
2026-09-17T10:00:14.632502+00:00,Jurong West ActiveSG Gym,25%
2026-09-17T10:00:14.632502+00:00,Katong ActiveSG Gym,52%
2026-09-17T10:00:14.632502+00:00,Pasir Ris ActiveSG Gym,27%
2026-09-17T10:00:14.632502+00:00,Queenstown ActiveSG Gym,51%
2026-09-17T10:00:14.632502+00:00,Sengkang ActiveSG Gym,60%
2026-09-17T10:00:14.632502+00:00,Senja-Cashew ActiveSG Gym,65%
2026-09-17T10:00:14.632502+00:00,Tampines ActiveSG Gym,59%
2026-09-17T10:00:14.632502+00:00,Woodlands ActiveSG Gym,53%
2026-09-17T10:00:14.632502+00:00,Yio Chu Kang ActiveSG Gym,40%
2026-09-17T10:00:14.632502+00:00,Yishun ActiveSG Gym,57%
2026-09-17T10:15:14.113148+00:00,ActiveSG Gym @ Ang Mo Kio Community Centre,27%
2026-09-17T10:15:14.113148+00:00,ActiveSG Gym @ Enabling Village,36%
2026-09-17T10:15:14.113148+00:00,ActiveSG Gym @ Fernvale Square,45%
2026-09-17T10:15:14.113148+00:00,ActiveSG Gym @ Serangoon Central,50%
2026-09-17T10:15:14.113148+00:00,ActiveSG Gym @ Toa Payoh,59%
2026-09-17T10:15:14.113148+00:00,ActiveSG Gym @ Toa Payoh West Community Centre,35%
2026-09-17T10:15:14.113148+00:00,ActiveSG Hockey Village @ Boon Lay Gym,16%
2026-09-17T10:15:14.113148+00:00,ActiveSG Sport Park @ Teck Ghee ActiveSG Gym,43%
2026-09-17T10:15:14.113148+00:00,Bishan ActiveSG Gym,68%
2026-09-17T10:15:14.113148+00:00,Bukit Batok ActiveSG Gym,50%
2026-09-17T10:15:14.113148+00:00,Bukit Canberra ActiveSG Gym,68%
2026-09-17T10:15:14.113148+00:00,Bukit Gombak ActiveSG Gym,76%
2026-09-17T10:15:14.113148+00:00,Choa Chu Kang ActiveSG Gym,73%
2026-09-17T10:15:14.113148+00:00,Clementi ActiveSG Gym,77%
2026-09-17T10:15:14.113148+00:00,Delta ActiveSG Gym,52%
2026-09-17T10:15:14.113148+00:00,Heartbeat @ Bedok ActiveSG Gym,52%
2026-09-17T10:15:14.113148+00:00,Hougang ActiveSG Gym,50%
2026-09-17T10:15:14.113148+00:00,Jalan Besar ActiveSG Gym,69%
2026-09-17T10:15:14.113148+00:00,Jurong East ActiveSG Gym,56%
2026-09-17T10:15:14.113148+00:00,Jurong Lake Gardens ActiveSG Gym,27%
2026-09-17T10:15:14.113148+00:00,Jurong West ActiveSG Gym,26%
2026-09-17T10:15:14.113148+00:00,Katong ActiveSG Gym,48%
2026-09-17T10:15:14.113148+00:00,Pasir Ris ActiveSG Gym,29%
2026-09-17T10:15:14.113148+00:00,Queenstown ActiveSG Gym,55%
2026-09-17T10:15:14.113148+00:00,Sengkang ActiveSG Gym,66%
2026-09-17T10:15:14.113148+00:00,Senja-Cashew ActiveSG Gym,58%
2026-09-17T10:15:14.113148+00:00,Tampines ActiveSG Gym,62%
2026-09-17T10:15:14.113148+00:00,Woodlands ActiveSG Gym,51%
2026-09-17T10:15:14.113148+00:00,Yio Chu Kang ActiveSG Gym,45%
2026-09-17T10:15:14.113148+00:00,Yishun ActiveSG Gym,61%
2026-09-17T10:30:13.707067+00:00,ActiveSG Gym @ Ang Mo Kio Community Centre,27%
2026-09-17T10:30:13.707067+00:00,ActiveSG Gym @ Enabling Village,36%
2026-09-17T10:30:13.707067+00:00,ActiveSG Gym @ Fernvale Square,42%
2026-09-17T10:30:13.707067+00:00,ActiveSG Gym @ Serangoon Central,60%
2026-09-17T10:30:13.707067+00:00,ActiveSG Gym @ Toa Payoh,63%
2026-09-17T10:30:13.707067+00:00,ActiveSG Gym @ Toa Payoh West Community Centre,29%
2026-09-17T10:30:13.707067+00:00,ActiveSG Hockey Village @ Boon Lay Gym,19%
2026-09-17T10:30:13.707067+00:00,ActiveSG Sport Park @ Teck Ghee ActiveSG Gym,46%
2026-09-17T10:30:13.707067+00:00,Bishan ActiveSG Gym,65%
2026-09-17T10:30:13.707067+00:00,Bukit Batok ActiveSG Gym,43%
2026-09-17T10:30:13.707067+00:00,Bukit Canberra ActiveSG Gym,70%
2026-09-17T10:30:13.707067+00:00,Bukit Gombak ActiveSG Gym,72%
2026-09-17T10:30:13.707067+00:00,Choa Chu Kang ActiveSG Gym,80%
2026-09-17T10:30:13.707067+00:00,Clementi ActiveSG Gym,74%
2026-09-17T10:30:13.707067+00:00,Delta ActiveSG Gym,56%
2026-09-17T10:30:13.707067+00:00,Heartbeat @ Bedok ActiveSG Gym,55%
2026-09-17T10:30:13.707067+00:00,Hougang ActiveSG Gym,52%
2026-09-17T10:30:13.707067+00:00,Jalan Besar ActiveSG Gym,74%
2026-09-17T10:30:13.707067+00:00,Jurong East ActiveSG Gym,51%
2026-09-17T10:30:13.707067+00:00,Jurong Lake Gardens ActiveSG Gym,30%
2026-09-17T10:30:13.707067+00:00,Jurong West ActiveSG Gym,30%
2026-09-17T10:30:13.707067+00:00,Katong ActiveSG Gym,43%
2026-09-17T10:30:13.707067+00:00,Pasir Ris ActiveSG Gym,40%
2026-09-17T10:30:13.707067+00:00,Queenstown ActiveSG Gym,64%
2026-09-17T10:30:13.707067+00:00,Sengkang ActiveSG Gym,70%
2026-09-17T10:30:13.707067+00:00,Senja-Cashew ActiveSG Gym,62%
2026-09-17T10:30:13.707067+00:00,Tampines ActiveSG Gym,69%
2026-09-17T10:30:13.707067+00:00,Woodlands ActiveSG Gym,58%
2026-09-17T10:30:13.707067+00:00,Yio Chu Kang ActiveSG Gym,50%
2026-09-17T10:30:13.707067+00:00,Yishun ActiveSG Gym,67%
2026-09-17T10:45:08.590151+00:00,ActiveSG Gym @ Ang Mo Kio Community Centre,27%
2026-09-17T10:45:08.590151+00:00,ActiveSG Gym @ Enabling Village,24%
2026-09-17T10:45:08.590151+00:00,ActiveSG Gym @ Fernvale Square,48%
2026-09-17T10:45:08.590151+00:00,ActiveSG Gym @ Serangoon Central,73%
2026-09-17T10:45:08.590151+00:00,ActiveSG Gym @ Toa Payoh,65%
2026-09-17T10:45:08.590151+00:00,ActiveSG Gym @ Toa Payoh West Community Centre,33%
2026-09-17T10:45:08.590151+00:00,ActiveSG Hockey Village @ Boon Lay Gym,19%
2026-09-17T10:45:08.590151+00:00,ActiveSG Sport Park @ Teck Ghee ActiveSG Gym,49%
2026-09-17T10:45:08.590151+00:00,Bishan ActiveSG Gym,60%
2026-09-17T10:45:08.590151+00:00,Bukit Batok ActiveSG Gym,55%
2026-09-17T10:45:08.590151+00:00,Bukit Canberra ActiveSG Gym,74%
2026-09-17T10:45:08.590151+00:00,Bukit Gombak ActiveSG Gym,70%
2026-09-17T10:45:08.590151+00:00,Choa Chu Kang ActiveSG Gym,80%
2026-09-17T10:45:08.590151+00:00,Clementi ActiveSG Gym,91%
2026-09-17T10:45:08.590151+00:00,Delta ActiveSG Gym,66%
2026-09-17T10:45:08.590151+00:00,Heartbeat @ Bedok ActiveSG Gym,60%
2026-09-17T10:45:08.590151+00:00,Hougang ActiveSG Gym,54%
2026-09-17T10:45:08.590151+00:00,Jalan Besar ActiveSG Gym,84%
2026-09-17T10:45:08.590151+00:00,Jurong East ActiveSG Gym,51%
2026-09-17T10:45:08.590151+00:00,Jurong Lake Gardens ActiveSG Gym,41%
2026-09-17T10:45:08.590151+00:00,Jurong West ActiveSG Gym,32%
2026-09-17T10:45:08.590151+00:00,Katong ActiveSG Gym,45%
2026-09-17T10:45:08.590151+00:00,Pasir Ris ActiveSG Gym,44%
2026-09-17T10:45:08.590151+00:00,Queenstown ActiveSG Gym,65%
2026-09-17T10:45:08.590151+00:00,Sengkang ActiveSG Gym,73%
2026-09-17T10:45:08.590151+00:00,Senja-Cashew ActiveSG Gym,65%
2026-09-17T10:45:08.590151+00:00,Tampines ActiveSG Gym,69%
2026-09-17T10:45:08.590151+00:00,Woodlands ActiveSG Gym,59%
2026-09-17T10:45:08.590151+00:00,Yio Chu Kang ActiveSG Gym,62%
2026-09-17T10:45:08.590151+00:00,Yishun ActiveSG Gym,65%
2026-09-17T11:00:12.804972+00:00,ActiveSG Gym @ Ang Mo Kio Community Centre,32%
2026-09-17T11:00:12.804972+00:00,ActiveSG Gym @ Enabling Village,27%
2026-09-17T11:00:12.804972+00:00,ActiveSG Gym @ Fernvale Square,60%
2026-09-17T11:00:12.804972+00:00,ActiveSG Gym @ Serangoon Central,93%
2026-09-17T11:00:12.804972+00:00,ActiveSG Gym @ Toa Payoh,68%
2026-09-17T11:00:12.804972+00:00,ActiveSG Gym @ Toa Payoh West Community Centre,39%
2026-09-17T11:00:12.804972+00:00,ActiveSG Hockey Village @ Boon Lay Gym,17%
2026-09-17T11:00:12.804972+00:00,ActiveSG Sport Park @ Teck Ghee ActiveSG Gym,54%
2026-09-17T11:00:12.804972+00:00,Bishan ActiveSG Gym,59%
2026-09-17T11:00:12.804972+00:00,Bukit Batok ActiveSG Gym,60%
2026-09-17T11:00:12.804972+00:00,Bukit Canberra ActiveSG Gym,80%
2026-09-17T11:00:12.804972+00:00,Bukit Gombak ActiveSG Gym,77%
2026-09-17T11:00:12.804972+00:00,Choa Chu Kang ActiveSG Gym,80%
2026-09-17T11:00:12.804972+00:00,Clementi ActiveSG Gym,93%
2026-09-17T11:00:12.804972+00:00,Delta ActiveSG Gym,81%
2026-09-17T11:00:12.804972+00:00,Heartbeat @ Bedok ActiveSG Gym,60%
2026-09-17T11:00:12.804972+00:00,Hougang ActiveSG Gym,57%
2026-09-17T11:00:12.804972+00:00,Jalan Besar ActiveSG Gym,86%
2026-09-17T11:00:12.804972+00:00,Jurong East ActiveSG Gym,59%
2026-09-17T11:00:12.804972+00:00,Jurong Lake Gardens ActiveSG Gym,40%
2026-09-17T11:00:12.804972+00:00,Jurong West ActiveSG Gym,33%
2026-09-17T11:00:12.804972+00:00,Katong ActiveSG Gym,60%
2026-09-17T11:00:12.804972+00:00,Pasir Ris ActiveSG Gym,40%
2026-09-17T11:00:12.804972+00:00,Queenstown ActiveSG Gym,72%
2026-09-17T11:00:12.804972+00:00,Sengkang ActiveSG Gym,83%
2026-09-17T11:00:12.804972+00:00,Senja-Cashew ActiveSG Gym,68%
2026-09-17T11:00:12.804972+00:00,Tampines ActiveSG Gym,82%
2026-09-17T11:00:12.804972+00:00,Woodlands ActiveSG Gym,55%
2026-09-17T11:00:12.804972+00:00,Yio Chu Kang ActiveSG Gym,63%
2026-09-17T11:00:12.804972+00:00,Yishun ActiveSG Gym,63%
2026-09-17T11:15:13.708879+00:00,ActiveSG Gym @ Ang Mo Kio Community Centre,32%
2026-09-17T11:15:13.708879+00:00,ActiveSG Gym @ Enabling Village,38%
2026-09-17T11:15:13.708879+00:00,ActiveSG Gym @ Fernvale Square,63%
2026-09-17T11:15:13.708879+00:00,ActiveSG Gym @ Serangoon Central,97%
2026-09-17T11:15:13.708879+00:00,ActiveSG Gym @ Toa Payoh,75%
2026-09-17T11:15:13.708879+00:00,ActiveSG Gym @ Toa Payoh West Community Centre,39%
2026-09-17T11:15:13.708879+00:00,ActiveSG Hockey Village @ Boon Lay Gym,17%
2026-09-17T11:15:13.708879+00:00,ActiveSG Sport Park @ Teck Ghee ActiveSG Gym,50%
2026-09-17T11:15:13.708879+00:00,Bishan ActiveSG Gym,58%
2026-09-17T11:15:13.708879+00:00,Bukit Batok ActiveSG Gym,63%
2026-09-17T11:15:13.708879+00:00,Bukit Canberra ActiveSG Gym,83%
2026-09-17T11:15:13.708879+00:00,Bukit Gombak ActiveSG Gym,88%
2026-09-17T11:15:13.708879+00:00,Choa Chu Kang ActiveSG Gym,77%
2026-09-17T11:15:13.708879+00:00,Clementi ActiveSG Gym,86%
2026-09-17T11:15:13.708879+00:00,Delta ActiveSG Gym,91%
2026-09-17T11:15:13.708879+00:00,Heartbeat @ Bedok ActiveSG Gym,66%
2026-09-17T11:15:13.708879+00:00,Hougang ActiveSG Gym,65%
2026-09-17T11:15:13.708879+00:00,Jalan Besar ActiveSG Gym,88%
2026-09-17T11:15:13.708879+00:00,Jurong East ActiveSG Gym,53%
2026-09-17T11:15:13.708879+00:00,Jurong Lake Gardens ActiveSG Gym,40%
2026-09-17T11:15:13.708879+00:00,Jurong West ActiveSG Gym,37%
2026-09-17T11:15:13.708879+00:00,Katong ActiveSG Gym,51%
2026-09-17T11:15:13.708879+00:00,Pasir Ris ActiveSG Gym,44%
2026-09-17T11:15:13.708879+00:00,Queenstown ActiveSG Gym,76%
2026-09-17T11:15:13.708879+00:00,Sengkang ActiveSG Gym,88%
2026-09-17T11:15:13.708879+00:00,Senja-Cashew ActiveSG Gym,77%
2026-09-17T11:15:13.708879+00:00,Tampines ActiveSG Gym,72%
2026-09-17T11:15:13.708879+00:00,Woodlands ActiveSG Gym,56%
2026-09-17T11:15:13.708879+00:00,Yio Chu Kang ActiveSG Gym,71%
2026-09-17T11:15:13.708879+00:00,Yishun ActiveSG Gym,66%
2026-09-17T11:30:14.084827+00:00,ActiveSG Gym @ Ang Mo Kio Community Centre,43%
2026-09-17T11:30:14.084827+00:00,ActiveSG Gym @ Enabling Village,42%
2026-09-17T11:30:14.084827+00:00,ActiveSG Gym @ Fernvale Square,55%
2026-09-17T11:30:14.084827+00:00,ActiveSG Gym @ Serangoon Central,87%
2026-09-17T11:30:14.084827+00:00,ActiveSG Gym @ Toa Payoh,81%
2026-09-17T11:30:14.084827+00:00,ActiveSG Gym @ Toa Payoh West Community Centre,45%
2026-09-17T11:30:14.084827+00:00,ActiveSG Hockey Village @ Boon Lay Gym,19%
2026-09-17T11:30:14.084827+00:00,ActiveSG Sport Park @ Teck Ghee ActiveSG Gym,53%
2026-09-17T11:30:14.084827+00:00,Bishan ActiveSG Gym,54%
2026-09-17T11:30:14.084827+00:00,Bukit Batok ActiveSG Gym,68%
2026-09-17T11:30:14.084827+00:00,Bukit Canberra ActiveSG Gym,80%
2026-09-17T11:30:14.084827+00:00,Bukit Gombak ActiveSG Gym,78%
2026-09-17T11:30:14.084827+00:00,Choa Chu Kang ActiveSG Gym,78%
2026-09-17T11:30:14.084827+00:00,Clementi ActiveSG Gym,83%
2026-09-17T11:30:14.084827+00:00,Delta ActiveSG Gym,99%
2026-09-17T11:30:14.084827+00:00,Heartbeat @ Bedok ActiveSG Gym,63%
2026-09-17T11:30:14.084827+00:00,Hougang ActiveSG Gym,62%
2026-09-17T11:30:14.084827+00:00,Jalan Besar ActiveSG Gym,89%
2026-09-17T11:30:14.084827+00:00,Jurong East ActiveSG Gym,58%
2026-09-17T11:30:14.084827+00:00,Jurong Lake Gardens ActiveSG Gym,40%
2026-09-17T11:30:14.084827+00:00,Jurong West ActiveSG Gym,36%
2026-09-17T11:30:14.084827+00:00,Katong ActiveSG Gym,58%
2026-09-17T11:30:14.084827+00:00,Pasir Ris ActiveSG Gym,42%
2026-09-17T11:30:14.084827+00:00,Queenstown ActiveSG Gym,75%
2026-09-17T11:30:14.084827+00:00,Sengkang ActiveSG Gym,90%
2026-09-17T11:30:14.084827+00:00,Senja-Cashew ActiveSG Gym,77%
2026-09-17T11:30:14.084827+00:00,Tampines ActiveSG Gym,74%
2026-09-17T11:30:14.084827+00:00,Woodlands ActiveSG Gym,58%
2026-09-17T11:30:14.084827+00:00,Yio Chu Kang ActiveSG Gym,80%
2026-09-17T11:30:14.084827+00:00,Yishun ActiveSG Gym,70%
2026-09-17T11:45:13.672499+00:00,ActiveSG Gym @ Ang Mo Kio Community Centre,42%
2026-09-17T11:45:13.672499+00:00,ActiveSG Gym @ Enabling Village,36%
2026-09-17T11:45:13.672499+00:00,ActiveSG Gym @ Fernvale Square,58%
2026-09-17T11:45:13.672499+00:00,ActiveSG Gym @ Serangoon Central,87%
2026-09-17T11:45:13.672499+00:00,ActiveSG Gym @ Toa Payoh,79%
2026-09-17T11:45:13.672499+00:00,ActiveSG Gym @ Toa Payoh West Community Centre,44%
2026-09-17T11:45:13.672499+00:00,ActiveSG Hockey Village @ Boon Lay Gym,19%
2026-09-17T11:45:13.672499+00:00,ActiveSG Sport Park @ Teck Ghee ActiveSG Gym,52%
2026-09-17T11:45:13.672499+00:00,Bishan ActiveSG Gym,52%
2026-09-17T11:45:13.672499+00:00,Bukit Batok ActiveSG Gym,60%
2026-09-17T11:45:13.672499+00:00,Bukit Canberra ActiveSG Gym,80%
2026-09-17T11:45:13.672499+00:00,Bukit Gombak ActiveSG Gym,82%
2026-09-17T11:45:13.672499+00:00,Choa Chu Kang ActiveSG Gym,75%
2026-09-17T11:45:13.672499+00:00,Clementi ActiveSG Gym,82%
2026-09-17T11:45:13.672499+00:00,Delta ActiveSG Gym,94%
2026-09-17T11:45:13.672499+00:00,Heartbeat @ Bedok ActiveSG Gym,62%
2026-09-17T11:45:13.672499+00:00,Hougang ActiveSG Gym,60%
2026-09-17T11:45:13.672499+00:00,Jalan Besar ActiveSG Gym,72%
2026-09-17T11:45:13.672499+00:00,Jurong East ActiveSG Gym,56%
2026-09-17T11:45:13.672499+00:00,Jurong Lake Gardens ActiveSG Gym,39%
2026-09-17T11:45:13.672499+00:00,Jurong West ActiveSG Gym,29%
2026-09-17T11:45:13.672499+00:00,Katong ActiveSG Gym,58%
2026-09-17T11:45:13.672499+00:00,Pasir Ris ActiveSG Gym,42%
2026-09-17T11:45:13.672499+00:00,Queenstown ActiveSG Gym,78%
2026-09-17T11:45:13.672499+00:00,Sengkang ActiveSG Gym,90%
2026-09-17T11:45:13.672499+00:00,Senja-Cashew ActiveSG Gym,85%
2026-09-17T11:45:13.672499+00:00,Tampines ActiveSG Gym,76%
2026-09-17T11:45:13.672499+00:00,Woodlands ActiveSG Gym,63%
2026-09-17T11:45:13.672499+00:00,Yio Chu Kang ActiveSG Gym,78%
2026-09-17T11:45:13.672499+00:00,Yishun ActiveSG Gym,75%
2026-09-17T12:00:09.979141+00:00,ActiveSG Gym @ Ang Mo Kio Community Centre,42%
2026-09-17T12:00:09.979141+00:00,ActiveSG Gym @ Enabling Village,51%
2026-09-17T12:00:09.979141+00:00,ActiveSG Gym @ Fernvale Square,63%
2026-09-17T12:00:09.979141+00:00,ActiveSG Gym @ Serangoon Central,83%
2026-09-17T12:00:09.979141+00:00,ActiveSG Gym @ Toa Payoh,75%
2026-09-17T12:00:09.979141+00:00,ActiveSG Gym @ Toa Payoh West Community Centre,47%
2026-09-17T12:00:09.979141+00:00,ActiveSG Hockey Village @ Boon Lay Gym,19%
2026-09-17T12:00:09.979141+00:00,ActiveSG Sport Park @ Teck Ghee ActiveSG Gym,53%
2026-09-17T12:00:09.979141+00:00,Bishan ActiveSG Gym,52%
2026-09-17T12:00:09.979141+00:00,Bukit Batok ActiveSG Gym,65%
2026-09-17T12:00:09.979141+00:00,Bukit Canberra ActiveSG Gym,86%
2026-09-17T12:00:09.979141+00:00,Bukit Gombak ActiveSG Gym,82%
2026-09-17T12:00:09.979141+00:00,Choa Chu Kang ActiveSG Gym,73%
2026-09-17T12:00:09.979141+00:00,Clementi ActiveSG Gym,76%
2026-09-17T12:00:09.979141+00:00,Delta ActiveSG Gym,87%
2026-09-17T12:00:09.979141+00:00,Heartbeat @ Bedok ActiveSG Gym,61%
2026-09-17T12:00:09.979141+00:00,Hougang ActiveSG Gym,58%
2026-09-17T12:00:09.979141+00:00,Jalan Besar ActiveSG Gym,66%
2026-09-17T12:00:09.979141+00:00,Jurong East ActiveSG Gym,58%
2026-09-17T12:00:09.979141+00:00,Jurong Lake Gardens ActiveSG Gym,43%
2026-09-17T12:00:09.979141+00:00,Jurong West ActiveSG Gym,23%
2026-09-17T12:00:09.979141+00:00,Katong ActiveSG Gym,51%
2026-09-17T12:00:09.979141+00:00,Pasir Ris ActiveSG Gym,45%
2026-09-17T12:00:09.979141+00:00,Queenstown ActiveSG Gym,78%
2026-09-17T12:00:09.979141+00:00,Sengkang ActiveSG Gym,88%
2026-09-17T12:00:09.979141+00:00,Senja-Cashew ActiveSG Gym,78%
2026-09-17T12:00:09.979141+00:00,Tampines ActiveSG Gym,70%
2026-09-17T12:00:09.979141+00:00,Woodlands ActiveSG Gym,48%
2026-09-17T12:00:09.979141+00:00,Yio Chu Kang ActiveSG Gym,68%
2026-09-17T12:00:09.979141+00:00,Yishun ActiveSG Gym,71%
2026-09-17T12:15:13.883132+00:00,ActiveSG Gym @ Ang Mo Kio Community Centre,42%
2026-09-17T12:15:13.883132+00:00,ActiveSG Gym @ Enabling Village,44%
2026-09-17T12:15:13.883132+00:00,ActiveSG Gym @ Fernvale Square,63%
2026-09-17T12:15:13.883132+00:00,ActiveSG Gym @ Serangoon Central,77%
2026-09-17T12:15:13.883132+00:00,ActiveSG Gym @ Toa Payoh,66%
2026-09-17T12:15:13.883132+00:00,ActiveSG Gym @ Toa Payoh West Community Centre,47%
2026-09-17T12:15:13.883132+00:00,ActiveSG Hockey Village @ Boon Lay Gym,21%
2026-09-17T12:15:13.883132+00:00,ActiveSG Sport Park @ Teck Ghee ActiveSG Gym,49%
2026-09-17T12:15:13.883132+00:00,Bishan ActiveSG Gym,52%
2026-09-17T12:15:13.883132+00:00,Bukit Batok ActiveSG Gym,78%
2026-09-17T12:15:13.883132+00:00,Bukit Canberra ActiveSG Gym,87%
2026-09-17T12:15:13.883132+00:00,Bukit Gombak ActiveSG Gym,83%
2026-09-17T12:15:13.883132+00:00,Choa Chu Kang ActiveSG Gym,75%
2026-09-17T12:15:13.883132+00:00,Clementi ActiveSG Gym,66%
2026-09-17T12:15:13.883132+00:00,Delta ActiveSG Gym,84%
2026-09-17T12:15:13.883132+00:00,Heartbeat @ Bedok ActiveSG Gym,60%
2026-09-17T12:15:13.883132+00:00,Hougang ActiveSG Gym,54%
2026-09-17T12:15:13.883132+00:00,Jalan Besar ActiveSG Gym,54%
2026-09-17T12:15:13.883132+00:00,Jurong East ActiveSG Gym,61%
2026-09-17T12:15:13.883132+00:00,Jurong Lake Gardens ActiveSG Gym,43%
2026-09-17T12:15:13.883132+00:00,Jurong West ActiveSG Gym,21%
2026-09-17T12:15:13.883132+00:00,Katong ActiveSG Gym,52%
2026-09-17T12:15:13.883132+00:00,Pasir Ris ActiveSG Gym,41%
2026-09-17T12:15:13.883132+00:00,Queenstown ActiveSG Gym,67%
2026-09-17T12:15:13.883132+00:00,Sengkang ActiveSG Gym,87%
2026-09-17T12:15:13.883132+00:00,Senja-Cashew ActiveSG Gym,77%
2026-09-17T12:15:13.883132+00:00,Tampines ActiveSG Gym,68%
2026-09-17T12:15:13.883132+00:00,Woodlands ActiveSG Gym,55%
2026-09-17T12:15:13.883132+00:00,Yio Chu Kang ActiveSG Gym,67%
2026-09-17T12:15:13.883132+00:00,Yishun ActiveSG Gym,74%
2026-09-17T12:30:13.733234+00:00,ActiveSG Gym @ Ang Mo Kio Community Centre,42%
2026-09-17T12:30:13.733234+00:00,ActiveSG Gym @ Enabling Village,47%
2026-09-17T12:30:13.733234+00:00,ActiveSG Gym @ Fernvale Square,67%
2026-09-17T12:30:13.733234+00:00,ActiveSG Gym @ Serangoon Central,70%
2026-09-17T12:30:13.733234+00:00,ActiveSG Gym @ Toa Payoh,68%
2026-09-17T12:30:13.733234+00:00,ActiveSG Gym @ Toa Payoh West Community Centre,33%
2026-09-17T12:30:13.733234+00:00,ActiveSG Hockey Village @ Boon Lay Gym,22%
2026-09-17T12:30:13.733234+00:00,ActiveSG Sport Park @ Teck Ghee ActiveSG Gym,44%
2026-09-17T12:30:13.733234+00:00,Bishan ActiveSG Gym,52%
2026-09-17T12:30:13.733234+00:00,Bukit Batok ActiveSG Gym,73%
2026-09-17T12:30:13.733234+00:00,Bukit Canberra ActiveSG Gym,88%
2026-09-17T12:30:13.733234+00:00,Bukit Gombak ActiveSG Gym,78%
2026-09-17T12:30:13.733234+00:00,Choa Chu Kang ActiveSG Gym,68%
2026-09-17T12:30:13.733234+00:00,Clementi ActiveSG Gym,66%
2026-09-17T12:30:13.733234+00:00,Delta ActiveSG Gym,82%
2026-09-17T12:30:13.733234+00:00,Heartbeat @ Bedok ActiveSG Gym,58%
2026-09-17T12:30:13.733234+00:00,Hougang ActiveSG Gym,59%
2026-09-17T12:30:13.733234+00:00,Jalan Besar ActiveSG Gym,48%
2026-09-17T12:30:13.733234+00:00,Jurong East ActiveSG Gym,58%
2026-09-17T12:30:13.733234+00:00,Jurong Lake Gardens ActiveSG Gym,40%
2026-09-17T12:30:13.733234+00:00,Jurong West ActiveSG Gym,30%
2026-09-17T12:30:13.733234+00:00,Katong ActiveSG Gym,51%
2026-09-17T12:30:13.733234+00:00,Pasir Ris ActiveSG Gym,49%
2026-09-17T12:30:13.733234+00:00,Queenstown ActiveSG Gym,65%
2026-09-17T12:30:13.733234+00:00,Sengkang ActiveSG Gym,84%
2026-09-17T12:30:13.733234+00:00,Senja-Cashew ActiveSG Gym,65%
2026-09-17T12:30:13.733234+00:00,Tampines ActiveSG Gym,74%
2026-09-17T12:30:13.733234+00:00,Woodlands ActiveSG Gym,57%
2026-09-17T12:30:13.733234+00:00,Yio Chu Kang ActiveSG Gym,63%
2026-09-17T12:30:13.733234+00:00,Yishun ActiveSG Gym,77%
2026-09-17T12:45:14.163999+00:00,ActiveSG Gym @ Ang Mo Kio Community Centre,42%
2026-09-17T12:45:14.163999+00:00,ActiveSG Gym @ Enabling Village,24%
2026-09-17T12:45:14.163999+00:00,ActiveSG Gym @ Fernvale Square,68%
2026-09-17T12:45:14.163999+00:00,ActiveSG Gym @ Serangoon Central,73%
2026-09-17T12:45:14.163999+00:00,ActiveSG Gym @ Toa Payoh,68%
2026-09-17T12:45:14.163999+00:00,ActiveSG Gym @ Toa Payoh West Community Centre,33%
2026-09-17T12:45:14.163999+00:00,ActiveSG Hockey Village @ Boon Lay Gym,21%
2026-09-17T12:45:14.163999+00:00,ActiveSG Sport Park @ Teck Ghee ActiveSG Gym,44%
2026-09-17T12:45:14.163999+00:00,Bishan ActiveSG Gym,54%
2026-09-17T12:45:14.163999+00:00,Bukit Batok ActiveSG Gym,57%
2026-09-17T12:45:14.163999+00:00,Bukit Canberra ActiveSG Gym,82%
2026-09-17T12:45:14.163999+00:00,Bukit Gombak ActiveSG Gym,80%
2026-09-17T12:45:14.163999+00:00,Choa Chu Kang ActiveSG Gym,53%
2026-09-17T12:45:14.163999+00:00,Clementi ActiveSG Gym,73%
2026-09-17T12:45:14.163999+00:00,Delta ActiveSG Gym,79%
2026-09-17T12:45:14.163999+00:00,Heartbeat @ Bedok ActiveSG Gym,54%
2026-09-17T12:45:14.163999+00:00,Hougang ActiveSG Gym,55%
2026-09-17T12:45:14.163999+00:00,Jalan Besar ActiveSG Gym,38%
2026-09-17T12:45:14.163999+00:00,Jurong East ActiveSG Gym,54%
2026-09-17T12:45:14.163999+00:00,Jurong Lake Gardens ActiveSG Gym,40%
2026-09-17T12:45:14.163999+00:00,Jurong West ActiveSG Gym,32%
2026-09-17T12:45:14.163999+00:00,Katong ActiveSG Gym,43%
2026-09-17T12:45:14.163999+00:00,Pasir Ris ActiveSG Gym,47%
2026-09-17T12:45:14.163999+00:00,Queenstown ActiveSG Gym,62%
2026-09-17T12:45:14.163999+00:00,Sengkang ActiveSG Gym,82%
2026-09-17T12:45:14.163999+00:00,Senja-Cashew ActiveSG Gym,55%
2026-09-17T12:45:14.163999+00:00,Tampines ActiveSG Gym,72%
2026-09-17T12:45:14.163999+00:00,Woodlands ActiveSG Gym,49%
2026-09-17T12:45:14.163999+00:00,Yio Chu Kang ActiveSG Gym,53%
2026-09-17T12:45:14.163999+00:00,Yishun ActiveSG Gym,80%
2026-09-17T13:00:13.743833+00:00,ActiveSG Gym @ Ang Mo Kio Community Centre,42%
2026-09-17T13:00:13.743833+00:00,ActiveSG Gym @ Enabling Village,22%
2026-09-17T13:00:13.743833+00:00,ActiveSG Gym @ Fernvale Square,72%
2026-09-17T13:00:13.743833+00:00,ActiveSG Gym @ Serangoon Central,73%
2026-09-17T13:00:13.743833+00:00,ActiveSG Gym @ Toa Payoh,64%
2026-09-17T13:00:13.743833+00:00,ActiveSG Gym @ Toa Payoh West Community Centre,33%
2026-09-17T13:00:13.743833+00:00,ActiveSG Hockey Village @ Boon Lay Gym,21%
2026-09-17T13:00:13.743833+00:00,ActiveSG Sport Park @ Teck Ghee ActiveSG Gym,43%
2026-09-17T13:00:13.743833+00:00,Bishan ActiveSG Gym,54%
2026-09-17T13:00:13.743833+00:00,Bukit Batok ActiveSG Gym,73%
2026-09-17T13:00:13.743833+00:00,Bukit Canberra ActiveSG Gym,84%
2026-09-17T13:00:13.743833+00:00,Bukit Gombak ActiveSG Gym,71%
2026-09-17T13:00:13.743833+00:00,Choa Chu Kang ActiveSG Gym,51%
2026-09-17T13:00:13.743833+00:00,Clementi ActiveSG Gym,68%
2026-09-17T13:00:13.743833+00:00,Delta ActiveSG Gym,76%
2026-09-17T13:00:13.743833+00:00,Heartbeat @ Bedok ActiveSG Gym,52%
2026-09-17T13:00:13.743833+00:00,Hougang ActiveSG Gym,51%
2026-09-17T13:00:13.743833+00:00,Jalan Besar ActiveSG Gym,39%
2026-09-17T13:00:13.743833+00:00,Jurong East ActiveSG Gym,51%
2026-09-17T13:00:13.743833+00:00,Jurong Lake Gardens ActiveSG Gym,39%
2026-09-17T13:00:13.743833+00:00,Jurong West ActiveSG Gym,32%
2026-09-17T13:00:13.743833+00:00,Katong ActiveSG Gym,40%
2026-09-17T13:00:13.743833+00:00,Pasir Ris ActiveSG Gym,42%
2026-09-17T13:00:13.743833+00:00,Queenstown ActiveSG Gym,64%
2026-09-17T13:00:13.743833+00:00,Sengkang ActiveSG Gym,76%
2026-09-17T13:00:13.743833+00:00,Senja-Cashew ActiveSG Gym,46%
2026-09-17T13:00:13.743833+00:00,Tampines ActiveSG Gym,69%
2026-09-17T13:00:13.743833+00:00,Woodlands ActiveSG Gym,48%
2026-09-17T13:00:13.743833+00:00,Yio Chu Kang ActiveSG Gym,53%
2026-09-17T13:00:13.743833+00:00,Yishun ActiveSG Gym,78%
2026-09-17T13:15:13.908952+00:00,ActiveSG Gym @ Ang Mo Kio Community Centre,42%
2026-09-17T13:15:13.908952+00:00,ActiveSG Gym @ Enabling Village,18%
2026-09-17T13:15:13.908952+00:00,ActiveSG Gym @ Fernvale Square,67%
2026-09-17T13:15:13.908952+00:00,ActiveSG Gym @ Serangoon Central,53%
2026-09-17T13:15:13.908952+00:00,ActiveSG Gym @ Toa Payoh,62%
2026-09-17T13:15:13.908952+00:00,ActiveSG Gym @ Toa Payoh West Community Centre,33%
2026-09-17T13:15:13.908952+00:00,ActiveSG Hockey Village @ Boon Lay Gym,21%
2026-09-17T13:15:13.908952+00:00,ActiveSG Sport Park @ Teck Ghee ActiveSG Gym,39%
2026-09-17T13:15:13.908952+00:00,Bishan ActiveSG Gym,54%
2026-09-17T13:15:13.908952+00:00,Bukit Batok ActiveSG Gym,60%
2026-09-17T13:15:13.908952+00:00,Bukit Canberra ActiveSG Gym,76%
2026-09-17T13:15:13.908952+00:00,Bukit Gombak ActiveSG Gym,0%
2026-09-17T13:15:13.908952+00:00,Choa Chu Kang ActiveSG Gym,47%
2026-09-17T13:15:13.908952+00:00,Clementi ActiveSG Gym,52%
2026-09-17T13:15:13.908952+00:00,Delta ActiveSG Gym,55%
2026-09-17T13:15:13.908952+00:00,Heartbeat @ Bedok ActiveSG Gym,47%
2026-09-17T13:15:13.908952+00:00,Hougang ActiveSG Gym,45%
2026-09-17T13:15:13.908952+00:00,Jalan Besar ActiveSG Gym,44%
2026-09-17T13:15:13.908952+00:00,Jurong East ActiveSG Gym,38%
2026-09-17T13:15:13.908952+00:00,Jurong Lake Gardens ActiveSG Gym,36%
2026-09-17T13:15:13.908952+00:00,Jurong West ActiveSG Gym,26%
2026-09-17T13:15:13.908952+00:00,Katong ActiveSG Gym,32%
2026-09-17T13:15:13.908952+00:00,Pasir Ris ActiveSG Gym,37%
2026-09-17T13:15:13.908952+00:00,Queenstown ActiveSG Gym,41%
2026-09-17T13:15:13.908952+00:00,Sengkang ActiveSG Gym,74%
2026-09-17T13:15:13.908952+00:00,Senja-Cashew ActiveSG Gym,38%
2026-09-17T13:15:13.908952+00:00,Tampines ActiveSG Gym,63%
2026-09-17T13:15:13.908952+00:00,Woodlands ActiveSG Gym,42%
2026-09-17T13:15:13.908952+00:00,Yio Chu Kang ActiveSG Gym,47%
2026-09-17T13:15:13.908952+00:00,Yishun ActiveSG Gym,66%
2026-09-17T13:30:14.593180+00:00,ActiveSG Gym @ Ang Mo Kio Community Centre,42%
2026-09-17T13:30:14.593180+00:00,ActiveSG Gym @ Enabling Village,18%
2026-09-17T13:30:14.593180+00:00,ActiveSG Gym @ Fernvale Square,53%
2026-09-17T13:30:14.593180+00:00,ActiveSG Gym @ Serangoon Central,37%
2026-09-17T13:30:14.593180+00:00,ActiveSG Gym @ Toa Payoh,46%
2026-09-17T13:30:14.593180+00:00,ActiveSG Gym @ Toa Payoh West Community Centre,28%
2026-09-17T13:30:14.593180+00:00,ActiveSG Hockey Village @ Boon Lay Gym,21%
2026-09-17T13:30:14.593180+00:00,ActiveSG Sport Park @ Teck Ghee ActiveSG Gym,35%
2026-09-17T13:30:14.593180+00:00,Bishan ActiveSG Gym,54%
2026-09-17T13:30:14.593180+00:00,Bukit Batok ActiveSG Gym,0%
2026-09-17T13:30:14.593180+00:00,Bukit Canberra ActiveSG Gym,72%
2026-09-17T13:30:14.593180+00:00,Bukit Gombak ActiveSG Gym,0%
2026-09-17T13:30:14.593180+00:00,Choa Chu Kang ActiveSG Gym,36%
2026-09-17T13:30:14.593180+00:00,Clementi ActiveSG Gym,34%
2026-09-17T13:30:14.593180+00:00,Delta ActiveSG Gym,49%
2026-09-17T13:30:14.593180+00:00,Heartbeat @ Bedok ActiveSG Gym,39%
2026-09-17T13:30:14.593180+00:00,Hougang ActiveSG Gym,40%
2026-09-17T13:30:14.593180+00:00,Jalan Besar ActiveSG Gym,34%
2026-09-17T13:30:14.593180+00:00,Jurong East ActiveSG Gym,36%
2026-09-17T13:30:14.593180+00:00,Jurong Lake Gardens ActiveSG Gym,36%
2026-09-17T13:30:14.593180+00:00,Jurong West ActiveSG Gym,26%
2026-09-17T13:30:14.593180+00:00,Katong ActiveSG Gym,35%
2026-09-17T13:30:14.593180+00:00,Pasir Ris ActiveSG Gym,29%
2026-09-17T13:30:14.593180+00:00,Queenstown ActiveSG Gym,39%
2026-09-17T13:30:14.593180+00:00,Sengkang ActiveSG Gym,62%
2026-09-17T13:30:14.593180+00:00,Senja-Cashew ActiveSG Gym,34%
2026-09-17T13:30:14.593180+00:00,Tampines ActiveSG Gym,56%
2026-09-17T13:30:14.593180+00:00,Woodlands ActiveSG Gym,33%
2026-09-17T13:30:14.593180+00:00,Yio Chu Kang ActiveSG Gym,42%
2026-09-17T13:30:14.593180+00:00,Yishun ActiveSG Gym,59%
2026-09-17T13:45:14.344445+00:00,ActiveSG Gym @ Ang Mo Kio Community Centre,42%
2026-09-17T13:45:14.344445+00:00,ActiveSG Gym @ Enabling Village,18%
2026-09-17T13:45:14.344445+00:00,ActiveSG Gym @ Fernvale Square,47%
2026-09-17T13:45:14.344445+00:00,ActiveSG Gym @ Serangoon Central,27%
2026-09-17T13:45:14.344445+00:00,ActiveSG Gym @ Toa Payoh,36%
2026-09-17T13:45:14.344445+00:00,ActiveSG Gym @ Toa Payoh West Community Centre,20%
2026-09-17T13:45:14.344445+00:00,ActiveSG Hockey Village @ Boon Lay Gym,13%
2026-09-17T13:45:14.344445+00:00,ActiveSG Sport Park @ Teck Ghee ActiveSG Gym,0%
2026-09-17T13:45:14.344445+00:00,Bishan ActiveSG Gym,54%
2026-09-17T13:45:14.344445+00:00,Bukit Batok ActiveSG Gym,0%
2026-09-17T13:45:14.344445+00:00,Bukit Canberra ActiveSG Gym,0%
2026-09-17T13:45:14.344445+00:00,Bukit Gombak ActiveSG Gym,0%
2026-09-17T13:45:14.344445+00:00,Choa Chu Kang ActiveSG Gym,25%
2026-09-17T13:45:14.344445+00:00,Clementi ActiveSG Gym,0%
2026-09-17T13:45:14.344445+00:00,Delta ActiveSG Gym,48%
2026-09-17T13:45:14.344445+00:00,Heartbeat @ Bedok ActiveSG Gym,39%
2026-09-17T13:45:14.344445+00:00,Hougang ActiveSG Gym,30%
2026-09-17T13:45:14.344445+00:00,Jalan Besar ActiveSG Gym,25%
2026-09-17T13:45:14.344445+00:00,Jurong East ActiveSG Gym,32%
2026-09-17T13:45:14.344445+00:00,Jurong Lake Gardens ActiveSG Gym,0%
2026-09-17T13:45:14.344445+00:00,Jurong West ActiveSG Gym,11%
2026-09-17T13:45:14.344445+00:00,Katong ActiveSG Gym,34%
2026-09-17T13:45:14.344445+00:00,Pasir Ris ActiveSG Gym,20%
2026-09-17T13:45:14.344445+00:00,Queenstown ActiveSG Gym,23%
2026-09-17T13:45:14.344445+00:00,Sengkang ActiveSG Gym,0%
2026-09-17T13:45:14.344445+00:00,Senja-Cashew ActiveSG Gym,25%
2026-09-17T13:45:14.344445+00:00,Tampines ActiveSG Gym,11%
2026-09-17T13:45:14.344445+00:00,Woodlands ActiveSG Gym,33%
2026-09-17T13:45:14.344445+00:00,Yio Chu Kang ActiveSG Gym,34%
2026-09-17T13:45:14.344445+00:00,Yishun ActiveSG Gym,30%
2026-09-17T23:00:09.317539+00:00,ActiveSG Gym @ Ang Mo Kio Community Centre,8%
2026-09-17T23:00:09.317539+00:00,ActiveSG Gym @ Enabling Village,7%
2026-09-17T23:00:09.317539+00:00,ActiveSG Gym @ Fernvale Square,0%
2026-09-17T23:00:09.317539+00:00,ActiveSG Gym @ Serangoon Central,0%
2026-09-17T23:00:09.317539+00:00,ActiveSG Gym @ Toa Payoh,0%
2026-09-17T23:00:09.317539+00:00,ActiveSG Gym @ Toa Payoh West Community Centre,0%
2026-09-17T23:00:09.317539+00:00,ActiveSG Hockey Village @ Boon Lay Gym,0%
2026-09-17T23:00:09.317539+00:00,ActiveSG Sport Park @ Teck Ghee ActiveSG Gym,0%
2026-09-17T23:00:09.317539+00:00,Bishan ActiveSG Gym,0%
2026-09-17T23:00:09.317539+00:00,Bukit Batok ActiveSG Gym,0%
2026-09-17T23:00:09.317539+00:00,Bukit Canberra ActiveSG Gym,3%
2026-09-17T23:00:09.317539+00:00,Bukit Gombak ActiveSG Gym,0%
2026-09-17T23:00:09.317539+00:00,Choa Chu Kang ActiveSG Gym,0%
2026-09-17T23:00:09.317539+00:00,Clementi ActiveSG Gym,0%
2026-09-17T23:00:09.317539+00:00,Delta ActiveSG Gym,0%
2026-09-17T23:00:09.317539+00:00,Heartbeat @ Bedok ActiveSG Gym,0%
2026-09-17T23:00:09.317539+00:00,Hougang ActiveSG Gym,0%
2026-09-17T23:00:09.317539+00:00,Jalan Besar ActiveSG Gym,0%
2026-09-17T23:00:09.317539+00:00,Jurong East ActiveSG Gym,0%
2026-09-17T23:00:09.317539+00:00,Jurong Lake Gardens ActiveSG Gym,0%
2026-09-17T23:00:09.317539+00:00,Jurong West ActiveSG Gym,0%
2026-09-17T23:00:09.317539+00:00,Katong ActiveSG Gym,0%
2026-09-17T23:00:09.317539+00:00,Pasir Ris ActiveSG Gym,0%
2026-09-17T23:00:09.317539+00:00,Queenstown ActiveSG Gym,0%
2026-09-17T23:00:09.317539+00:00,Sengkang ActiveSG Gym,0%
2026-09-17T23:00:09.317539+00:00,Senja-Cashew ActiveSG Gym,0%
2026-09-17T23:00:09.317539+00:00,Tampines ActiveSG Gym,0%
2026-09-17T23:00:09.317539+00:00,Woodlands ActiveSG Gym,5%
2026-09-17T23:00:09.317539+00:00,Yio Chu Kang ActiveSG Gym,0%
2026-09-17T23:00:09.317539+00:00,Yishun ActiveSG Gym,0%
2026-09-17T23:22:55.230951+00:00,ActiveSG Gym @ Ang Mo Kio Community Centre,28%
2026-09-17T23:22:55.230951+00:00,ActiveSG Gym @ Enabling Village,18%
2026-09-17T23:22:55.230951+00:00,ActiveSG Gym @ Fernvale Square,38%
2026-09-17T23:22:55.230951+00:00,ActiveSG Gym @ Serangoon Central,73%
2026-09-17T23:22:55.230951+00:00,ActiveSG Gym @ Toa Payoh,38%
2026-09-17T23:22:55.230951+00:00,ActiveSG Gym @ Toa Payoh West Community Centre,9%
2026-09-17T23:22:55.230951+00:00,ActiveSG Hockey Village @ Boon Lay Gym,16%
2026-09-17T23:22:55.230951+00:00,ActiveSG Sport Park @ Teck Ghee ActiveSG Gym,20%
2026-09-17T23:22:55.230951+00:00,Bishan ActiveSG Gym,15%
2026-09-17T23:22:55.230951+00:00,Bukit Batok ActiveSG Gym,40%
2026-09-17T23:22:55.230951+00:00,Bukit Canberra ActiveSG Gym,16%
2026-09-17T23:22:55.230951+00:00,Bukit Gombak ActiveSG Gym,33%
2026-09-17T23:22:55.230951+00:00,Choa Chu Kang ActiveSG Gym,23%
2026-09-17T23:22:55.230951+00:00,Clementi ActiveSG Gym,26%
2026-09-17T23:22:55.230951+00:00,Delta ActiveSG Gym,25%
2026-09-17T23:22:55.230951+00:00,Heartbeat @ Bedok ActiveSG Gym,29%
2026-09-17T23:22:55.230951+00:00,Hougang ActiveSG Gym,19%
2026-09-17T23:22:55.230951+00:00,Jalan Besar ActiveSG Gym,32%
2026-09-17T23:22:55.230951+00:00,Jurong East ActiveSG Gym,15%
2026-09-17T23:22:55.230951+00:00,Jurong Lake Gardens ActiveSG Gym,11%
2026-09-17T23:22:55.230951+00:00,Jurong West ActiveSG Gym,12%
2026-09-17T23:22:55.230951+00:00,Katong ActiveSG Gym,22%
2026-09-17T23:22:55.230951+00:00,Pasir Ris ActiveSG Gym,25%
2026-09-17T23:22:55.230951+00:00,Queenstown ActiveSG Gym,20%
2026-09-17T23:22:55.230951+00:00,Sengkang ActiveSG Gym,38%
2026-09-17T23:22:55.230951+00:00,Senja-Cashew ActiveSG Gym,40%
2026-09-17T23:22:55.230951+00:00,Tampines ActiveSG Gym,24%
2026-09-17T23:22:55.230951+00:00,Woodlands ActiveSG Gym,23%
2026-09-17T23:22:55.230951+00:00,Yio Chu Kang ActiveSG Gym,20%
2026-09-17T23:22:55.230951+00:00,Yishun ActiveSG Gym,12%
2026-09-17T23:33:51.411086+00:00,ActiveSG Gym @ Ang Mo Kio Community Centre,32%
2026-09-17T23:33:51.411086+00:00,ActiveSG Gym @ Enabling Village,20%
2026-09-17T23:33:51.411086+00:00,ActiveSG Gym @ Fernvale Square,45%
2026-09-17T23:33:51.411086+00:00,ActiveSG Gym @ Serangoon Central,73%
2026-09-17T23:33:51.411086+00:00,ActiveSG Gym @ Toa Payoh,46%
2026-09-17T23:33:51.411086+00:00,ActiveSG Gym @ Toa Payoh West Community Centre,9%
2026-09-17T23:33:51.411086+00:00,ActiveSG Hockey Village @ Boon Lay Gym,19%
2026-09-17T23:33:51.411086+00:00,ActiveSG Sport Park @ Teck Ghee ActiveSG Gym,25%
2026-09-17T23:33:51.411086+00:00,Bishan ActiveSG Gym,18%
2026-09-17T23:33:51.411086+00:00,Bukit Batok ActiveSG Gym,40%
2026-09-17T23:33:51.411086+00:00,Bukit Canberra ActiveSG Gym,21%
2026-09-17T23:33:51.411086+00:00,Bukit Gombak ActiveSG Gym,44%
2026-09-17T23:33:51.411086+00:00,Choa Chu Kang ActiveSG Gym,31%
2026-09-17T23:33:51.411086+00:00,Clementi ActiveSG Gym,33%
2026-09-17T23:33:51.411086+00:00,Delta ActiveSG Gym,26%
2026-09-17T23:33:51.411086+00:00,Heartbeat @ Bedok ActiveSG Gym,35%
2026-09-17T23:33:51.411086+00:00,Hougang ActiveSG Gym,24%
2026-09-17T23:33:51.411086+00:00,Jalan Besar ActiveSG Gym,40%
2026-09-17T23:33:51.411086+00:00,Jurong East ActiveSG Gym,15%
2026-09-17T23:33:51.411086+00:00,Jurong Lake Gardens ActiveSG Gym,13%
2026-09-17T23:33:51.411086+00:00,Jurong West ActiveSG Gym,14%
2026-09-17T23:33:51.411086+00:00,Katong ActiveSG Gym,34%
2026-09-17T23:33:51.411086+00:00,Pasir Ris ActiveSG Gym,30%
2026-09-17T23:33:51.411086+00:00,Queenstown ActiveSG Gym,22%
2026-09-17T23:33:51.411086+00:00,Sengkang ActiveSG Gym,46%
2026-09-17T23:33:51.411086+00:00,Senja-Cashew ActiveSG Gym,52%
2026-09-17T23:33:51.411086+00:00,Tampines ActiveSG Gym,32%
2026-09-17T23:33:51.411086+00:00,Woodlands ActiveSG Gym,28%
2026-09-17T23:33:51.411086+00:00,Yio Chu Kang ActiveSG Gym,26%
2026-09-17T23:33:51.411086+00:00,Yishun ActiveSG Gym,18%
2026-09-17T23:45:08.926006+00:00,ActiveSG Gym @ Ang Mo Kio Community Centre,35%
2026-09-17T23:45:08.926006+00:00,ActiveSG Gym @ Enabling Village,24%
2026-09-17T23:45:08.926006+00:00,ActiveSG Gym @ Fernvale Square,48%
2026-09-17T23:45:08.926006+00:00,ActiveSG Gym @ Serangoon Central,87%
2026-09-17T23:45:08.926006+00:00,ActiveSG Gym @ Toa Payoh,49%
2026-09-17T23:45:08.926006+00:00,ActiveSG Gym @ Toa Payoh West Community Centre,12%
2026-09-17T23:45:08.926006+00:00,ActiveSG Hockey Village @ Boon Lay Gym,20%
2026-09-17T23:45:08.926006+00:00,ActiveSG Sport Park @ Teck Ghee ActiveSG Gym,28%
2026-09-17T23:45:08.926006+00:00,Bishan ActiveSG Gym,25%
2026-09-17T23:45:08.926006+00:00,Bukit Batok ActiveSG Gym,45%
2026-09-17T23:45:08.926006+00:00,Bukit Canberra ActiveSG Gym,27%
2026-09-17T23:45:08.926006+00:00,Bukit Gombak ActiveSG Gym,46%
2026-09-17T23:45:08.926006+00:00,Choa Chu Kang ActiveSG Gym,33%
2026-09-17T23:45:08.926006+00:00,Clementi ActiveSG Gym,41%
2026-09-17T23:45:08.926006+00:00,Delta ActiveSG Gym,30%
2026-09-17T23:45:08.926006+00:00,Heartbeat @ Bedok ActiveSG Gym,41%
2026-09-17T23:45:08.926006+00:00,Hougang ActiveSG Gym,28%
2026-09-17T23:45:08.926006+00:00,Jalan Besar ActiveSG Gym,40%
2026-09-17T23:45:08.926006+00:00,Jurong East ActiveSG Gym,16%
2026-09-17T23:45:08.926006+00:00,Jurong Lake Gardens ActiveSG Gym,15%
2026-09-17T23:45:08.926006+00:00,Jurong West ActiveSG Gym,16%
2026-09-17T23:45:08.926006+00:00,Katong ActiveSG Gym,38%
2026-09-17T23:45:08.926006+00:00,Pasir Ris ActiveSG Gym,34%
2026-09-17T23:45:08.926006+00:00,Queenstown ActiveSG Gym,30%
2026-09-17T23:45:08.926006+00:00,Sengkang ActiveSG Gym,46%
2026-09-17T23:45:08.926006+00:00,Senja-Cashew ActiveSG Gym,60%
2026-09-17T23:45:08.926006+00:00,Tampines ActiveSG Gym,33%
2026-09-17T23:45:08.926006+00:00,Woodlands ActiveSG Gym,33%
2026-09-17T23:45:08.926006+00:00,Yio Chu Kang ActiveSG Gym,32%
2026-09-17T23:45:08.926006+00:00,Yishun ActiveSG Gym,28%
2026-09-18T00:00:13.786328+00:00,ActiveSG Gym @ Ang Mo Kio Community Centre,30%
2026-09-18T00:00:13.786328+00:00,ActiveSG Gym @ Enabling Village,22%
2026-09-18T00:00:13.786328+00:00,ActiveSG Gym @ Fernvale Square,48%
2026-09-18T00:00:13.786328+00:00,ActiveSG Gym @ Serangoon Central,83%
2026-09-18T00:00:13.786328+00:00,ActiveSG Gym @ Toa Payoh,46%
2026-09-18T00:00:13.786328+00:00,ActiveSG Gym @ Toa Payoh West Community Centre,23%
2026-09-18T00:00:13.786328+00:00,ActiveSG Hockey Village @ Boon Lay Gym,23%
2026-09-18T00:00:13.786328+00:00,ActiveSG Sport Park @ Teck Ghee ActiveSG Gym,29%
2026-09-18T00:00:13.786328+00:00,Bishan ActiveSG Gym,28%
2026-09-18T00:00:13.786328+00:00,Bukit Batok ActiveSG Gym,55%
2026-09-18T00:00:13.786328+00:00,Bukit Canberra ActiveSG Gym,28%
2026-09-18T00:00:13.786328+00:00,Bukit Gombak ActiveSG Gym,54%
2026-09-18T00:00:13.786328+00:00,Choa Chu Kang ActiveSG Gym,39%
2026-09-18T00:00:13.786328+00:00,Clementi ActiveSG Gym,40%
2026-09-18T00:00:13.786328+00:00,Delta ActiveSG Gym,27%
2026-09-18T00:00:13.786328+00:00,Heartbeat @ Bedok ActiveSG Gym,40%
2026-09-18T00:00:13.786328+00:00,Hougang ActiveSG Gym,32%
2026-09-18T00:00:13.786328+00:00,Jalan Besar ActiveSG Gym,33%
2026-09-18T00:00:13.786328+00:00,Jurong East ActiveSG Gym,17%
2026-09-18T00:00:13.786328+00:00,Jurong Lake Gardens ActiveSG Gym,15%
2026-09-18T00:00:13.786328+00:00,Jurong West ActiveSG Gym,16%
2026-09-18T00:00:13.786328+00:00,Katong ActiveSG Gym,35%
2026-09-18T00:00:13.786328+00:00,Pasir Ris ActiveSG Gym,32%
2026-09-18T00:00:13.786328+00:00,Queenstown ActiveSG Gym,37%
2026-09-18T00:00:13.786328+00:00,Sengkang ActiveSG Gym,52%
2026-09-18T00:00:13.786328+00:00,Senja-Cashew ActiveSG Gym,60%
2026-09-18T00:00:13.786328+00:00,Tampines ActiveSG Gym,40%
2026-09-18T00:00:13.786328+00:00,Woodlands ActiveSG Gym,41%
2026-09-18T00:00:13.786328+00:00,Yio Chu Kang ActiveSG Gym,35%
2026-09-18T00:00:13.786328+00:00,Yishun ActiveSG Gym,32%
2026-09-18T00:15:15.016815+00:00,ActiveSG Gym @ Ang Mo Kio Community Centre,32%
2026-09-18T00:15:15.016815+00:00,ActiveSG Gym @ Enabling Village,29%
2026-09-18T00:15:15.016815+00:00,ActiveSG Gym @ Fernvale Square,45%
2026-09-18T00:15:15.016815+00:00,ActiveSG Gym @ Serangoon Central,60%
2026-09-18T00:15:15.016815+00:00,ActiveSG Gym @ Toa Payoh,46%
2026-09-18T00:15:15.016815+00:00,ActiveSG Gym @ Toa Payoh West Community Centre,23%
2026-09-18T00:15:15.016815+00:00,ActiveSG Hockey Village @ Boon Lay Gym,25%
2026-09-18T00:15:15.016815+00:00,ActiveSG Sport Park @ Teck Ghee ActiveSG Gym,32%
2026-09-18T00:15:15.016815+00:00,Bishan ActiveSG Gym,26%
2026-09-18T00:15:15.016815+00:00,Bukit Batok ActiveSG Gym,65%
2026-09-18T00:15:15.016815+00:00,Bukit Canberra ActiveSG Gym,27%
2026-09-18T00:15:15.016815+00:00,Bukit Gombak ActiveSG Gym,59%
2026-09-18T00:15:15.016815+00:00,Choa Chu Kang ActiveSG Gym,49%
2026-09-18T00:15:15.016815+00:00,Clementi ActiveSG Gym,36%
2026-09-18T00:15:15.016815+00:00,Delta ActiveSG Gym,28%
2026-09-18T00:15:15.016815+00:00,Heartbeat @ Bedok ActiveSG Gym,44%
2026-09-18T00:15:15.016815+00:00,Hougang ActiveSG Gym,33%
2026-09-18T00:15:15.016815+00:00,Jalan Besar ActiveSG Gym,34%
2026-09-18T00:15:15.016815+00:00,Jurong East ActiveSG Gym,17%
2026-09-18T00:15:15.016815+00:00,Jurong Lake Gardens ActiveSG Gym,21%
2026-09-18T00:15:15.016815+00:00,Jurong West ActiveSG Gym,22%
2026-09-18T00:15:15.016815+00:00,Katong ActiveSG Gym,38%
2026-09-18T00:15:15.016815+00:00,Pasir Ris ActiveSG Gym,28%
2026-09-18T00:15:15.016815+00:00,Queenstown ActiveSG Gym,39%
2026-09-18T00:15:15.016815+00:00,Sengkang ActiveSG Gym,46%
2026-09-18T00:15:15.016815+00:00,Senja-Cashew ActiveSG Gym,68%
2026-09-18T00:15:15.016815+00:00,Tampines ActiveSG Gym,40%
2026-09-18T00:15:15.016815+00:00,Woodlands ActiveSG Gym,43%
2026-09-18T00:15:15.016815+00:00,Yio Chu Kang ActiveSG Gym,31%
2026-09-18T00:15:15.016815+00:00,Yishun ActiveSG Gym,29%
2026-09-18T00:30:14.733284+00:00,ActiveSG Gym @ Ang Mo Kio Community Centre,35%
2026-09-18T00:30:14.733284+00:00,ActiveSG Gym @ Enabling Village,24%
2026-09-18T00:30:14.733284+00:00,ActiveSG Gym @ Fernvale Square,45%
2026-09-18T00:30:14.733284+00:00,ActiveSG Gym @ Serangoon Central,67%
2026-09-18T00:30:14.733284+00:00,ActiveSG Gym @ Toa Payoh,46%
2026-09-18T00:30:14.733284+00:00,ActiveSG Gym @ Toa Payoh West Community Centre,21%
2026-09-18T00:30:14.733284+00:00,ActiveSG Hockey Village @ Boon Lay Gym,28%
2026-09-18T00:30:14.733284+00:00,ActiveSG Sport Park @ Teck Ghee ActiveSG Gym,28%
2026-09-18T00:30:14.733284+00:00,Bishan ActiveSG Gym,29%
2026-09-18T00:30:14.733284+00:00,Bukit Batok ActiveSG Gym,75%
2026-09-18T00:30:14.733284+00:00,Bukit Canberra ActiveSG Gym,29%
2026-09-18T00:30:14.733284+00:00,Bukit Gombak ActiveSG Gym,56%
2026-09-18T00:30:14.733284+00:00,Choa Chu Kang ActiveSG Gym,51%
2026-09-18T00:30:14.733284+00:00,Clementi ActiveSG Gym,35%
2026-09-18T00:30:14.733284+00:00,Delta ActiveSG Gym,28%
2026-09-18T00:30:14.733284+00:00,Heartbeat @ Bedok ActiveSG Gym,45%
2026-09-18T00:30:14.733284+00:00,Hougang ActiveSG Gym,32%
2026-09-18T00:30:14.733284+00:00,Jalan Besar ActiveSG Gym,41%
2026-09-18T00:30:14.733284+00:00,Jurong East ActiveSG Gym,16%
2026-09-18T00:30:14.733284+00:00,Jurong Lake Gardens ActiveSG Gym,24%
2026-09-18T00:30:14.733284+00:00,Jurong West ActiveSG Gym,21%
2026-09-18T00:30:14.733284+00:00,Katong ActiveSG Gym,46%
2026-09-18T00:30:14.733284+00:00,Pasir Ris ActiveSG Gym,49%
2026-09-18T00:30:14.733284+00:00,Queenstown ActiveSG Gym,40%
2026-09-18T00:30:14.733284+00:00,Sengkang ActiveSG Gym,51%
2026-09-18T00:30:14.733284+00:00,Senja-Cashew ActiveSG Gym,72%
2026-09-18T00:30:14.733284+00:00,Tampines ActiveSG Gym,37%
2026-09-18T00:30:14.733284+00:00,Woodlands ActiveSG Gym,42%
2026-09-18T00:30:14.733284+00:00,Yio Chu Kang ActiveSG Gym,28%
2026-09-18T00:30:14.733284+00:00,Yishun ActiveSG Gym,30%
2026-09-18T00:45:14.612871+00:00,ActiveSG Gym @ Ang Mo Kio Community Centre,33%
2026-09-18T00:45:14.612871+00:00,ActiveSG Gym @ Enabling Village,24%
2026-09-18T00:45:14.612871+00:00,ActiveSG Gym @ Fernvale Square,50%
2026-09-18T00:45:14.612871+00:00,ActiveSG Gym @ Serangoon Central,63%
2026-09-18T00:45:14.612871+00:00,ActiveSG Gym @ Toa Payoh,49%
2026-09-18T00:45:14.612871+00:00,ActiveSG Gym @ Toa Payoh West Community Centre,24%
2026-09-18T00:45:14.612871+00:00,ActiveSG Hockey Village @ Boon Lay Gym,30%
2026-09-18T00:45:14.612871+00:00,ActiveSG Sport Park @ Teck Ghee ActiveSG Gym,28%
2026-09-18T00:45:14.612871+00:00,Bishan ActiveSG Gym,25%
2026-09-18T00:45:14.612871+00:00,Bukit Batok ActiveSG Gym,68%
2026-09-18T00:45:14.612871+00:00,Bukit Canberra ActiveSG Gym,28%
2026-09-18T00:45:14.612871+00:00,Bukit Gombak ActiveSG Gym,59%
2026-09-18T00:45:14.612871+00:00,Choa Chu Kang ActiveSG Gym,52%
2026-09-18T00:45:14.612871+00:00,Clementi ActiveSG Gym,34%
2026-09-18T00:45:14.612871+00:00,Delta ActiveSG Gym,29%
2026-09-18T00:45:14.612871+00:00,Heartbeat @ Bedok ActiveSG Gym,44%
2026-09-18T00:45:14.612871+00:00,Hougang ActiveSG Gym,33%
2026-09-18T00:45:14.612871+00:00,Jalan Besar ActiveSG Gym,53%
2026-09-18T00:45:14.612871+00:00,Jurong East ActiveSG Gym,14%
2026-09-18T00:45:14.612871+00:00,Jurong Lake Gardens ActiveSG Gym,24%
2026-09-18T00:45:14.612871+00:00,Jurong West ActiveSG Gym,20%
2026-09-18T00:45:14.612871+00:00,Katong ActiveSG Gym,51%
2026-09-18T00:45:14.612871+00:00,Pasir Ris ActiveSG Gym,49%
2026-09-18T00:45:14.612871+00:00,Queenstown ActiveSG Gym,39%
2026-09-18T00:45:14.612871+00:00,Sengkang ActiveSG Gym,51%
2026-09-18T00:45:14.612871+00:00,Senja-Cashew ActiveSG Gym,66%
2026-09-18T00:45:14.612871+00:00,Tampines ActiveSG Gym,36%
2026-09-18T00:45:14.612871+00:00,Woodlands ActiveSG Gym,47%
2026-09-18T00:45:14.612871+00:00,Yio Chu Kang ActiveSG Gym,27%
2026-09-18T00:45:14.612871+00:00,Yishun ActiveSG Gym,34%
2026-09-18T01:00:11.976130+00:00,ActiveSG Gym @ Ang Mo Kio Community Centre,32%
2026-09-18T01:00:11.976130+00:00,ActiveSG Gym @ Enabling Village,31%
2026-09-18T01:00:11.976130+00:00,ActiveSG Gym @ Fernvale Square,50%
2026-09-18T01:00:11.976130+00:00,ActiveSG Gym @ Serangoon Central,60%
2026-09-18T01:00:11.976130+00:00,ActiveSG Gym @ Toa Payoh,42%
2026-09-18T01:00:11.976130+00:00,ActiveSG Gym @ Toa Payoh West Community Centre,27%
2026-09-18T01:00:11.976130+00:00,ActiveSG Hockey Village @ Boon Lay Gym,29%
2026-09-18T01:00:11.976130+00:00,ActiveSG Sport Park @ Teck Ghee ActiveSG Gym,29%
2026-09-18T01:00:11.976130+00:00,Bishan ActiveSG Gym,26%
2026-09-18T01:00:11.976130+00:00,Bukit Batok ActiveSG Gym,68%
2026-09-18T01:00:11.976130+00:00,Bukit Canberra ActiveSG Gym,33%
2026-09-18T01:00:11.976130+00:00,Bukit Gombak ActiveSG Gym,61%
2026-09-18T01:00:11.976130+00:00,Choa Chu Kang ActiveSG Gym,49%
2026-09-18T01:00:11.976130+00:00,Clementi ActiveSG Gym,39%
2026-09-18T01:00:11.976130+00:00,Delta ActiveSG Gym,34%
2026-09-18T01:00:11.976130+00:00,Heartbeat @ Bedok ActiveSG Gym,41%
2026-09-18T01:00:11.976130+00:00,Hougang ActiveSG Gym,33%
2026-09-18T01:00:11.976130+00:00,Jalan Besar ActiveSG Gym,49%
2026-09-18T01:00:11.976130+00:00,Jurong East ActiveSG Gym,13%
2026-09-18T01:00:11.976130+00:00,Jurong Lake Gardens ActiveSG Gym,24%
2026-09-18T01:00:11.976130+00:00,Jurong West ActiveSG Gym,21%
2026-09-18T01:00:11.976130+00:00,Katong ActiveSG Gym,51%
2026-09-18T01:00:11.976130+00:00,Pasir Ris ActiveSG Gym,51%
2026-09-18T01:00:11.976130+00:00,Queenstown ActiveSG Gym,37%
2026-09-18T01:00:11.976130+00:00,Sengkang ActiveSG Gym,51%
2026-09-18T01:00:11.976130+00:00,Senja-Cashew ActiveSG Gym,68%
2026-09-18T01:00:11.976130+00:00,Tampines ActiveSG Gym,35%
2026-09-18T01:00:11.976130+00:00,Woodlands ActiveSG Gym,49%
2026-09-18T01:00:11.976130+00:00,Yio Chu Kang ActiveSG Gym,27%
2026-09-18T01:00:11.976130+00:00,Yishun ActiveSG Gym,35%
2026-09-18T01:07:02.742615+00:00,ActiveSG Gym @ Ang Mo Kio Community Centre,33%
2026-09-18T01:07:02.742615+00:00,ActiveSG Gym @ Enabling Village,31%
2026-09-18T01:07:02.742615+00:00,ActiveSG Gym @ Fernvale Square,48%
2026-09-18T01:07:02.742615+00:00,ActiveSG Gym @ Serangoon Central,70%
2026-09-18T01:07:02.742615+00:00,ActiveSG Gym @ Toa Payoh,42%
2026-09-18T01:07:02.742615+00:00,ActiveSG Gym @ Toa Payoh West Community Centre,27%
2026-09-18T01:07:02.742615+00:00,ActiveSG Hockey Village @ Boon Lay Gym,29%
2026-09-18T01:07:02.742615+00:00,ActiveSG Sport Park @ Teck Ghee ActiveSG Gym,32%
2026-09-18T01:07:02.742615+00:00,Bishan ActiveSG Gym,25%
2026-09-18T01:07:02.742615+00:00,Bukit Batok ActiveSG Gym,70%
2026-09-18T01:07:02.742615+00:00,Bukit Canberra ActiveSG Gym,34%
2026-09-18T01:07:02.742615+00:00,Bukit Gombak ActiveSG Gym,69%
2026-09-18T01:07:02.742615+00:00,Choa Chu Kang ActiveSG Gym,48%
2026-09-18T01:07:02.742615+00:00,Clementi ActiveSG Gym,40%
2026-09-18T01:07:02.742615+00:00,Delta ActiveSG Gym,34%
2026-09-18T01:07:02.742615+00:00,Heartbeat @ Bedok ActiveSG Gym,42%
2026-09-18T01:07:02.742615+00:00,Hougang ActiveSG Gym,35%
2026-09-18T01:07:02.742615+00:00,Jalan Besar ActiveSG Gym,49%
2026-09-18T01:07:02.742615+00:00,Jurong East ActiveSG Gym,13%
2026-09-18T01:07:02.742615+00:00,Jurong Lake Gardens ActiveSG Gym,23%
2026-09-18T01:07:02.742615+00:00,Jurong West ActiveSG Gym,24%
2026-09-18T01:07:02.742615+00:00,Katong ActiveSG Gym,51%
2026-09-18T01:07:02.742615+00:00,Pasir Ris ActiveSG Gym,52%
2026-09-18T01:07:02.742615+00:00,Queenstown ActiveSG Gym,39%
2026-09-18T01:07:02.742615+00:00,Sengkang ActiveSG Gym,52%
2026-09-18T01:07:02.742615+00:00,Senja-Cashew ActiveSG Gym,63%
2026-09-18T01:07:02.742615+00:00,Tampines ActiveSG Gym,36%
2026-09-18T01:07:02.742615+00:00,Woodlands ActiveSG Gym,49%
2026-09-18T01:07:02.742615+00:00,Yio Chu Kang ActiveSG Gym,27%
2026-09-18T01:07:02.742615+00:00,Yishun ActiveSG Gym,36%
2026-09-18T01:15:33.991882+00:00,ActiveSG Gym @ Ang Mo Kio Community Centre,42%
2026-09-18T01:15:33.991882+00:00,ActiveSG Gym @ Enabling Village,22%
2026-09-18T01:15:33.991882+00:00,ActiveSG Gym @ Fernvale Square,47%
2026-09-18T01:15:33.991882+00:00,ActiveSG Gym @ Serangoon Central,70%
2026-09-18T01:15:33.991882+00:00,ActiveSG Gym @ Toa Payoh,44%
2026-09-18T01:15:33.991882+00:00,ActiveSG Gym @ Toa Payoh West Community Centre,27%
2026-09-18T01:15:33.991882+00:00,ActiveSG Hockey Village @ Boon Lay Gym,30%
2026-09-18T01:15:33.991882+00:00,ActiveSG Sport Park @ Teck Ghee ActiveSG Gym,30%
2026-09-18T01:15:33.991882+00:00,Bishan ActiveSG Gym,21%
2026-09-18T01:15:33.991882+00:00,Bukit Batok ActiveSG Gym,80%
2026-09-18T01:15:33.991882+00:00,Bukit Canberra ActiveSG Gym,34%
2026-09-18T01:15:33.991882+00:00,Bukit Gombak ActiveSG Gym,72%
2026-09-18T01:15:33.991882+00:00,Choa Chu Kang ActiveSG Gym,50%
2026-09-18T01:15:33.991882+00:00,Clementi ActiveSG Gym,46%
2026-09-18T01:15:33.991882+00:00,Delta ActiveSG Gym,34%
2026-09-18T01:15:33.991882+00:00,Heartbeat @ Bedok ActiveSG Gym,42%
2026-09-18T01:15:33.991882+00:00,Hougang ActiveSG Gym,37%
2026-09-18T01:15:33.991882+00:00,Jalan Besar ActiveSG Gym,56%
2026-09-18T01:15:33.991882+00:00,Jurong East ActiveSG Gym,22%
2026-09-18T01:15:33.991882+00:00,Jurong Lake Gardens ActiveSG Gym,25%
2026-09-18T01:15:33.991882+00:00,Jurong West ActiveSG Gym,23%
2026-09-18T01:15:33.991882+00:00,Katong ActiveSG Gym,51%
2026-09-18T01:15:33.991882+00:00,Pasir Ris ActiveSG Gym,53%
2026-09-18T01:15:33.991882+00:00,Queenstown ActiveSG Gym,39%
2026-09-18T01:15:33.991882+00:00,Sengkang ActiveSG Gym,53%
2026-09-18T01:15:33.991882+00:00,Senja-Cashew ActiveSG Gym,68%
2026-09-18T01:15:33.991882+00:00,Tampines ActiveSG Gym,38%
2026-09-18T01:15:33.991882+00:00,Woodlands ActiveSG Gym,49%
2026-09-18T01:15:33.991882+00:00,Yio Chu Kang ActiveSG Gym,28%
2026-09-18T01:15:33.991882+00:00,Yishun ActiveSG Gym,35%
2026-09-18T01:35:51.703452+00:00,ActiveSG Gym @ Ang Mo Kio Community Centre,45%
2026-09-18T01:35:51.703452+00:00,ActiveSG Gym @ Enabling Village,24%
2026-09-18T01:35:51.703452+00:00,ActiveSG Gym @ Fernvale Square,43%
2026-09-18T01:35:51.703452+00:00,ActiveSG Gym @ Serangoon Central,57%
2026-09-18T01:35:51.703452+00:00,ActiveSG Gym @ Toa Payoh,41%
2026-09-18T01:35:51.703452+00:00,ActiveSG Gym @ Toa Payoh West Community Centre,20%
2026-09-18T01:35:51.703452+00:00,ActiveSG Hockey Village @ Boon Lay Gym,30%
2026-09-18T01:35:51.703452+00:00,ActiveSG Sport Park @ Teck Ghee ActiveSG Gym,34%
2026-09-18T01:35:51.703452+00:00,Bishan ActiveSG Gym,17%
2026-09-18T01:35:51.703452+00:00,Bukit Batok ActiveSG Gym,75%
2026-09-18T01:35:51.703452+00:00,Bukit Canberra ActiveSG Gym,33%
2026-09-18T01:35:51.703452+00:00,Bukit Gombak ActiveSG Gym,73%
2026-09-18T01:35:51.703452+00:00,Choa Chu Kang ActiveSG Gym,61%
2026-09-18T01:35:51.703452+00:00,Clementi ActiveSG Gym,49%
2026-09-18T01:35:51.703452+00:00,Delta ActiveSG Gym,36%
2026-09-18T01:35:51.703452+00:00,Heartbeat @ Bedok ActiveSG Gym,50%
2026-09-18T01:35:51.703452+00:00,Hougang ActiveSG Gym,38%
2026-09-18T01:35:51.703452+00:00,Jalan Besar ActiveSG Gym,56%
2026-09-18T01:35:51.703452+00:00,Jurong East ActiveSG Gym,23%
2026-09-18T01:35:51.703452+00:00,Jurong Lake Gardens ActiveSG Gym,26%
2026-09-18T01:35:51.703452+00:00,Jurong West ActiveSG Gym,23%
2026-09-18T01:35:51.703452+00:00,Katong ActiveSG Gym,51%
2026-09-18T01:35:51.703452+00:00,Pasir Ris ActiveSG Gym,60%
2026-09-18T01:35:51.703452+00:00,Queenstown ActiveSG Gym,35%
2026-09-18T01:35:51.703452+00:00,Sengkang ActiveSG Gym,52%
2026-09-18T01:35:51.703452+00:00,Senja-Cashew ActiveSG Gym,75%
2026-09-18T01:35:51.703452+00:00,Tampines ActiveSG Gym,34%
2026-09-18T01:35:51.703452+00:00,Woodlands ActiveSG Gym,54%
2026-09-18T01:35:51.703452+00:00,Yio Chu Kang ActiveSG Gym,31%
2026-09-18T01:35:51.703452+00:00,Yishun ActiveSG Gym,41%
2026-09-18T01:45:12.241490+00:00,ActiveSG Gym @ Ang Mo Kio Community Centre,48%
2026-09-18T01:45:12.241490+00:00,ActiveSG Gym @ Enabling Village,9%
2026-09-18T01:45:12.241490+00:00,ActiveSG Gym @ Fernvale Square,42%
2026-09-18T01:45:12.241490+00:00,ActiveSG Gym @ Serangoon Central,60%
2026-09-18T01:45:12.241490+00:00,ActiveSG Gym @ Toa Payoh,45%
2026-09-18T01:45:12.241490+00:00,ActiveSG Gym @ Toa Payoh West Community Centre,20%
2026-09-18T01:45:12.241490+00:00,ActiveSG Hockey Village @ Boon Lay Gym,31%
2026-09-18T01:45:12.241490+00:00,ActiveSG Sport Park @ Teck Ghee ActiveSG Gym,34%
2026-09-18T01:45:12.241490+00:00,Bishan ActiveSG Gym,22%
2026-09-18T01:45:12.241490+00:00,Bukit Batok ActiveSG Gym,78%
2026-09-18T01:45:12.241490+00:00,Bukit Canberra ActiveSG Gym,33%
2026-09-18T01:45:12.241490+00:00,Bukit Gombak ActiveSG Gym,73%
2026-09-18T01:45:12.241490+00:00,Choa Chu Kang ActiveSG Gym,63%
2026-09-18T01:45:12.241490+00:00,Clementi ActiveSG Gym,49%
2026-09-18T01:45:12.241490+00:00,Delta ActiveSG Gym,34%
2026-09-18T01:45:12.241490+00:00,Heartbeat @ Bedok ActiveSG Gym,51%
2026-09-18T01:45:12.241490+00:00,Hougang ActiveSG Gym,37%
2026-09-18T01:45:12.241490+00:00,Jalan Besar ActiveSG Gym,56%
2026-09-18T01:45:12.241490+00:00,Jurong East ActiveSG Gym,25%
2026-09-18T01:45:12.241490+00:00,Jurong Lake Gardens ActiveSG Gym,26%
2026-09-18T01:45:12.241490+00:00,Jurong West ActiveSG Gym,23%
2026-09-18T01:45:12.241490+00:00,Katong ActiveSG Gym,51%
2026-09-18T01:45:12.241490+00:00,Pasir Ris ActiveSG Gym,49%
2026-09-18T01:45:12.241490+00:00,Queenstown ActiveSG Gym,38%
2026-09-18T01:45:12.241490+00:00,Sengkang ActiveSG Gym,53%
2026-09-18T01:45:12.241490+00:00,Senja-Cashew ActiveSG Gym,74%
2026-09-18T01:45:12.241490+00:00,Tampines ActiveSG Gym,34%
2026-09-18T01:45:12.241490+00:00,Woodlands ActiveSG Gym,53%
2026-09-18T01:45:12.241490+00:00,Yio Chu Kang ActiveSG Gym,30%
2026-09-18T01:45:12.241490+00:00,Yishun ActiveSG Gym,49%
2026-09-18T02:06:34.695363+00:00,ActiveSG Gym @ Ang Mo Kio Community Centre,48%
2026-09-18T02:06:34.695363+00:00,ActiveSG Gym @ Enabling Village,18%
2026-09-18T02:06:34.695363+00:00,ActiveSG Gym @ Fernvale Square,42%
2026-09-18T02:06:34.695363+00:00,ActiveSG Gym @ Serangoon Central,53%
2026-09-18T02:06:34.695363+00:00,ActiveSG Gym @ Toa Payoh,49%
2026-09-18T02:06:34.695363+00:00,ActiveSG Gym @ Toa Payoh West Community Centre,20%
2026-09-18T02:06:34.695363+00:00,ActiveSG Hockey Village @ Boon Lay Gym,31%
2026-09-18T02:06:34.695363+00:00,ActiveSG Sport Park @ Teck Ghee ActiveSG Gym,32%
2026-09-18T02:06:34.695363+00:00,Bishan ActiveSG Gym,26%
2026-09-18T02:06:34.695363+00:00,Bukit Batok ActiveSG Gym,83%
2026-09-18T02:06:34.695363+00:00,Bukit Canberra ActiveSG Gym,37%
2026-09-18T02:06:34.695363+00:00,Bukit Gombak ActiveSG Gym,70%
2026-09-18T02:06:34.695363+00:00,Choa Chu Kang ActiveSG Gym,71%
2026-09-18T02:06:34.695363+00:00,Clementi ActiveSG Gym,48%
2026-09-18T02:06:34.695363+00:00,Delta ActiveSG Gym,32%
2026-09-18T02:06:34.695363+00:00,Heartbeat @ Bedok ActiveSG Gym,60%
2026-09-18T02:06:34.695363+00:00,Hougang ActiveSG Gym,38%
2026-09-18T02:06:34.695363+00:00,Jalan Besar ActiveSG Gym,56%
2026-09-18T02:06:34.695363+00:00,Jurong East ActiveSG Gym,26%
2026-09-18T02:06:34.695363+00:00,Jurong Lake Gardens ActiveSG Gym,26%
2026-09-18T02:06:34.695363+00:00,Jurong West ActiveSG Gym,23%
2026-09-18T02:06:34.695363+00:00,Katong ActiveSG Gym,49%
2026-09-18T02:06:34.695363+00:00,Pasir Ris ActiveSG Gym,55%
2026-09-18T02:06:34.695363+00:00,Queenstown ActiveSG Gym,48%
2026-09-18T02:06:34.695363+00:00,Sengkang ActiveSG Gym,55%
2026-09-18T02:06:34.695363+00:00,Senja-Cashew ActiveSG Gym,75%
2026-09-18T02:06:34.695363+00:00,Tampines ActiveSG Gym,41%
2026-09-18T02:06:34.695363+00:00,Woodlands ActiveSG Gym,51%
2026-09-18T02:06:34.695363+00:00,Yio Chu Kang ActiveSG Gym,31%
2026-09-18T02:06:34.695363+00:00,Yishun ActiveSG Gym,46%
2026-09-18T02:15:41.986604+00:00,ActiveSG Gym @ Ang Mo Kio Community Centre,47%
2026-09-18T02:15:41.986604+00:00,ActiveSG Gym @ Enabling Village,18%
2026-09-18T02:15:41.986604+00:00,ActiveSG Gym @ Fernvale Square,38%
2026-09-18T02:15:41.986604+00:00,ActiveSG Gym @ Serangoon Central,70%
2026-09-18T02:15:41.986604+00:00,ActiveSG Gym @ Toa Payoh,50%
2026-09-18T02:15:41.986604+00:00,ActiveSG Gym @ Toa Payoh West Community Centre,20%
2026-09-18T02:15:41.986604+00:00,ActiveSG Hockey Village @ Boon Lay Gym,32%
2026-09-18T02:15:41.986604+00:00,ActiveSG Sport Park @ Teck Ghee ActiveSG Gym,35%
2026-09-18T02:15:41.986604+00:00,Bishan ActiveSG Gym,22%
2026-09-18T02:15:41.986604+00:00,Bukit Batok ActiveSG Gym,85%
2026-09-18T02:15:41.986604+00:00,Bukit Canberra ActiveSG Gym,38%
2026-09-18T02:15:41.986604+00:00,Bukit Gombak ActiveSG Gym,70%
2026-09-18T02:15:41.986604+00:00,Choa Chu Kang ActiveSG Gym,71%
2026-09-18T02:15:41.986604+00:00,Clementi ActiveSG Gym,54%
2026-09-18T02:15:41.986604+00:00,Delta ActiveSG Gym,34%
2026-09-18T02:15:41.986604+00:00,Heartbeat @ Bedok ActiveSG Gym,65%
2026-09-18T02:15:41.986604+00:00,Hougang ActiveSG Gym,42%
2026-09-18T02:15:41.986604+00:00,Jalan Besar ActiveSG Gym,54%
2026-09-18T02:15:41.986604+00:00,Jurong East ActiveSG Gym,26%
2026-09-18T02:15:41.986604+00:00,Jurong Lake Gardens ActiveSG Gym,26%
2026-09-18T02:15:41.986604+00:00,Jurong West ActiveSG Gym,22%
2026-09-18T02:15:41.986604+00:00,Katong ActiveSG Gym,49%
2026-09-18T02:15:41.986604+00:00,Pasir Ris ActiveSG Gym,57%
2026-09-18T02:15:41.986604+00:00,Queenstown ActiveSG Gym,47%
2026-09-18T02:15:41.986604+00:00,Sengkang ActiveSG Gym,53%
2026-09-18T02:15:41.986604+00:00,Senja-Cashew ActiveSG Gym,80%
2026-09-18T02:15:41.986604+00:00,Tampines ActiveSG Gym,44%
2026-09-18T02:15:41.986604+00:00,Woodlands ActiveSG Gym,51%
2026-09-18T02:15:41.986604+00:00,Yio Chu Kang ActiveSG Gym,28%
2026-09-18T02:15:41.986604+00:00,Yishun ActiveSG Gym,49%
2026-09-18T02:39:30.161760+00:00,ActiveSG Gym @ Ang Mo Kio Community Centre,45%
2026-09-18T02:39:30.161760+00:00,ActiveSG Gym @ Enabling Village,20%
2026-09-18T02:39:30.161760+00:00,ActiveSG Gym @ Fernvale Square,40%
2026-09-18T02:39:30.161760+00:00,ActiveSG Gym @ Serangoon Central,60%
2026-09-18T02:39:30.161760+00:00,ActiveSG Gym @ Toa Payoh,54%
2026-09-18T02:39:30.161760+00:00,ActiveSG Gym @ Toa Payoh West Community Centre,20%
2026-09-18T02:39:30.161760+00:00,ActiveSG Hockey Village @ Boon Lay Gym,31%
2026-09-18T02:39:30.161760+00:00,ActiveSG Sport Park @ Teck Ghee ActiveSG Gym,30%
2026-09-18T02:39:30.161760+00:00,Bishan ActiveSG Gym,29%
2026-09-18T02:39:30.161760+00:00,Bukit Batok ActiveSG Gym,80%
2026-09-18T02:39:30.161760+00:00,Bukit Canberra ActiveSG Gym,41%
2026-09-18T02:39:30.161760+00:00,Bukit Gombak ActiveSG Gym,60%
2026-09-18T02:39:30.161760+00:00,Choa Chu Kang ActiveSG Gym,55%
2026-09-18T02:39:30.161760+00:00,Clementi ActiveSG Gym,58%
2026-09-18T02:39:30.161760+00:00,Delta ActiveSG Gym,34%
2026-09-18T02:39:30.161760+00:00,Heartbeat @ Bedok ActiveSG Gym,66%
2026-09-18T02:39:30.161760+00:00,Hougang ActiveSG Gym,45%
2026-09-18T02:39:30.161760+00:00,Jalan Besar ActiveSG Gym,53%
2026-09-18T02:39:30.161760+00:00,Jurong East ActiveSG Gym,34%
2026-09-18T02:39:30.161760+00:00,Jurong Lake Gardens ActiveSG Gym,26%
2026-09-18T02:39:30.161760+00:00,Jurong West ActiveSG Gym,24%
2026-09-18T02:39:30.161760+00:00,Katong ActiveSG Gym,49%
2026-09-18T02:39:30.161760+00:00,Pasir Ris ActiveSG Gym,49%
2026-09-18T02:39:30.161760+00:00,Queenstown ActiveSG Gym,44%
2026-09-18T02:39:30.161760+00:00,Sengkang ActiveSG Gym,53%
2026-09-18T02:39:30.161760+00:00,Senja-Cashew ActiveSG Gym,77%
2026-09-18T02:39:30.161760+00:00,Tampines ActiveSG Gym,50%
2026-09-18T02:39:30.161760+00:00,Woodlands ActiveSG Gym,41%
2026-09-18T02:39:30.161760+00:00,Yio Chu Kang ActiveSG Gym,22%
2026-09-18T02:39:30.161760+00:00,Yishun ActiveSG Gym,55%
2026-09-18T02:48:39.774362+00:00,ActiveSG Gym @ Ang Mo Kio Community Centre,37%
2026-09-18T02:48:39.774362+00:00,ActiveSG Gym @ Enabling Village,27%
2026-09-18T02:48:39.774362+00:00,ActiveSG Gym @ Fernvale Square,37%
2026-09-18T02:48:39.774362+00:00,ActiveSG Gym @ Serangoon Central,50%
2026-09-18T02:48:39.774362+00:00,ActiveSG Gym @ Toa Payoh,52%
2026-09-18T02:48:39.774362+00:00,ActiveSG Gym @ Toa Payoh West Community Centre,31%
2026-09-18T02:48:39.774362+00:00,ActiveSG Hockey Village @ Boon Lay Gym,30%
2026-09-18T02:48:39.774362+00:00,ActiveSG Sport Park @ Teck Ghee ActiveSG Gym,35%
2026-09-18T02:48:39.774362+00:00,Bishan ActiveSG Gym,32%
2026-09-18T02:48:39.774362+00:00,Bukit Batok ActiveSG Gym,85%
2026-09-18T02:48:39.774362+00:00,Bukit Canberra ActiveSG Gym,42%
2026-09-18T02:48:39.774362+00:00,Bukit Gombak ActiveSG Gym,61%
2026-09-18T02:48:39.774362+00:00,Choa Chu Kang ActiveSG Gym,50%
2026-09-18T02:48:39.774362+00:00,Clementi ActiveSG Gym,60%
2026-09-18T02:48:39.774362+00:00,Delta ActiveSG Gym,36%
2026-09-18T02:48:39.774362+00:00,Heartbeat @ Bedok ActiveSG Gym,70%
2026-09-18T02:48:39.774362+00:00,Hougang ActiveSG Gym,44%
2026-09-18T02:48:39.774362+00:00,Jalan Besar ActiveSG Gym,52%
2026-09-18T02:48:39.774362+00:00,Jurong East ActiveSG Gym,36%
2026-09-18T02:48:39.774362+00:00,Jurong Lake Gardens ActiveSG Gym,24%
2026-09-18T02:48:39.774362+00:00,Jurong West ActiveSG Gym,25%
2026-09-18T02:48:39.774362+00:00,Katong ActiveSG Gym,49%
2026-09-18T02:48:39.774362+00:00,Pasir Ris ActiveSG Gym,50%
2026-09-18T02:48:39.774362+00:00,Queenstown ActiveSG Gym,41%
2026-09-18T02:48:39.774362+00:00,Sengkang ActiveSG Gym,57%
2026-09-18T02:48:39.774362+00:00,Senja-Cashew ActiveSG Gym,82%
2026-09-18T02:48:39.774362+00:00,Tampines ActiveSG Gym,52%
2026-09-18T02:48:39.774362+00:00,Woodlands ActiveSG Gym,39%
2026-09-18T02:48:39.774362+00:00,Yio Chu Kang ActiveSG Gym,23%
2026-09-18T02:48:39.774362+00:00,Yishun ActiveSG Gym,60%
2026-09-18T03:01:14.684731+00:00,ActiveSG Gym @ Ang Mo Kio Community Centre,38%
2026-09-18T03:01:14.684731+00:00,ActiveSG Gym @ Enabling Village,24%
2026-09-18T03:01:14.684731+00:00,ActiveSG Gym @ Fernvale Square,38%
2026-09-18T03:01:14.684731+00:00,ActiveSG Gym @ Serangoon Central,50%
2026-09-18T03:01:14.684731+00:00,ActiveSG Gym @ Toa Payoh,49%
2026-09-18T03:01:14.684731+00:00,ActiveSG Gym @ Toa Payoh West Community Centre,31%
2026-09-18T03:01:14.684731+00:00,ActiveSG Hockey Village @ Boon Lay Gym,28%
2026-09-18T03:01:14.684731+00:00,ActiveSG Sport Park @ Teck Ghee ActiveSG Gym,35%
2026-09-18T03:01:14.684731+00:00,Bishan ActiveSG Gym,35%
2026-09-18T03:01:14.684731+00:00,Bukit Batok ActiveSG Gym,88%
2026-09-18T03:01:14.684731+00:00,Bukit Canberra ActiveSG Gym,40%
2026-09-18T03:01:14.684731+00:00,Bukit Gombak ActiveSG Gym,58%
2026-09-18T03:01:14.684731+00:00,Choa Chu Kang ActiveSG Gym,55%
2026-09-18T03:01:14.684731+00:00,Clementi ActiveSG Gym,61%
2026-09-18T03:01:14.684731+00:00,Delta ActiveSG Gym,35%
2026-09-18T03:01:14.684731+00:00,Heartbeat @ Bedok ActiveSG Gym,66%
2026-09-18T03:01:14.684731+00:00,Hougang ActiveSG Gym,45%
2026-09-18T03:01:14.684731+00:00,Jalan Besar ActiveSG Gym,54%
2026-09-18T03:01:14.684731+00:00,Jurong East ActiveSG Gym,39%
2026-09-18T03:01:14.684731+00:00,Jurong Lake Gardens ActiveSG Gym,26%
2026-09-18T03:01:14.684731+00:00,Jurong West ActiveSG Gym,26%
2026-09-18T03:01:14.684731+00:00,Katong ActiveSG Gym,49%
2026-09-18T03:01:14.684731+00:00,Pasir Ris ActiveSG Gym,52%
2026-09-18T03:01:14.684731+00:00,Queenstown ActiveSG Gym,38%
2026-09-18T03:01:14.684731+00:00,Sengkang ActiveSG Gym,59%
2026-09-18T03:01:14.684731+00:00,Senja-Cashew ActiveSG Gym,72%
2026-09-18T03:01:14.684731+00:00,Tampines ActiveSG Gym,56%
2026-09-18T03:01:14.684731+00:00,Woodlands ActiveSG Gym,36%
2026-09-18T03:01:14.684731+00:00,Yio Chu Kang ActiveSG Gym,18%
2026-09-18T03:01:14.684731+00:00,Yishun ActiveSG Gym,60%
2026-09-18T03:15:34.094503+00:00,ActiveSG Gym @ Ang Mo Kio Community Centre,37%
2026-09-18T03:15:34.094503+00:00,ActiveSG Gym @ Enabling Village,31%
2026-09-18T03:15:34.094503+00:00,ActiveSG Gym @ Fernvale Square,50%
2026-09-18T03:15:34.094503+00:00,ActiveSG Gym @ Serangoon Central,50%
2026-09-18T03:15:34.094503+00:00,ActiveSG Gym @ Toa Payoh,49%
2026-09-18T03:15:34.094503+00:00,ActiveSG Gym @ Toa Payoh West Community Centre,31%
2026-09-18T03:15:34.094503+00:00,ActiveSG Hockey Village @ Boon Lay Gym,31%
2026-09-18T03:15:34.094503+00:00,ActiveSG Sport Park @ Teck Ghee ActiveSG Gym,28%
2026-09-18T03:15:34.094503+00:00,Bishan ActiveSG Gym,37%
2026-09-18T03:15:34.094503+00:00,Bukit Batok ActiveSG Gym,88%
2026-09-18T03:15:34.094503+00:00,Bukit Canberra ActiveSG Gym,40%
2026-09-18T03:15:34.094503+00:00,Bukit Gombak ActiveSG Gym,54%
2026-09-18T03:15:34.094503+00:00,Choa Chu Kang ActiveSG Gym,55%
2026-09-18T03:15:34.094503+00:00,Clementi ActiveSG Gym,64%
2026-09-18T03:15:34.094503+00:00,Delta ActiveSG Gym,35%
2026-09-18T03:15:34.094503+00:00,Heartbeat @ Bedok ActiveSG Gym,64%
2026-09-18T03:15:34.094503+00:00,Hougang ActiveSG Gym,43%
2026-09-18T03:15:34.094503+00:00,Jalan Besar ActiveSG Gym,47%
2026-09-18T03:15:34.094503+00:00,Jurong East ActiveSG Gym,41%
2026-09-18T03:15:34.094503+00:00,Jurong Lake Gardens ActiveSG Gym,20%
2026-09-18T03:15:34.094503+00:00,Jurong West ActiveSG Gym,24%
2026-09-18T03:15:34.094503+00:00,Katong ActiveSG Gym,49%
2026-09-18T03:15:34.094503+00:00,Pasir Ris ActiveSG Gym,45%
2026-09-18T03:15:34.094503+00:00,Queenstown ActiveSG Gym,36%
2026-09-18T03:15:34.094503+00:00,Sengkang ActiveSG Gym,58%
2026-09-18T03:15:34.094503+00:00,Senja-Cashew ActiveSG Gym,75%
2026-09-18T03:15:34.094503+00:00,Tampines ActiveSG Gym,53%
2026-09-18T03:15:34.094503+00:00,Woodlands ActiveSG Gym,39%
2026-09-18T03:15:34.094503+00:00,Yio Chu Kang ActiveSG Gym,12%
2026-09-18T03:15:34.094503+00:00,Yishun ActiveSG Gym,60%
2026-09-18T03:31:02.174039+00:00,ActiveSG Gym @ Ang Mo Kio Community Centre,32%
2026-09-18T03:31:02.174039+00:00,ActiveSG Gym @ Enabling Village,40%
2026-09-18T03:31:02.174039+00:00,ActiveSG Gym @ Fernvale Square,50%
2026-09-18T03:31:02.174039+00:00,ActiveSG Gym @ Serangoon Central,53%
2026-09-18T03:31:02.174039+00:00,ActiveSG Gym @ Toa Payoh,48%
2026-09-18T03:31:02.174039+00:00,ActiveSG Gym @ Toa Payoh West Community Centre,31%
2026-09-18T03:31:02.174039+00:00,ActiveSG Hockey Village @ Boon Lay Gym,33%
2026-09-18T03:31:02.174039+00:00,ActiveSG Sport Park @ Teck Ghee ActiveSG Gym,27%
2026-09-18T03:31:02.174039+00:00,Bishan ActiveSG Gym,47%
2026-09-18T03:31:02.174039+00:00,Bukit Batok ActiveSG Gym,88%
2026-09-18T03:31:02.174039+00:00,Bukit Canberra ActiveSG Gym,45%
2026-09-18T03:31:02.174039+00:00,Bukit Gombak ActiveSG Gym,44%
2026-09-18T03:31:02.174039+00:00,Choa Chu Kang ActiveSG Gym,54%
2026-09-18T03:31:02.174039+00:00,Clementi ActiveSG Gym,54%
2026-09-18T03:31:02.174039+00:00,Delta ActiveSG Gym,37%
2026-09-18T03:31:02.174039+00:00,Heartbeat @ Bedok ActiveSG Gym,64%
2026-09-18T03:31:02.174039+00:00,Hougang ActiveSG Gym,45%
2026-09-18T03:31:02.174039+00:00,Jalan Besar ActiveSG Gym,51%
2026-09-18T03:31:02.174039+00:00,Jurong East ActiveSG Gym,41%
2026-09-18T03:31:02.174039+00:00,Jurong Lake Gardens ActiveSG Gym,22%
2026-09-18T03:31:02.174039+00:00,Jurong West ActiveSG Gym,24%
2026-09-18T03:31:02.174039+00:00,Katong ActiveSG Gym,49%
2026-09-18T03:31:02.174039+00:00,Pasir Ris ActiveSG Gym,49%
2026-09-18T03:31:02.174039+00:00,Queenstown ActiveSG Gym,40%
2026-09-18T03:31:02.174039+00:00,Sengkang ActiveSG Gym,62%
2026-09-18T03:31:02.174039+00:00,Senja-Cashew ActiveSG Gym,69%
2026-09-18T03:31:02.174039+00:00,Tampines ActiveSG Gym,46%
2026-09-18T03:31:02.174039+00:00,Woodlands ActiveSG Gym,38%
2026-09-18T03:31:02.174039+00:00,Yio Chu Kang ActiveSG Gym,16%
2026-09-18T03:31:02.174039+00:00,Yishun ActiveSG Gym,54%
2026-09-18T03:45:17.010269+00:00,ActiveSG Gym @ Ang Mo Kio Community Centre,35%
2026-09-18T03:45:17.010269+00:00,ActiveSG Gym @ Enabling Village,31%
2026-09-18T03:45:17.010269+00:00,ActiveSG Gym @ Fernvale Square,52%
2026-09-18T03:45:17.010269+00:00,ActiveSG Gym @ Serangoon Central,50%
2026-09-18T03:45:17.010269+00:00,ActiveSG Gym @ Toa Payoh,48%
2026-09-18T03:45:17.010269+00:00,ActiveSG Gym @ Toa Payoh West Community Centre,31%
2026-09-18T03:45:17.010269+00:00,ActiveSG Hockey Village @ Boon Lay Gym,33%
2026-09-18T03:45:17.010269+00:00,ActiveSG Sport Park @ Teck Ghee ActiveSG Gym,28%
2026-09-18T03:45:17.010269+00:00,Bishan ActiveSG Gym,37%
2026-09-18T03:45:17.010269+00:00,Bukit Batok ActiveSG Gym,68%
2026-09-18T03:45:17.010269+00:00,Bukit Canberra ActiveSG Gym,45%
2026-09-18T03:45:17.010269+00:00,Bukit Gombak ActiveSG Gym,44%
2026-09-18T03:45:17.010269+00:00,Choa Chu Kang ActiveSG Gym,50%
2026-09-18T03:45:17.010269+00:00,Clementi ActiveSG Gym,56%
2026-09-18T03:45:17.010269+00:00,Delta ActiveSG Gym,34%
2026-09-18T03:45:17.010269+00:00,Heartbeat @ Bedok ActiveSG Gym,60%
2026-09-18T03:45:17.010269+00:00,Hougang ActiveSG Gym,42%
2026-09-18T03:45:17.010269+00:00,Jalan Besar ActiveSG Gym,51%
2026-09-18T03:45:17.010269+00:00,Jurong East ActiveSG Gym,32%
2026-09-18T03:45:17.010269+00:00,Jurong Lake Gardens ActiveSG Gym,22%
2026-09-18T03:45:17.010269+00:00,Jurong West ActiveSG Gym,26%
2026-09-18T03:45:17.010269+00:00,Katong ActiveSG Gym,49%
2026-09-18T03:45:17.010269+00:00,Pasir Ris ActiveSG Gym,48%
2026-09-18T03:45:17.010269+00:00,Queenstown ActiveSG Gym,39%
2026-09-18T03:45:17.010269+00:00,Sengkang ActiveSG Gym,58%
2026-09-18T03:45:17.010269+00:00,Senja-Cashew ActiveSG Gym,75%
2026-09-18T03:45:17.010269+00:00,Tampines ActiveSG Gym,48%
2026-09-18T03:45:17.010269+00:00,Woodlands ActiveSG Gym,38%
2026-09-18T03:45:17.010269+00:00,Yio Chu Kang ActiveSG Gym,21%
2026-09-18T03:45:17.010269+00:00,Yishun ActiveSG Gym,56%
2026-09-18T04:01:59.029110+00:00,ActiveSG Gym @ Ang Mo Kio Community Centre,35%
2026-09-18T04:01:59.029110+00:00,ActiveSG Gym @ Enabling Village,31%
2026-09-18T04:01:59.029110+00:00,ActiveSG Gym @ Fernvale Square,55%
2026-09-18T04:01:59.029110+00:00,ActiveSG Gym @ Serangoon Central,43%
2026-09-18T04:01:59.029110+00:00,ActiveSG Gym @ Toa Payoh,48%
2026-09-18T04:01:59.029110+00:00,ActiveSG Gym @ Toa Payoh West Community Centre,31%
2026-09-18T04:01:59.029110+00:00,ActiveSG Hockey Village @ Boon Lay Gym,31%
2026-09-18T04:01:59.029110+00:00,ActiveSG Sport Park @ Teck Ghee ActiveSG Gym,30%
2026-09-18T04:01:59.029110+00:00,Bishan ActiveSG Gym,38%
2026-09-18T04:01:59.029110+00:00,Bukit Batok ActiveSG Gym,75%
2026-09-18T04:01:59.029110+00:00,Bukit Canberra ActiveSG Gym,44%
2026-09-18T04:01:59.029110+00:00,Bukit Gombak ActiveSG Gym,51%
2026-09-18T04:01:59.029110+00:00,Choa Chu Kang ActiveSG Gym,49%
2026-09-18T04:01:59.029110+00:00,Clementi ActiveSG Gym,51%
2026-09-18T04:01:59.029110+00:00,Delta ActiveSG Gym,37%
2026-09-18T04:01:59.029110+00:00,Heartbeat @ Bedok ActiveSG Gym,66%
2026-09-18T04:01:59.029110+00:00,Hougang ActiveSG Gym,46%
2026-09-18T04:01:59.029110+00:00,Jalan Besar ActiveSG Gym,48%
2026-09-18T04:01:59.029110+00:00,Jurong East ActiveSG Gym,27%
2026-09-18T04:01:59.029110+00:00,Jurong Lake Gardens ActiveSG Gym,23%
2026-09-18T04:01:59.029110+00:00,Jurong West ActiveSG Gym,26%
2026-09-18T04:01:59.029110+00:00,Katong ActiveSG Gym,51%
2026-09-18T04:01:59.029110+00:00,Pasir Ris ActiveSG Gym,45%
2026-09-18T04:01:59.029110+00:00,Queenstown ActiveSG Gym,42%
2026-09-18T04:01:59.029110+00:00,Sengkang ActiveSG Gym,66%
2026-09-18T04:01:59.029110+00:00,Senja-Cashew ActiveSG Gym,89%
2026-09-18T04:01:59.029110+00:00,Tampines ActiveSG Gym,50%
2026-09-18T04:01:59.029110+00:00,Woodlands ActiveSG Gym,39%
2026-09-18T04:01:59.029110+00:00,Yio Chu Kang ActiveSG Gym,18%
2026-09-18T04:01:59.029110+00:00,Yishun ActiveSG Gym,49%
2026-09-18T04:17:00.451721+00:00,ActiveSG Gym @ Ang Mo Kio Community Centre,37%
2026-09-18T04:17:00.451721+00:00,ActiveSG Gym @ Enabling Village,31%
2026-09-18T04:17:00.451721+00:00,ActiveSG Gym @ Fernvale Square,48%
2026-09-18T04:17:00.451721+00:00,ActiveSG Gym @ Serangoon Central,30%
2026-09-18T04:17:00.451721+00:00,ActiveSG Gym @ Toa Payoh,48%
2026-09-18T04:17:00.451721+00:00,ActiveSG Gym @ Toa Payoh West Community Centre,31%
2026-09-18T04:17:00.451721+00:00,ActiveSG Hockey Village @ Boon Lay Gym,28%
2026-09-18T04:17:00.451721+00:00,ActiveSG Sport Park @ Teck Ghee ActiveSG Gym,28%
2026-09-18T04:17:00.451721+00:00,Bishan ActiveSG Gym,33%
2026-09-18T04:17:00.451721+00:00,Bukit Batok ActiveSG Gym,85%
2026-09-18T04:17:00.451721+00:00,Bukit Canberra ActiveSG Gym,44%
2026-09-18T04:17:00.451721+00:00,Bukit Gombak ActiveSG Gym,50%
2026-09-18T04:17:00.451721+00:00,Choa Chu Kang ActiveSG Gym,41%
2026-09-18T04:17:00.451721+00:00,Clementi ActiveSG Gym,60%
2026-09-18T04:17:00.451721+00:00,Delta ActiveSG Gym,35%
2026-09-18T04:17:00.451721+00:00,Heartbeat @ Bedok ActiveSG Gym,65%
2026-09-18T04:17:00.451721+00:00,Hougang ActiveSG Gym,45%
2026-09-18T04:17:00.451721+00:00,Jalan Besar ActiveSG Gym,59%
2026-09-18T04:17:00.451721+00:00,Jurong East ActiveSG Gym,21%
2026-09-18T04:17:00.451721+00:00,Jurong Lake Gardens ActiveSG Gym,23%
2026-09-18T04:17:00.451721+00:00,Jurong West ActiveSG Gym,26%
2026-09-18T04:17:00.451721+00:00,Katong ActiveSG Gym,58%
2026-09-18T04:17:00.451721+00:00,Pasir Ris ActiveSG Gym,45%
2026-09-18T04:17:00.451721+00:00,Queenstown ActiveSG Gym,46%
2026-09-18T04:17:00.451721+00:00,Sengkang ActiveSG Gym,61%
2026-09-18T04:17:00.451721+00:00,Senja-Cashew ActiveSG Gym,88%
2026-09-18T04:17:00.451721+00:00,Tampines ActiveSG Gym,52%
2026-09-18T04:17:00.451721+00:00,Woodlands ActiveSG Gym,37%
2026-09-18T04:17:00.451721+00:00,Yio Chu Kang ActiveSG Gym,18%
2026-09-18T04:17:00.451721+00:00,Yishun ActiveSG Gym,52%
2026-09-18T04:30:58.482946+00:00,ActiveSG Gym @ Ang Mo Kio Community Centre,32%
2026-09-18T04:30:58.482946+00:00,ActiveSG Gym @ Enabling Village,36%
2026-09-18T04:30:58.482946+00:00,ActiveSG Gym @ Fernvale Square,43%
2026-09-18T04:30:58.482946+00:00,ActiveSG Gym @ Serangoon Central,40%
2026-09-18T04:30:58.482946+00:00,ActiveSG Gym @ Toa Payoh,48%
2026-09-18T04:30:58.482946+00:00,ActiveSG Gym @ Toa Payoh West Community Centre,31%
2026-09-18T04:30:58.482946+00:00,ActiveSG Hockey Village @ Boon Lay Gym,28%
2026-09-18T04:30:58.482946+00:00,ActiveSG Sport Park @ Teck Ghee ActiveSG Gym,30%
2026-09-18T04:30:58.482946+00:00,Bishan ActiveSG Gym,41%
2026-09-18T04:30:58.482946+00:00,Bukit Batok ActiveSG Gym,85%
2026-09-18T04:30:58.482946+00:00,Bukit Canberra ActiveSG Gym,45%
2026-09-18T04:30:58.482946+00:00,Bukit Gombak ActiveSG Gym,48%
2026-09-18T04:30:58.482946+00:00,Choa Chu Kang ActiveSG Gym,41%
2026-09-18T04:30:58.482946+00:00,Clementi ActiveSG Gym,62%
2026-09-18T04:30:58.482946+00:00,Delta ActiveSG Gym,38%
2026-09-18T04:30:58.482946+00:00,Heartbeat @ Bedok ActiveSG Gym,67%
2026-09-18T04:30:58.482946+00:00,Hougang ActiveSG Gym,44%
2026-09-18T04:30:58.482946+00:00,Jalan Besar ActiveSG Gym,52%
2026-09-18T04:30:58.482946+00:00,Jurong East ActiveSG Gym,19%
2026-09-18T04:30:58.482946+00:00,Jurong Lake Gardens ActiveSG Gym,22%
2026-09-18T04:30:58.482946+00:00,Jurong West ActiveSG Gym,29%
2026-09-18T04:30:58.482946+00:00,Katong ActiveSG Gym,57%
2026-09-18T04:30:58.482946+00:00,Pasir Ris ActiveSG Gym,48%
2026-09-18T04:30:58.482946+00:00,Queenstown ActiveSG Gym,51%
2026-09-18T04:30:58.482946+00:00,Sengkang ActiveSG Gym,52%
2026-09-18T04:30:58.482946+00:00,Senja-Cashew ActiveSG Gym,75%
2026-09-18T04:30:58.482946+00:00,Tampines ActiveSG Gym,57%
2026-09-18T04:30:58.482946+00:00,Woodlands ActiveSG Gym,38%
2026-09-18T04:30:58.482946+00:00,Yio Chu Kang ActiveSG Gym,16%
2026-09-18T04:30:58.482946+00:00,Yishun ActiveSG Gym,51%
2026-09-18T04:46:04.237617+00:00,ActiveSG Gym @ Ang Mo Kio Community Centre,40%
2026-09-18T04:46:04.237617+00:00,ActiveSG Gym @ Enabling Village,36%
2026-09-18T04:46:04.237617+00:00,ActiveSG Gym @ Fernvale Square,47%
2026-09-18T04:46:04.237617+00:00,ActiveSG Gym @ Serangoon Central,33%
2026-09-18T04:46:04.237617+00:00,ActiveSG Gym @ Toa Payoh,43%
2026-09-18T04:46:04.237617+00:00,ActiveSG Gym @ Toa Payoh West Community Centre,31%
2026-09-18T04:46:04.237617+00:00,ActiveSG Hockey Village @ Boon Lay Gym,28%
2026-09-18T04:46:04.237617+00:00,ActiveSG Sport Park @ Teck Ghee ActiveSG Gym,23%
2026-09-18T04:46:04.237617+00:00,Bishan ActiveSG Gym,41%
2026-09-18T04:46:04.237617+00:00,Bukit Batok ActiveSG Gym,60%
2026-09-18T04:46:04.237617+00:00,Bukit Canberra ActiveSG Gym,45%
2026-09-18T04:46:04.237617+00:00,Bukit Gombak ActiveSG Gym,47%
2026-09-18T04:46:04.237617+00:00,Choa Chu Kang ActiveSG Gym,31%
2026-09-18T04:46:04.237617+00:00,Clementi ActiveSG Gym,68%
2026-09-18T04:46:04.237617+00:00,Delta ActiveSG Gym,39%
2026-09-18T04:46:04.237617+00:00,Heartbeat @ Bedok ActiveSG Gym,66%
2026-09-18T04:46:04.237617+00:00,Hougang ActiveSG Gym,42%
2026-09-18T04:46:04.237617+00:00,Jalan Besar ActiveSG Gym,41%
2026-09-18T04:46:04.237617+00:00,Jurong East ActiveSG Gym,20%
2026-09-18T04:46:04.237617+00:00,Jurong Lake Gardens ActiveSG Gym,21%
2026-09-18T04:46:04.237617+00:00,Jurong West ActiveSG Gym,27%
2026-09-18T04:46:04.237617+00:00,Katong ActiveSG Gym,48%
2026-09-18T04:46:04.237617+00:00,Pasir Ris ActiveSG Gym,37%
2026-09-18T04:46:04.237617+00:00,Queenstown ActiveSG Gym,53%
2026-09-18T04:46:04.237617+00:00,Sengkang ActiveSG Gym,51%
2026-09-18T04:46:04.237617+00:00,Senja-Cashew ActiveSG Gym,78%
2026-09-18T04:46:04.237617+00:00,Tampines ActiveSG Gym,56%
2026-09-18T04:46:04.237617+00:00,Woodlands ActiveSG Gym,37%
2026-09-18T04:46:04.237617+00:00,Yio Chu Kang ActiveSG Gym,15%
2026-09-18T04:46:04.237617+00:00,Yishun ActiveSG Gym,52%
2026-09-18T05:00:43.766586+00:00,ActiveSG Gym @ Ang Mo Kio Community Centre,37%
2026-09-18T05:00:43.766586+00:00,ActiveSG Gym @ Enabling Village,27%
2026-09-18T05:00:43.766586+00:00,ActiveSG Gym @ Fernvale Square,33%
2026-09-18T05:00:43.766586+00:00,ActiveSG Gym @ Serangoon Central,37%
2026-09-18T05:00:43.766586+00:00,ActiveSG Gym @ Toa Payoh,43%
2026-09-18T05:00:43.766586+00:00,ActiveSG Gym @ Toa Payoh West Community Centre,31%
2026-09-18T05:00:43.766586+00:00,ActiveSG Hockey Village @ Boon Lay Gym,29%
2026-09-18T05:00:43.766586+00:00,ActiveSG Sport Park @ Teck Ghee ActiveSG Gym,21%
2026-09-18T05:00:43.766586+00:00,Bishan ActiveSG Gym,41%
2026-09-18T05:00:43.766586+00:00,Bukit Batok ActiveSG Gym,50%
2026-09-18T05:00:43.766586+00:00,Bukit Canberra ActiveSG Gym,45%
2026-09-18T05:00:43.766586+00:00,Bukit Gombak ActiveSG Gym,47%
2026-09-18T05:00:43.766586+00:00,Choa Chu Kang ActiveSG Gym,39%
2026-09-18T05:00:43.766586+00:00,Clementi ActiveSG Gym,75%
2026-09-18T05:00:43.766586+00:00,Delta ActiveSG Gym,39%
2026-09-18T05:00:43.766586+00:00,Heartbeat @ Bedok ActiveSG Gym,71%
2026-09-18T05:00:43.766586+00:00,Hougang ActiveSG Gym,43%
2026-09-18T05:00:43.766586+00:00,Jalan Besar ActiveSG Gym,41%
2026-09-18T05:00:43.766586+00:00,Jurong East ActiveSG Gym,22%
2026-09-18T05:00:43.766586+00:00,Jurong Lake Gardens ActiveSG Gym,24%
2026-09-18T05:00:43.766586+00:00,Jurong West ActiveSG Gym,24%
2026-09-18T05:00:43.766586+00:00,Katong ActiveSG Gym,38%
2026-09-18T05:00:43.766586+00:00,Pasir Ris ActiveSG Gym,34%
2026-09-18T05:00:43.766586+00:00,Queenstown ActiveSG Gym,42%
2026-09-18T05:00:43.766586+00:00,Sengkang ActiveSG Gym,44%
2026-09-18T05:00:43.766586+00:00,Senja-Cashew ActiveSG Gym,65%
2026-09-18T05:00:43.766586+00:00,Tampines ActiveSG Gym,54%
2026-09-18T05:00:43.766586+00:00,Woodlands ActiveSG Gym,38%
2026-09-18T05:00:43.766586+00:00,Yio Chu Kang ActiveSG Gym,14%
2026-09-18T05:00:43.766586+00:00,Yishun ActiveSG Gym,48%
2026-09-18T05:24:52.550184+00:00,ActiveSG Gym @ Ang Mo Kio Community Centre,35%
2026-09-18T05:24:52.550184+00:00,ActiveSG Gym @ Enabling Village,27%
2026-09-18T05:24:52.550184+00:00,ActiveSG Gym @ Fernvale Square,27%
2026-09-18T05:24:52.550184+00:00,ActiveSG Gym @ Serangoon Central,30%
2026-09-18T05:24:52.550184+00:00,ActiveSG Gym @ Toa Payoh,39%
2026-09-18T05:24:52.550184+00:00,ActiveSG Gym @ Toa Payoh West Community Centre,31%
2026-09-18T05:24:52.550184+00:00,ActiveSG Hockey Village @ Boon Lay Gym,31%
2026-09-18T05:24:52.550184+00:00,ActiveSG Sport Park @ Teck Ghee ActiveSG Gym,24%
2026-09-18T05:24:52.550184+00:00,Bishan ActiveSG Gym,40%
2026-09-18T05:24:52.550184+00:00,Bukit Batok ActiveSG Gym,45%
2026-09-18T05:24:52.550184+00:00,Bukit Canberra ActiveSG Gym,40%
2026-09-18T05:24:52.550184+00:00,Bukit Gombak ActiveSG Gym,46%
2026-09-18T05:24:52.550184+00:00,Choa Chu Kang ActiveSG Gym,51%
2026-09-18T05:24:52.550184+00:00,Clementi ActiveSG Gym,49%
2026-09-18T05:24:52.550184+00:00,Delta ActiveSG Gym,40%
2026-09-18T05:24:52.550184+00:00,Heartbeat @ Bedok ActiveSG Gym,67%
2026-09-18T05:24:52.550184+00:00,Hougang ActiveSG Gym,49%
2026-09-18T05:24:52.550184+00:00,Jalan Besar ActiveSG Gym,41%
2026-09-18T05:24:52.550184+00:00,Jurong East ActiveSG Gym,26%
2026-09-18T05:24:52.550184+00:00,Jurong Lake Gardens ActiveSG Gym,30%
2026-09-18T05:24:52.550184+00:00,Jurong West ActiveSG Gym,23%
2026-09-18T05:24:52.550184+00:00,Katong ActiveSG Gym,34%
2026-09-18T05:24:52.550184+00:00,Pasir Ris ActiveSG Gym,26%
2026-09-18T05:24:52.550184+00:00,Queenstown ActiveSG Gym,48%
2026-09-18T05:24:52.550184+00:00,Sengkang ActiveSG Gym,34%
2026-09-18T05:24:52.550184+00:00,Senja-Cashew ActiveSG Gym,60%
2026-09-18T05:24:52.550184+00:00,Tampines ActiveSG Gym,46%
2026-09-18T05:24:52.550184+00:00,Woodlands ActiveSG Gym,44%
2026-09-18T05:24:52.550184+00:00,Yio Chu Kang ActiveSG Gym,41%
2026-09-18T05:24:52.550184+00:00,Yishun ActiveSG Gym,36%
2026-09-18T05:33:54.230435+00:00,ActiveSG Gym @ Ang Mo Kio Community Centre,33%
2026-09-18T05:33:54.230435+00:00,ActiveSG Gym @ Enabling Village,27%
2026-09-18T05:33:54.230435+00:00,ActiveSG Gym @ Fernvale Square,23%
2026-09-18T05:33:54.230435+00:00,ActiveSG Gym @ Serangoon Central,47%
2026-09-18T05:33:54.230435+00:00,ActiveSG Gym @ Toa Payoh,39%
2026-09-18T05:33:54.230435+00:00,ActiveSG Gym @ Toa Payoh West Community Centre,31%
2026-09-18T05:33:54.230435+00:00,ActiveSG Hockey Village @ Boon Lay Gym,30%
2026-09-18T05:33:54.230435+00:00,ActiveSG Sport Park @ Teck Ghee ActiveSG Gym,26%
2026-09-18T05:33:54.230435+00:00,Bishan ActiveSG Gym,43%
2026-09-18T05:33:54.230435+00:00,Bukit Batok ActiveSG Gym,43%
2026-09-18T05:33:54.230435+00:00,Bukit Canberra ActiveSG Gym,41%
2026-09-18T05:33:54.230435+00:00,Bukit Gombak ActiveSG Gym,41%
2026-09-18T05:33:54.230435+00:00,Choa Chu Kang ActiveSG Gym,56%
2026-09-18T05:33:54.230435+00:00,Clementi ActiveSG Gym,45%
2026-09-18T05:33:54.230435+00:00,Delta ActiveSG Gym,40%
2026-09-18T05:33:54.230435+00:00,Heartbeat @ Bedok ActiveSG Gym,69%
2026-09-18T05:33:54.230435+00:00,Hougang ActiveSG Gym,49%
2026-09-18T05:33:54.230435+00:00,Jalan Besar ActiveSG Gym,42%
2026-09-18T05:33:54.230435+00:00,Jurong East ActiveSG Gym,21%
2026-09-18T05:33:54.230435+00:00,Jurong Lake Gardens ActiveSG Gym,30%
2026-09-18T05:33:54.230435+00:00,Jurong West ActiveSG Gym,23%
2026-09-18T05:33:54.230435+00:00,Katong ActiveSG Gym,32%
2026-09-18T05:33:54.230435+00:00,Pasir Ris ActiveSG Gym,29%
2026-09-18T05:33:54.230435+00:00,Queenstown ActiveSG Gym,33%
2026-09-18T05:33:54.230435+00:00,Sengkang ActiveSG Gym,24%
2026-09-18T05:33:54.230435+00:00,Senja-Cashew ActiveSG Gym,54%
2026-09-18T05:33:54.230435+00:00,Tampines ActiveSG Gym,43%
2026-09-18T05:33:54.230435+00:00,Woodlands ActiveSG Gym,43%
2026-09-18T05:33:54.230435+00:00,Yio Chu Kang ActiveSG Gym,36%
2026-09-18T05:33:54.230435+00:00,Yishun ActiveSG Gym,34%
2026-09-18T05:51:23.801431+00:00,ActiveSG Gym @ Ang Mo Kio Community Centre,40%
2026-09-18T05:51:23.801431+00:00,ActiveSG Gym @ Enabling Village,33%
2026-09-18T05:51:23.801431+00:00,ActiveSG Gym @ Fernvale Square,33%
2026-09-18T05:51:23.801431+00:00,ActiveSG Gym @ Serangoon Central,53%
2026-09-18T05:51:23.801431+00:00,ActiveSG Gym @ Toa Payoh,42%
2026-09-18T05:51:23.801431+00:00,ActiveSG Gym @ Toa Payoh West Community Centre,23%
2026-09-18T05:51:23.801431+00:00,ActiveSG Hockey Village @ Boon Lay Gym,32%
2026-09-18T05:51:23.801431+00:00,ActiveSG Sport Park @ Teck Ghee ActiveSG Gym,27%
2026-09-18T05:51:23.801431+00:00,Bishan ActiveSG Gym,36%
2026-09-18T05:51:23.801431+00:00,Bukit Batok ActiveSG Gym,60%
2026-09-18T05:51:23.801431+00:00,Bukit Canberra ActiveSG Gym,43%
2026-09-18T05:51:23.801431+00:00,Bukit Gombak ActiveSG Gym,33%
2026-09-18T05:51:23.801431+00:00,Choa Chu Kang ActiveSG Gym,63%
2026-09-18T05:51:23.801431+00:00,Clementi ActiveSG Gym,53%
2026-09-18T05:51:23.801431+00:00,Delta ActiveSG Gym,40%
2026-09-18T05:51:23.801431+00:00,Heartbeat @ Bedok ActiveSG Gym,67%
2026-09-18T05:51:23.801431+00:00,Hougang ActiveSG Gym,48%
2026-09-18T05:51:23.801431+00:00,Jalan Besar ActiveSG Gym,38%
2026-09-18T05:51:23.801431+00:00,Jurong East ActiveSG Gym,21%
2026-09-18T05:51:23.801431+00:00,Jurong Lake Gardens ActiveSG Gym,30%
2026-09-18T05:51:23.801431+00:00,Jurong West ActiveSG Gym,23%
2026-09-18T05:51:23.801431+00:00,Katong ActiveSG Gym,35%
2026-09-18T05:51:23.801431+00:00,Pasir Ris ActiveSG Gym,31%
2026-09-18T05:51:23.801431+00:00,Queenstown ActiveSG Gym,36%
2026-09-18T05:51:23.801431+00:00,Sengkang ActiveSG Gym,36%
2026-09-18T05:51:23.801431+00:00,Senja-Cashew ActiveSG Gym,48%
2026-09-18T05:51:23.801431+00:00,Tampines ActiveSG Gym,45%
2026-09-18T05:51:23.801431+00:00,Woodlands ActiveSG Gym,42%
2026-09-18T05:51:23.801431+00:00,Yio Chu Kang ActiveSG Gym,35%
2026-09-18T05:51:23.801431+00:00,Yishun ActiveSG Gym,37%
2026-09-18T05:57:20.479708+00:00,ActiveSG Gym @ Ang Mo Kio Community Centre,40%
2026-09-18T05:57:20.479708+00:00,ActiveSG Gym @ Enabling Village,33%
2026-09-18T05:57:20.479708+00:00,ActiveSG Gym @ Fernvale Square,40%
2026-09-18T05:57:20.479708+00:00,ActiveSG Gym @ Serangoon Central,53%
2026-09-18T05:57:20.479708+00:00,ActiveSG Gym @ Toa Payoh,40%
2026-09-18T05:57:20.479708+00:00,ActiveSG Gym @ Toa Payoh West Community Centre,23%
2026-09-18T05:57:20.479708+00:00,ActiveSG Hockey Village @ Boon Lay Gym,32%
2026-09-18T05:57:20.479708+00:00,ActiveSG Sport Park @ Teck Ghee ActiveSG Gym,28%
2026-09-18T05:57:20.479708+00:00,Bishan ActiveSG Gym,35%
2026-09-18T05:57:20.479708+00:00,Bukit Batok ActiveSG Gym,60%
2026-09-18T05:57:20.479708+00:00,Bukit Canberra ActiveSG Gym,42%
2026-09-18T05:57:20.479708+00:00,Bukit Gombak ActiveSG Gym,40%
2026-09-18T05:57:20.479708+00:00,Choa Chu Kang ActiveSG Gym,62%
2026-09-18T05:57:20.479708+00:00,Clementi ActiveSG Gym,55%
2026-09-18T05:57:20.479708+00:00,Delta ActiveSG Gym,43%
2026-09-18T05:57:20.479708+00:00,Heartbeat @ Bedok ActiveSG Gym,71%
2026-09-18T05:57:20.479708+00:00,Hougang ActiveSG Gym,48%
2026-09-18T05:57:20.479708+00:00,Jalan Besar ActiveSG Gym,39%
2026-09-18T05:57:20.479708+00:00,Jurong East ActiveSG Gym,21%
2026-09-18T05:57:20.479708+00:00,Jurong Lake Gardens ActiveSG Gym,30%
2026-09-18T05:57:20.479708+00:00,Jurong West ActiveSG Gym,22%
2026-09-18T05:57:20.479708+00:00,Katong ActiveSG Gym,34%
2026-09-18T05:57:20.479708+00:00,Pasir Ris ActiveSG Gym,29%
2026-09-18T05:57:20.479708+00:00,Queenstown ActiveSG Gym,38%
2026-09-18T05:57:20.479708+00:00,Sengkang ActiveSG Gym,36%
2026-09-18T05:57:20.479708+00:00,Senja-Cashew ActiveSG Gym,48%
2026-09-18T05:57:20.479708+00:00,Tampines ActiveSG Gym,49%
2026-09-18T05:57:20.479708+00:00,Woodlands ActiveSG Gym,39%
2026-09-18T05:57:20.479708+00:00,Yio Chu Kang ActiveSG Gym,36%
2026-09-18T05:57:20.479708+00:00,Yishun ActiveSG Gym,42%
2026-09-18T06:03:27.246948+00:00,ActiveSG Gym @ Ang Mo Kio Community Centre,40%
2026-09-18T06:03:27.246948+00:00,ActiveSG Gym @ Enabling Village,38%
2026-09-18T06:03:27.246948+00:00,ActiveSG Gym @ Fernvale Square,50%
2026-09-18T06:03:27.246948+00:00,ActiveSG Gym @ Serangoon Central,60%
2026-09-18T06:03:27.246948+00:00,ActiveSG Gym @ Toa Payoh,42%
2026-09-18T06:03:27.246948+00:00,ActiveSG Gym @ Toa Payoh West Community Centre,23%
2026-09-18T06:03:27.246948+00:00,ActiveSG Hockey Village @ Boon Lay Gym,28%
2026-09-18T06:03:27.246948+00:00,ActiveSG Sport Park @ Teck Ghee ActiveSG Gym,32%
2026-09-18T06:03:27.246948+00:00,Bishan ActiveSG Gym,35%
2026-09-18T06:03:27.246948+00:00,Bukit Batok ActiveSG Gym,63%
2026-09-18T06:03:27.246948+00:00,Bukit Canberra ActiveSG Gym,40%
2026-09-18T06:03:27.246948+00:00,Bukit Gombak ActiveSG Gym,42%
2026-09-18T06:03:27.246948+00:00,Choa Chu Kang ActiveSG Gym,64%
2026-09-18T06:03:27.246948+00:00,Clementi ActiveSG Gym,56%
2026-09-18T06:03:27.246948+00:00,Delta ActiveSG Gym,40%
2026-09-18T06:03:27.246948+00:00,Heartbeat @ Bedok ActiveSG Gym,71%
2026-09-18T06:03:27.246948+00:00,Hougang ActiveSG Gym,50%
2026-09-18T06:03:27.246948+00:00,Jalan Besar ActiveSG Gym,41%
2026-09-18T06:03:27.246948+00:00,Jurong East ActiveSG Gym,21%
2026-09-18T06:03:27.246948+00:00,Jurong Lake Gardens ActiveSG Gym,30%
2026-09-18T06:03:27.246948+00:00,Jurong West ActiveSG Gym,22%
2026-09-18T06:03:27.246948+00:00,Katong ActiveSG Gym,35%
2026-09-18T06:03:27.246948+00:00,Pasir Ris ActiveSG Gym,29%
2026-09-18T06:03:27.246948+00:00,Queenstown ActiveSG Gym,40%
2026-09-18T06:03:27.246948+00:00,Sengkang ActiveSG Gym,37%
2026-09-18T06:03:27.246948+00:00,Senja-Cashew ActiveSG Gym,48%
2026-09-18T06:03:27.246948+00:00,Tampines ActiveSG Gym,48%
2026-09-18T06:03:27.246948+00:00,Woodlands ActiveSG Gym,42%
2026-09-18T06:03:27.246948+00:00,Yio Chu Kang ActiveSG Gym,36%
2026-09-18T06:03:27.246948+00:00,Yishun ActiveSG Gym,42%
2026-09-18T06:25:07.247235+00:00,ActiveSG Gym @ Ang Mo Kio Community Centre,27%
2026-09-18T06:25:07.247235+00:00,ActiveSG Gym @ Enabling Village,20%
2026-09-18T06:25:07.247235+00:00,ActiveSG Gym @ Fernvale Square,68%
2026-09-18T06:25:07.247235+00:00,ActiveSG Gym @ Serangoon Central,50%
2026-09-18T06:25:07.247235+00:00,ActiveSG Gym @ Toa Payoh,52%
2026-09-18T06:25:07.247235+00:00,ActiveSG Gym @ Toa Payoh West Community Centre,24%
2026-09-18T06:25:07.247235+00:00,ActiveSG Hockey Village @ Boon Lay Gym,31%
2026-09-18T06:25:07.247235+00:00,ActiveSG Sport Park @ Teck Ghee ActiveSG Gym,32%
2026-09-18T06:25:07.247235+00:00,Bishan ActiveSG Gym,25%
2026-09-18T06:25:07.247235+00:00,Bukit Batok ActiveSG Gym,70%
2026-09-18T06:25:07.247235+00:00,Bukit Canberra ActiveSG Gym,44%
2026-09-18T06:25:07.247235+00:00,Bukit Gombak ActiveSG Gym,43%
2026-09-18T06:25:07.247235+00:00,Choa Chu Kang ActiveSG Gym,69%
2026-09-18T06:25:07.247235+00:00,Clementi ActiveSG Gym,53%
2026-09-18T06:25:07.247235+00:00,Delta ActiveSG Gym,39%
2026-09-18T06:25:07.247235+00:00,Heartbeat @ Bedok ActiveSG Gym,67%
2026-09-18T06:25:07.247235+00:00,Hougang ActiveSG Gym,58%
2026-09-18T06:25:07.247235+00:00,Jalan Besar ActiveSG Gym,59%
2026-09-18T06:25:07.247235+00:00,Jurong East ActiveSG Gym,23%
2026-09-18T06:25:07.247235+00:00,Jurong Lake Gardens ActiveSG Gym,29%
2026-09-18T06:25:07.247235+00:00,Jurong West ActiveSG Gym,21%
2026-09-18T06:25:07.247235+00:00,Katong ActiveSG Gym,37%
2026-09-18T06:25:07.247235+00:00,Pasir Ris ActiveSG Gym,31%
2026-09-18T06:25:07.247235+00:00,Queenstown ActiveSG Gym,49%
2026-09-18T06:25:07.247235+00:00,Sengkang ActiveSG Gym,42%
2026-09-18T06:25:07.247235+00:00,Senja-Cashew ActiveSG Gym,52%
2026-09-18T06:25:07.247235+00:00,Tampines ActiveSG Gym,48%
2026-09-18T06:25:07.247235+00:00,Woodlands ActiveSG Gym,44%
2026-09-18T06:25:07.247235+00:00,Yio Chu Kang ActiveSG Gym,31%
2026-09-18T06:25:07.247235+00:00,Yishun ActiveSG Gym,36%
2026-09-18T06:30:50.983230+00:00,ActiveSG Gym @ Ang Mo Kio Community Centre,28%
2026-09-18T06:30:50.983230+00:00,ActiveSG Gym @ Enabling Village,20%
2026-09-18T06:30:50.983230+00:00,ActiveSG Gym @ Fernvale Square,68%
2026-09-18T06:30:50.983230+00:00,ActiveSG Gym @ Serangoon Central,50%
2026-09-18T06:30:50.983230+00:00,ActiveSG Gym @ Toa Payoh,51%
2026-09-18T06:30:50.983230+00:00,ActiveSG Gym @ Toa Payoh West Community Centre,24%
2026-09-18T06:30:50.983230+00:00,ActiveSG Hockey Village @ Boon Lay Gym,31%
2026-09-18T06:30:50.983230+00:00,ActiveSG Sport Park @ Teck Ghee ActiveSG Gym,31%
2026-09-18T06:30:50.983230+00:00,Bishan ActiveSG Gym,29%
2026-09-18T06:30:50.983230+00:00,Bukit Batok ActiveSG Gym,68%
2026-09-18T06:30:50.983230+00:00,Bukit Canberra ActiveSG Gym,48%
2026-09-18T06:30:50.983230+00:00,Bukit Gombak ActiveSG Gym,47%
2026-09-18T06:30:50.983230+00:00,Choa Chu Kang ActiveSG Gym,69%
2026-09-18T06:30:50.983230+00:00,Clementi ActiveSG Gym,56%
2026-09-18T06:30:50.983230+00:00,Delta ActiveSG Gym,42%
2026-09-18T06:30:50.983230+00:00,Heartbeat @ Bedok ActiveSG Gym,68%
2026-09-18T06:30:50.983230+00:00,Hougang ActiveSG Gym,58%
2026-09-18T06:30:50.983230+00:00,Jalan Besar ActiveSG Gym,59%
2026-09-18T06:30:50.983230+00:00,Jurong East ActiveSG Gym,21%
2026-09-18T06:30:50.983230+00:00,Jurong Lake Gardens ActiveSG Gym,29%
2026-09-18T06:30:50.983230+00:00,Jurong West ActiveSG Gym,23%
2026-09-18T06:30:50.983230+00:00,Katong ActiveSG Gym,37%
2026-09-18T06:30:50.983230+00:00,Pasir Ris ActiveSG Gym,34%
2026-09-18T06:30:50.983230+00:00,Queenstown ActiveSG Gym,48%
2026-09-18T06:30:50.983230+00:00,Sengkang ActiveSG Gym,45%
2026-09-18T06:30:50.983230+00:00,Senja-Cashew ActiveSG Gym,51%
2026-09-18T06:30:50.983230+00:00,Tampines ActiveSG Gym,48%
2026-09-18T06:30:50.983230+00:00,Woodlands ActiveSG Gym,43%
2026-09-18T06:30:50.983230+00:00,Yio Chu Kang ActiveSG Gym,32%
2026-09-18T06:30:50.983230+00:00,Yishun ActiveSG Gym,35%
2026-09-18T06:48:30.839107+00:00,ActiveSG Gym @ Ang Mo Kio Community Centre,30%
2026-09-18T06:48:30.839107+00:00,ActiveSG Gym @ Enabling Village,20%
2026-09-18T06:48:30.839107+00:00,ActiveSG Gym @ Fernvale Square,53%
2026-09-18T06:48:30.839107+00:00,ActiveSG Gym @ Serangoon Central,47%
2026-09-18T06:48:30.839107+00:00,ActiveSG Gym @ Toa Payoh,52%
2026-09-18T06:48:30.839107+00:00,ActiveSG Gym @ Toa Payoh West Community Centre,27%
2026-09-18T06:48:30.839107+00:00,ActiveSG Hockey Village @ Boon Lay Gym,34%
2026-09-18T06:48:30.839107+00:00,ActiveSG Sport Park @ Teck Ghee ActiveSG Gym,33%
2026-09-18T06:48:30.839107+00:00,Bishan ActiveSG Gym,36%
2026-09-18T06:48:30.839107+00:00,Bukit Batok ActiveSG Gym,30%
2026-09-18T06:48:30.839107+00:00,Bukit Canberra ActiveSG Gym,48%
2026-09-18T06:48:30.839107+00:00,Bukit Gombak ActiveSG Gym,54%
2026-09-18T06:48:30.839107+00:00,Choa Chu Kang ActiveSG Gym,65%
2026-09-18T06:48:30.839107+00:00,Clementi ActiveSG Gym,58%
2026-09-18T06:48:30.839107+00:00,Delta ActiveSG Gym,47%
2026-09-18T06:48:30.839107+00:00,Heartbeat @ Bedok ActiveSG Gym,65%
2026-09-18T06:48:30.839107+00:00,Hougang ActiveSG Gym,51%
2026-09-18T06:48:30.839107+00:00,Jalan Besar ActiveSG Gym,52%
2026-09-18T06:48:30.839107+00:00,Jurong East ActiveSG Gym,29%
2026-09-18T06:48:30.839107+00:00,Jurong Lake Gardens ActiveSG Gym,29%
2026-09-18T06:48:30.839107+00:00,Jurong West ActiveSG Gym,25%
2026-09-18T06:48:30.839107+00:00,Katong ActiveSG Gym,42%
2026-09-18T06:48:30.839107+00:00,Pasir Ris ActiveSG Gym,43%
2026-09-18T06:48:30.839107+00:00,Queenstown ActiveSG Gym,57%
2026-09-18T06:48:30.839107+00:00,Sengkang ActiveSG Gym,48%
2026-09-18T06:48:30.839107+00:00,Senja-Cashew ActiveSG Gym,49%
2026-09-18T06:48:30.839107+00:00,Tampines ActiveSG Gym,58%
2026-09-18T06:48:30.839107+00:00,Woodlands ActiveSG Gym,48%
2026-09-18T06:48:30.839107+00:00,Yio Chu Kang ActiveSG Gym,32%
2026-09-18T06:48:30.839107+00:00,Yishun ActiveSG Gym,34%
2026-09-18T07:00:08.883351+00:00,ActiveSG Gym @ Ang Mo Kio Community Centre,32%
2026-09-18T07:00:08.883351+00:00,ActiveSG Gym @ Enabling Village,13%
2026-09-18T07:00:08.883351+00:00,ActiveSG Gym @ Fernvale Square,50%
2026-09-18T07:00:08.883351+00:00,ActiveSG Gym @ Serangoon Central,40%
2026-09-18T07:00:08.883351+00:00,ActiveSG Gym @ Toa Payoh,54%
2026-09-18T07:00:08.883351+00:00,ActiveSG Gym @ Toa Payoh West Community Centre,31%
2026-09-18T07:00:08.883351+00:00,ActiveSG Hockey Village @ Boon Lay Gym,34%
2026-09-18T07:00:08.883351+00:00,ActiveSG Sport Park @ Teck Ghee ActiveSG Gym,32%
2026-09-18T07:00:08.883351+00:00,Bishan ActiveSG Gym,40%
2026-09-18T07:00:08.883351+00:00,Bukit Batok ActiveSG Gym,50%
2026-09-18T07:00:08.883351+00:00,Bukit Canberra ActiveSG Gym,48%
2026-09-18T07:00:08.883351+00:00,Bukit Gombak ActiveSG Gym,54%
2026-09-18T07:00:08.883351+00:00,Choa Chu Kang ActiveSG Gym,61%
2026-09-18T07:00:08.883351+00:00,Clementi ActiveSG Gym,67%
2026-09-18T07:00:08.883351+00:00,Delta ActiveSG Gym,48%
2026-09-18T07:00:08.883351+00:00,Heartbeat @ Bedok ActiveSG Gym,65%
2026-09-18T07:00:08.883351+00:00,Hougang ActiveSG Gym,54%
2026-09-18T07:00:08.883351+00:00,Jalan Besar ActiveSG Gym,48%
2026-09-18T07:00:08.883351+00:00,Jurong East ActiveSG Gym,37%
2026-09-18T07:00:08.883351+00:00,Jurong Lake Gardens ActiveSG Gym,26%
2026-09-18T07:00:08.883351+00:00,Jurong West ActiveSG Gym,26%
2026-09-18T07:00:08.883351+00:00,Katong ActiveSG Gym,42%
2026-09-18T07:00:08.883351+00:00,Pasir Ris ActiveSG Gym,45%
2026-09-18T07:00:08.883351+00:00,Queenstown ActiveSG Gym,61%
2026-09-18T07:00:08.883351+00:00,Sengkang ActiveSG Gym,50%
2026-09-18T07:00:08.883351+00:00,Senja-Cashew ActiveSG Gym,62%
2026-09-18T07:00:08.883351+00:00,Tampines ActiveSG Gym,56%
2026-09-18T07:00:08.883351+00:00,Woodlands ActiveSG Gym,47%
2026-09-18T07:00:08.883351+00:00,Yio Chu Kang ActiveSG Gym,31%
2026-09-18T07:00:08.883351+00:00,Yishun ActiveSG Gym,36%
2026-09-18T07:15:13.890586+00:00,ActiveSG Gym @ Ang Mo Kio Community Centre,33%
2026-09-18T07:15:13.890586+00:00,ActiveSG Gym @ Enabling Village,18%
2026-09-18T07:15:13.890586+00:00,ActiveSG Gym @ Fernvale Square,57%
2026-09-18T07:15:13.890586+00:00,ActiveSG Gym @ Serangoon Central,40%
2026-09-18T07:15:13.890586+00:00,ActiveSG Gym @ Toa Payoh,54%
2026-09-18T07:15:13.890586+00:00,ActiveSG Gym @ Toa Payoh West Community Centre,31%
2026-09-18T07:15:13.890586+00:00,ActiveSG Hockey Village @ Boon Lay Gym,38%
2026-09-18T07:15:13.890586+00:00,ActiveSG Sport Park @ Teck Ghee ActiveSG Gym,36%
2026-09-18T07:15:13.890586+00:00,Bishan ActiveSG Gym,37%
2026-09-18T07:15:13.890586+00:00,Bukit Batok ActiveSG Gym,40%
2026-09-18T07:15:13.890586+00:00,Bukit Canberra ActiveSG Gym,49%
2026-09-18T07:15:13.890586+00:00,Bukit Gombak ActiveSG Gym,54%
2026-09-18T07:15:13.890586+00:00,Choa Chu Kang ActiveSG Gym,61%
2026-09-18T07:15:13.890586+00:00,Clementi ActiveSG Gym,75%
2026-09-18T07:15:13.890586+00:00,Delta ActiveSG Gym,49%
2026-09-18T07:15:13.890586+00:00,Heartbeat @ Bedok ActiveSG Gym,65%
2026-09-18T07:15:13.890586+00:00,Hougang ActiveSG Gym,56%
2026-09-18T07:15:13.890586+00:00,Jalan Besar ActiveSG Gym,53%
2026-09-18T07:15:13.890586+00:00,Jurong East ActiveSG Gym,34%
2026-09-18T07:15:13.890586+00:00,Jurong Lake Gardens ActiveSG Gym,27%
2026-09-18T07:15:13.890586+00:00,Jurong West ActiveSG Gym,24%
2026-09-18T07:15:13.890586+00:00,Katong ActiveSG Gym,63%
2026-09-18T07:15:13.890586+00:00,Pasir Ris ActiveSG Gym,41%
2026-09-18T07:15:13.890586+00:00,Queenstown ActiveSG Gym,67%
2026-09-18T07:15:13.890586+00:00,Sengkang ActiveSG Gym,49%
2026-09-18T07:15:13.890586+00:00,Senja-Cashew ActiveSG Gym,68%
2026-09-18T07:15:13.890586+00:00,Tampines ActiveSG Gym,56%
2026-09-18T07:15:13.890586+00:00,Woodlands ActiveSG Gym,53%
2026-09-18T07:15:13.890586+00:00,Yio Chu Kang ActiveSG Gym,31%
2026-09-18T07:15:13.890586+00:00,Yishun ActiveSG Gym,36%
2026-09-18T07:34:32.825107+00:00,ActiveSG Gym @ Ang Mo Kio Community Centre,35%
2026-09-18T07:34:32.825107+00:00,ActiveSG Gym @ Enabling Village,31%
2026-09-18T07:34:32.825107+00:00,ActiveSG Gym @ Fernvale Square,60%
2026-09-18T07:34:32.825107+00:00,ActiveSG Gym @ Serangoon Central,40%
2026-09-18T07:34:32.825107+00:00,ActiveSG Gym @ Toa Payoh,51%
2026-09-18T07:34:32.825107+00:00,ActiveSG Gym @ Toa Payoh West Community Centre,36%
2026-09-18T07:34:32.825107+00:00,ActiveSG Hockey Village @ Boon Lay Gym,41%
2026-09-18T07:34:32.825107+00:00,ActiveSG Sport Park @ Teck Ghee ActiveSG Gym,38%
2026-09-18T07:34:32.825107+00:00,Bishan ActiveSG Gym,36%
2026-09-18T07:34:32.825107+00:00,Bukit Batok ActiveSG Gym,68%
2026-09-18T07:34:32.825107+00:00,Bukit Canberra ActiveSG Gym,48%
2026-09-18T07:34:32.825107+00:00,Bukit Gombak ActiveSG Gym,61%
2026-09-18T07:34:32.825107+00:00,Choa Chu Kang ActiveSG Gym,61%
2026-09-18T07:34:32.825107+00:00,Clementi ActiveSG Gym,58%
2026-09-18T07:34:32.825107+00:00,Delta ActiveSG Gym,52%
2026-09-18T07:34:32.825107+00:00,Heartbeat @ Bedok ActiveSG Gym,69%
2026-09-18T07:34:32.825107+00:00,Hougang ActiveSG Gym,51%
2026-09-18T07:34:32.825107+00:00,Jalan Besar ActiveSG Gym,56%
2026-09-18T07:34:32.825107+00:00,Jurong East ActiveSG Gym,36%
2026-09-18T07:34:32.825107+00:00,Jurong Lake Gardens ActiveSG Gym,27%
2026-09-18T07:34:32.825107+00:00,Jurong West ActiveSG Gym,22%
2026-09-18T07:34:32.825107+00:00,Katong ActiveSG Gym,72%
2026-09-18T07:34:32.825107+00:00,Pasir Ris ActiveSG Gym,45%
2026-09-18T07:34:32.825107+00:00,Queenstown ActiveSG Gym,70%
2026-09-18T07:34:32.825107+00:00,Sengkang ActiveSG Gym,46%
2026-09-18T07:34:32.825107+00:00,Senja-Cashew ActiveSG Gym,55%
2026-09-18T07:34:32.825107+00:00,Tampines ActiveSG Gym,55%
2026-09-18T07:34:32.825107+00:00,Woodlands ActiveSG Gym,58%
2026-09-18T07:34:32.825107+00:00,Yio Chu Kang ActiveSG Gym,25%
2026-09-18T07:34:32.825107+00:00,Yishun ActiveSG Gym,46%
2026-09-18T07:45:11.329849+00:00,ActiveSG Gym @ Ang Mo Kio Community Centre,47%
2026-09-18T07:45:11.329849+00:00,ActiveSG Gym @ Enabling Village,31%
2026-09-18T07:45:11.329849+00:00,ActiveSG Gym @ Fernvale Square,58%
2026-09-18T07:45:11.329849+00:00,ActiveSG Gym @ Serangoon Central,53%
2026-09-18T07:45:11.329849+00:00,ActiveSG Gym @ Toa Payoh,49%
2026-09-18T07:45:11.329849+00:00,ActiveSG Gym @ Toa Payoh West Community Centre,37%
2026-09-18T07:45:11.329849+00:00,ActiveSG Hockey Village @ Boon Lay Gym,25%
2026-09-18T07:45:11.329849+00:00,ActiveSG Sport Park @ Teck Ghee ActiveSG Gym,36%
2026-09-18T07:45:11.329849+00:00,Bishan ActiveSG Gym,34%
2026-09-18T07:45:11.329849+00:00,Bukit Batok ActiveSG Gym,68%
2026-09-18T07:45:11.329849+00:00,Bukit Canberra ActiveSG Gym,49%
2026-09-18T07:45:11.329849+00:00,Bukit Gombak ActiveSG Gym,66%
2026-09-18T07:45:11.329849+00:00,Choa Chu Kang ActiveSG Gym,61%
2026-09-18T07:45:11.329849+00:00,Clementi ActiveSG Gym,58%
2026-09-18T07:45:11.329849+00:00,Delta ActiveSG Gym,54%
2026-09-18T07:45:11.329849+00:00,Heartbeat @ Bedok ActiveSG Gym,66%
2026-09-18T07:45:11.329849+00:00,Hougang ActiveSG Gym,49%
2026-09-18T07:45:11.329849+00:00,Jalan Besar ActiveSG Gym,61%
2026-09-18T07:45:11.329849+00:00,Jurong East ActiveSG Gym,38%
2026-09-18T07:45:11.329849+00:00,Jurong Lake Gardens ActiveSG Gym,31%
2026-09-18T07:45:11.329849+00:00,Jurong West ActiveSG Gym,22%
2026-09-18T07:45:11.329849+00:00,Katong ActiveSG Gym,75%
2026-09-18T07:45:11.329849+00:00,Pasir Ris ActiveSG Gym,42%
2026-09-18T07:45:11.329849+00:00,Queenstown ActiveSG Gym,74%
2026-09-18T07:45:11.329849+00:00,Sengkang ActiveSG Gym,46%
2026-09-18T07:45:11.329849+00:00,Senja-Cashew ActiveSG Gym,62%
2026-09-18T07:45:11.329849+00:00,Tampines ActiveSG Gym,53%
2026-09-18T07:45:11.329849+00:00,Woodlands ActiveSG Gym,62%
2026-09-18T07:45:11.329849+00:00,Yio Chu Kang ActiveSG Gym,24%
2026-09-18T07:45:11.329849+00:00,Yishun ActiveSG Gym,44%
2026-09-18T08:04:31.509855+00:00,ActiveSG Gym @ Ang Mo Kio Community Centre,45%
2026-09-18T08:04:31.509855+00:00,ActiveSG Gym @ Enabling Village,38%
2026-09-18T08:04:31.509855+00:00,ActiveSG Gym @ Fernvale Square,63%
2026-09-18T08:04:31.509855+00:00,ActiveSG Gym @ Serangoon Central,50%
2026-09-18T08:04:31.509855+00:00,ActiveSG Gym @ Toa Payoh,54%
2026-09-18T08:04:31.509855+00:00,ActiveSG Gym @ Toa Payoh West Community Centre,37%
2026-09-18T08:04:31.509855+00:00,ActiveSG Hockey Village @ Boon Lay Gym,25%
2026-09-18T08:04:31.509855+00:00,ActiveSG Sport Park @ Teck Ghee ActiveSG Gym,36%
2026-09-18T08:04:31.509855+00:00,Bishan ActiveSG Gym,36%
2026-09-18T08:04:31.509855+00:00,Bukit Batok ActiveSG Gym,78%
2026-09-18T08:04:31.509855+00:00,Bukit Canberra ActiveSG Gym,48%
2026-09-18T08:04:31.509855+00:00,Bukit Gombak ActiveSG Gym,63%
2026-09-18T08:04:31.509855+00:00,Choa Chu Kang ActiveSG Gym,61%
2026-09-18T08:04:31.509855+00:00,Clementi ActiveSG Gym,58%
2026-09-18T08:04:31.509855+00:00,Delta ActiveSG Gym,47%
2026-09-18T08:04:31.509855+00:00,Heartbeat @ Bedok ActiveSG Gym,60%
2026-09-18T08:04:31.509855+00:00,Hougang ActiveSG Gym,51%
2026-09-18T08:04:31.509855+00:00,Jalan Besar ActiveSG Gym,58%
2026-09-18T08:04:31.509855+00:00,Jurong East ActiveSG Gym,35%
2026-09-18T08:04:31.509855+00:00,Jurong Lake Gardens ActiveSG Gym,32%
2026-09-18T08:04:31.509855+00:00,Jurong West ActiveSG Gym,24%
2026-09-18T08:04:31.509855+00:00,Katong ActiveSG Gym,66%
2026-09-18T08:04:31.509855+00:00,Pasir Ris ActiveSG Gym,45%
2026-09-18T08:04:31.509855+00:00,Queenstown ActiveSG Gym,75%
2026-09-18T08:04:31.509855+00:00,Sengkang ActiveSG Gym,49%
2026-09-18T08:04:31.509855+00:00,Senja-Cashew ActiveSG Gym,69%
2026-09-18T08:04:31.509855+00:00,Tampines ActiveSG Gym,64%
2026-09-18T08:04:31.509855+00:00,Woodlands ActiveSG Gym,67%
2026-09-18T08:04:31.509855+00:00,Yio Chu Kang ActiveSG Gym,25%
2026-09-18T08:04:31.509855+00:00,Yishun ActiveSG Gym,51%
2026-09-18T08:20:09.863898+00:00,ActiveSG Gym @ Ang Mo Kio Community Centre,42%
2026-09-18T08:20:09.863898+00:00,ActiveSG Gym @ Enabling Village,36%
2026-09-18T08:20:09.863898+00:00,ActiveSG Gym @ Fernvale Square,62%
2026-09-18T08:20:09.863898+00:00,ActiveSG Gym @ Serangoon Central,50%
2026-09-18T08:20:09.863898+00:00,ActiveSG Gym @ Toa Payoh,56%
2026-09-18T08:20:09.863898+00:00,ActiveSG Gym @ Toa Payoh West Community Centre,21%
2026-09-18T08:20:09.863898+00:00,ActiveSG Hockey Village @ Boon Lay Gym,27%
2026-09-18T08:20:09.863898+00:00,ActiveSG Sport Park @ Teck Ghee ActiveSG Gym,36%
2026-09-18T08:20:09.863898+00:00,Bishan ActiveSG Gym,35%
2026-09-18T08:20:09.863898+00:00,Bukit Batok ActiveSG Gym,75%
2026-09-18T08:20:09.863898+00:00,Bukit Canberra ActiveSG Gym,48%
2026-09-18T08:20:09.863898+00:00,Bukit Gombak ActiveSG Gym,61%
2026-09-18T08:20:09.863898+00:00,Choa Chu Kang ActiveSG Gym,56%
2026-09-18T08:20:09.863898+00:00,Clementi ActiveSG Gym,54%
2026-09-18T08:20:09.863898+00:00,Delta ActiveSG Gym,47%
2026-09-18T08:20:09.863898+00:00,Heartbeat @ Bedok ActiveSG Gym,58%
2026-09-18T08:20:09.863898+00:00,Hougang ActiveSG Gym,53%
2026-09-18T08:20:09.863898+00:00,Jalan Besar ActiveSG Gym,51%
2026-09-18T08:20:09.863898+00:00,Jurong East ActiveSG Gym,34%
2026-09-18T08:20:09.863898+00:00,Jurong Lake Gardens ActiveSG Gym,31%
2026-09-18T08:20:09.863898+00:00,Jurong West ActiveSG Gym,24%
2026-09-18T08:20:09.863898+00:00,Katong ActiveSG Gym,54%
2026-09-18T08:20:09.863898+00:00,Pasir Ris ActiveSG Gym,43%
2026-09-18T08:20:09.863898+00:00,Queenstown ActiveSG Gym,48%
2026-09-18T08:20:09.863898+00:00,Sengkang ActiveSG Gym,47%
2026-09-18T08:20:09.863898+00:00,Senja-Cashew ActiveSG Gym,71%
2026-09-18T08:20:09.863898+00:00,Tampines ActiveSG Gym,63%
2026-09-18T08:20:09.863898+00:00,Woodlands ActiveSG Gym,67%
2026-09-18T08:20:09.863898+00:00,Yio Chu Kang ActiveSG Gym,29%
2026-09-18T08:20:09.863898+00:00,Yishun ActiveSG Gym,47%
2026-09-18T08:30:51.596037+00:00,ActiveSG Gym @ Ang Mo Kio Community Centre,40%
2026-09-18T08:30:51.596037+00:00,ActiveSG Gym @ Enabling Village,36%
2026-09-18T08:30:51.596037+00:00,ActiveSG Gym @ Fernvale Square,62%
2026-09-18T08:30:51.596037+00:00,ActiveSG Gym @ Serangoon Central,50%
2026-09-18T08:30:51.596037+00:00,ActiveSG Gym @ Toa Payoh,47%
2026-09-18T08:30:51.596037+00:00,ActiveSG Gym @ Toa Payoh West Community Centre,21%
2026-09-18T08:30:51.596037+00:00,ActiveSG Hockey Village @ Boon Lay Gym,29%
2026-09-18T08:30:51.596037+00:00,ActiveSG Sport Park @ Teck Ghee ActiveSG Gym,35%
2026-09-18T08:30:51.596037+00:00,Bishan ActiveSG Gym,36%
2026-09-18T08:30:51.596037+00:00,Bukit Batok ActiveSG Gym,73%
2026-09-18T08:30:51.596037+00:00,Bukit Canberra ActiveSG Gym,47%
2026-09-18T08:30:51.596037+00:00,Bukit Gombak ActiveSG Gym,54%
2026-09-18T08:30:51.596037+00:00,Choa Chu Kang ActiveSG Gym,54%
2026-09-18T08:30:51.596037+00:00,Clementi ActiveSG Gym,58%
2026-09-18T08:30:51.596037+00:00,Delta ActiveSG Gym,48%
2026-09-18T08:30:51.596037+00:00,Heartbeat @ Bedok ActiveSG Gym,55%
2026-09-18T08:30:51.596037+00:00,Hougang ActiveSG Gym,52%
2026-09-18T08:30:51.596037+00:00,Jalan Besar ActiveSG Gym,53%
2026-09-18T08:30:51.596037+00:00,Jurong East ActiveSG Gym,35%
2026-09-18T08:30:51.596037+00:00,Jurong Lake Gardens ActiveSG Gym,33%
2026-09-18T08:30:51.596037+00:00,Jurong West ActiveSG Gym,24%
2026-09-18T08:30:51.596037+00:00,Katong ActiveSG Gym,51%
2026-09-18T08:30:51.596037+00:00,Pasir Ris ActiveSG Gym,44%
2026-09-18T08:30:51.596037+00:00,Queenstown ActiveSG Gym,47%
2026-09-18T08:30:51.596037+00:00,Sengkang ActiveSG Gym,50%
2026-09-18T08:30:51.596037+00:00,Senja-Cashew ActiveSG Gym,82%
2026-09-18T08:30:51.596037+00:00,Tampines ActiveSG Gym,62%
2026-09-18T08:30:51.596037+00:00,Woodlands ActiveSG Gym,64%
2026-09-18T08:30:51.596037+00:00,Yio Chu Kang ActiveSG Gym,28%
2026-09-18T08:30:51.596037+00:00,Yishun ActiveSG Gym,45%
2026-09-18T08:47:34.134212+00:00,ActiveSG Gym @ Ang Mo Kio Community Centre,48%
2026-09-18T08:47:34.134212+00:00,ActiveSG Gym @ Enabling Village,40%
2026-09-18T08:47:34.134212+00:00,ActiveSG Gym @ Fernvale Square,55%
2026-09-18T08:47:34.134212+00:00,ActiveSG Gym @ Serangoon Central,50%
2026-09-18T08:47:34.134212+00:00,ActiveSG Gym @ Toa Payoh,48%
2026-09-18T08:47:34.134212+00:00,ActiveSG Gym @ Toa Payoh West Community Centre,25%
2026-09-18T08:47:34.134212+00:00,ActiveSG Hockey Village @ Boon Lay Gym,27%
2026-09-18T08:47:34.134212+00:00,ActiveSG Sport Park @ Teck Ghee ActiveSG Gym,35%
2026-09-18T08:47:34.134212+00:00,Bishan ActiveSG Gym,33%
2026-09-18T08:47:34.134212+00:00,Bukit Batok ActiveSG Gym,70%
2026-09-18T08:47:34.134212+00:00,Bukit Canberra ActiveSG Gym,49%
2026-09-18T08:47:34.134212+00:00,Bukit Gombak ActiveSG Gym,56%
2026-09-18T08:47:34.134212+00:00,Choa Chu Kang ActiveSG Gym,50%
2026-09-18T08:47:34.134212+00:00,Clementi ActiveSG Gym,58%
2026-09-18T08:47:34.134212+00:00,Delta ActiveSG Gym,47%
2026-09-18T08:47:34.134212+00:00,Heartbeat @ Bedok ActiveSG Gym,58%
2026-09-18T08:47:34.134212+00:00,Hougang ActiveSG Gym,48%
2026-09-18T08:47:34.134212+00:00,Jalan Besar ActiveSG Gym,51%
2026-09-18T08:47:34.134212+00:00,Jurong East ActiveSG Gym,37%
2026-09-18T08:47:34.134212+00:00,Jurong Lake Gardens ActiveSG Gym,27%
2026-09-18T08:47:34.134212+00:00,Jurong West ActiveSG Gym,23%
2026-09-18T08:47:34.134212+00:00,Katong ActiveSG Gym,49%
2026-09-18T08:47:34.134212+00:00,Pasir Ris ActiveSG Gym,43%
2026-09-18T08:47:34.134212+00:00,Queenstown ActiveSG Gym,44%
2026-09-18T08:47:34.134212+00:00,Sengkang ActiveSG Gym,52%
2026-09-18T08:47:34.134212+00:00,Senja-Cashew ActiveSG Gym,68%
2026-09-18T08:47:34.134212+00:00,Tampines ActiveSG Gym,57%
2026-09-18T08:47:34.134212+00:00,Woodlands ActiveSG Gym,60%
2026-09-18T08:47:34.134212+00:00,Yio Chu Kang ActiveSG Gym,26%
2026-09-18T08:47:34.134212+00:00,Yishun ActiveSG Gym,43%
2026-09-18T09:04:55.217037+00:00,ActiveSG Gym @ Ang Mo Kio Community Centre,45%
2026-09-18T09:04:55.217037+00:00,ActiveSG Gym @ Enabling Village,24%
2026-09-18T09:04:55.217037+00:00,ActiveSG Gym @ Fernvale Square,55%
2026-09-18T09:04:55.217037+00:00,ActiveSG Gym @ Serangoon Central,43%
2026-09-18T09:04:55.217037+00:00,ActiveSG Gym @ Toa Payoh,54%
2026-09-18T09:04:55.217037+00:00,ActiveSG Gym @ Toa Payoh West Community Centre,27%
2026-09-18T09:04:55.217037+00:00,ActiveSG Hockey Village @ Boon Lay Gym,27%
2026-09-18T09:04:55.217037+00:00,ActiveSG Sport Park @ Teck Ghee ActiveSG Gym,33%
2026-09-18T09:04:55.217037+00:00,Bishan ActiveSG Gym,34%
2026-09-18T09:04:55.217037+00:00,Bukit Batok ActiveSG Gym,60%
2026-09-18T09:04:55.217037+00:00,Bukit Canberra ActiveSG Gym,48%
2026-09-18T09:04:55.217037+00:00,Bukit Gombak ActiveSG Gym,51%
2026-09-18T09:04:55.217037+00:00,Choa Chu Kang ActiveSG Gym,49%
2026-09-18T09:04:55.217037+00:00,Clementi ActiveSG Gym,58%
2026-09-18T09:04:55.217037+00:00,Delta ActiveSG Gym,47%
2026-09-18T09:04:55.217037+00:00,Heartbeat @ Bedok ActiveSG Gym,55%
2026-09-18T09:04:55.217037+00:00,Hougang ActiveSG Gym,51%
2026-09-18T09:04:55.217037+00:00,Jalan Besar ActiveSG Gym,55%
2026-09-18T09:04:55.217037+00:00,Jurong East ActiveSG Gym,34%
2026-09-18T09:04:55.217037+00:00,Jurong Lake Gardens ActiveSG Gym,29%
2026-09-18T09:04:55.217037+00:00,Jurong West ActiveSG Gym,28%
2026-09-18T09:04:55.217037+00:00,Katong ActiveSG Gym,43%
2026-09-18T09:04:55.217037+00:00,Pasir Ris ActiveSG Gym,36%
2026-09-18T09:04:55.217037+00:00,Queenstown ActiveSG Gym,46%
2026-09-18T09:04:55.217037+00:00,Sengkang ActiveSG Gym,56%
2026-09-18T09:04:55.217037+00:00,Senja-Cashew ActiveSG Gym,72%
2026-09-18T09:04:55.217037+00:00,Tampines ActiveSG Gym,56%
2026-09-18T09:04:55.217037+00:00,Woodlands ActiveSG Gym,58%
2026-09-18T09:04:55.217037+00:00,Yio Chu Kang ActiveSG Gym,26%
2026-09-18T09:04:55.217037+00:00,Yishun ActiveSG Gym,46%
2026-09-18T09:15:13.847814+00:00,ActiveSG Gym @ Ang Mo Kio Community Centre,50%
2026-09-18T09:15:13.847814+00:00,ActiveSG Gym @ Enabling Village,31%
2026-09-18T09:15:13.847814+00:00,ActiveSG Gym @ Fernvale Square,57%
2026-09-18T09:15:13.847814+00:00,ActiveSG Gym @ Serangoon Central,43%
2026-09-18T09:15:13.847814+00:00,ActiveSG Gym @ Toa Payoh,54%
2026-09-18T09:15:13.847814+00:00,ActiveSG Gym @ Toa Payoh West Community Centre,31%
2026-09-18T09:15:13.847814+00:00,ActiveSG Hockey Village @ Boon Lay Gym,27%
2026-09-18T09:15:13.847814+00:00,ActiveSG Sport Park @ Teck Ghee ActiveSG Gym,33%
2026-09-18T09:15:13.847814+00:00,Bishan ActiveSG Gym,30%
2026-09-18T09:15:13.847814+00:00,Bukit Batok ActiveSG Gym,60%
2026-09-18T09:15:13.847814+00:00,Bukit Canberra ActiveSG Gym,48%
2026-09-18T09:15:13.847814+00:00,Bukit Gombak ActiveSG Gym,52%
2026-09-18T09:15:13.847814+00:00,Choa Chu Kang ActiveSG Gym,43%
2026-09-18T09:15:13.847814+00:00,Clementi ActiveSG Gym,58%
2026-09-18T09:15:13.847814+00:00,Delta ActiveSG Gym,48%
2026-09-18T09:15:13.847814+00:00,Heartbeat @ Bedok ActiveSG Gym,57%
2026-09-18T09:15:13.847814+00:00,Hougang ActiveSG Gym,44%
2026-09-18T09:15:13.847814+00:00,Jalan Besar ActiveSG Gym,55%
2026-09-18T09:15:13.847814+00:00,Jurong East ActiveSG Gym,30%
2026-09-18T09:15:13.847814+00:00,Jurong Lake Gardens ActiveSG Gym,24%
2026-09-18T09:15:13.847814+00:00,Jurong West ActiveSG Gym,32%
2026-09-18T09:15:13.847814+00:00,Katong ActiveSG Gym,45%
2026-09-18T09:15:13.847814+00:00,Pasir Ris ActiveSG Gym,33%
2026-09-18T09:15:13.847814+00:00,Queenstown ActiveSG Gym,50%
2026-09-18T09:15:13.847814+00:00,Sengkang ActiveSG Gym,55%
2026-09-18T09:15:13.847814+00:00,Senja-Cashew ActiveSG Gym,72%
2026-09-18T09:15:13.847814+00:00,Tampines ActiveSG Gym,53%
2026-09-18T09:15:13.847814+00:00,Woodlands ActiveSG Gym,57%
2026-09-18T09:15:13.847814+00:00,Yio Chu Kang ActiveSG Gym,23%
2026-09-18T09:15:13.847814+00:00,Yishun ActiveSG Gym,44%
2026-09-18T09:30:14.415275+00:00,ActiveSG Gym @ Ang Mo Kio Community Centre,52%
2026-09-18T09:30:14.415275+00:00,ActiveSG Gym @ Enabling Village,36%
2026-09-18T09:30:14.415275+00:00,ActiveSG Gym @ Fernvale Square,63%
2026-09-18T09:30:14.415275+00:00,ActiveSG Gym @ Serangoon Central,43%
2026-09-18T09:30:14.415275+00:00,ActiveSG Gym @ Toa Payoh,54%
2026-09-18T09:30:14.415275+00:00,ActiveSG Gym @ Toa Payoh West Community Centre,31%
2026-09-18T09:30:14.415275+00:00,ActiveSG Hockey Village @ Boon Lay Gym,28%
2026-09-18T09:30:14.415275+00:00,ActiveSG Sport Park @ Teck Ghee ActiveSG Gym,32%
2026-09-18T09:30:14.415275+00:00,Bishan ActiveSG Gym,37%
2026-09-18T09:30:14.415275+00:00,Bukit Batok ActiveSG Gym,60%
2026-09-18T09:30:14.415275+00:00,Bukit Canberra ActiveSG Gym,48%
2026-09-18T09:30:14.415275+00:00,Bukit Gombak ActiveSG Gym,52%
2026-09-18T09:30:14.415275+00:00,Choa Chu Kang ActiveSG Gym,39%
2026-09-18T09:30:14.415275+00:00,Clementi ActiveSG Gym,76%
2026-09-18T09:30:14.415275+00:00,Delta ActiveSG Gym,48%
2026-09-18T09:30:14.415275+00:00,Heartbeat @ Bedok ActiveSG Gym,55%
2026-09-18T09:30:14.415275+00:00,Hougang ActiveSG Gym,42%
2026-09-18T09:30:14.415275+00:00,Jalan Besar ActiveSG Gym,53%
2026-09-18T09:30:14.415275+00:00,Jurong East ActiveSG Gym,34%
2026-09-18T09:30:14.415275+00:00,Jurong Lake Gardens ActiveSG Gym,27%
2026-09-18T09:30:14.415275+00:00,Jurong West ActiveSG Gym,34%
2026-09-18T09:30:14.415275+00:00,Katong ActiveSG Gym,45%
2026-09-18T09:30:14.415275+00:00,Pasir Ris ActiveSG Gym,28%
2026-09-18T09:30:14.415275+00:00,Queenstown ActiveSG Gym,57%
2026-09-18T09:30:14.415275+00:00,Sengkang ActiveSG Gym,46%
2026-09-18T09:30:14.415275+00:00,Senja-Cashew ActiveSG Gym,71%
2026-09-18T09:30:14.415275+00:00,Tampines ActiveSG Gym,54%
2026-09-18T09:30:14.415275+00:00,Woodlands ActiveSG Gym,54%
2026-09-18T09:30:14.415275+00:00,Yio Chu Kang ActiveSG Gym,22%
2026-09-18T09:30:14.415275+00:00,Yishun ActiveSG Gym,45%
2026-09-18T09:45:13.646924+00:00,ActiveSG Gym @ Ang Mo Kio Community Centre,43%
2026-09-18T09:45:13.646924+00:00,ActiveSG Gym @ Enabling Village,38%
2026-09-18T09:45:13.646924+00:00,ActiveSG Gym @ Fernvale Square,63%
2026-09-18T09:45:13.646924+00:00,ActiveSG Gym @ Serangoon Central,50%
2026-09-18T09:45:13.646924+00:00,ActiveSG Gym @ Toa Payoh,56%
2026-09-18T09:45:13.646924+00:00,ActiveSG Gym @ Toa Payoh West Community Centre,33%
2026-09-18T09:45:13.646924+00:00,ActiveSG Hockey Village @ Boon Lay Gym,30%
2026-09-18T09:45:13.646924+00:00,ActiveSG Sport Park @ Teck Ghee ActiveSG Gym,35%
2026-09-18T09:45:13.646924+00:00,Bishan ActiveSG Gym,40%
2026-09-18T09:45:13.646924+00:00,Bukit Batok ActiveSG Gym,73%
2026-09-18T09:45:13.646924+00:00,Bukit Canberra ActiveSG Gym,52%
2026-09-18T09:45:13.646924+00:00,Bukit Gombak ActiveSG Gym,53%
2026-09-18T09:45:13.646924+00:00,Choa Chu Kang ActiveSG Gym,41%
2026-09-18T09:45:13.646924+00:00,Clementi ActiveSG Gym,79%
2026-09-18T09:45:13.646924+00:00,Delta ActiveSG Gym,44%
2026-09-18T09:45:13.646924+00:00,Heartbeat @ Bedok ActiveSG Gym,60%
2026-09-18T09:45:13.646924+00:00,Hougang ActiveSG Gym,46%
2026-09-18T09:45:13.646924+00:00,Jalan Besar ActiveSG Gym,54%
2026-09-18T09:45:13.646924+00:00,Jurong East ActiveSG Gym,27%
2026-09-18T09:45:13.646924+00:00,Jurong Lake Gardens ActiveSG Gym,24%
2026-09-18T09:45:13.646924+00:00,Jurong West ActiveSG Gym,37%
2026-09-18T09:45:13.646924+00:00,Katong ActiveSG Gym,45%
2026-09-18T09:45:13.646924+00:00,Pasir Ris ActiveSG Gym,28%
2026-09-18T09:45:13.646924+00:00,Queenstown ActiveSG Gym,56%
2026-09-18T09:45:13.646924+00:00,Sengkang ActiveSG Gym,46%
2026-09-18T09:45:13.646924+00:00,Senja-Cashew ActiveSG Gym,68%
2026-09-18T09:45:13.646924+00:00,Tampines ActiveSG Gym,58%
2026-09-18T09:45:13.646924+00:00,Woodlands ActiveSG Gym,57%
2026-09-18T09:45:13.646924+00:00,Yio Chu Kang ActiveSG Gym,20%
2026-09-18T09:45:13.646924+00:00,Yishun ActiveSG Gym,50%
2026-09-18T10:00:14.149639+00:00,ActiveSG Gym @ Ang Mo Kio Community Centre,43%
2026-09-18T10:00:14.149639+00:00,ActiveSG Gym @ Enabling Village,44%
2026-09-18T10:00:14.149639+00:00,ActiveSG Gym @ Fernvale Square,45%
2026-09-18T10:00:14.149639+00:00,ActiveSG Gym @ Serangoon Central,50%
2026-09-18T10:00:14.149639+00:00,ActiveSG Gym @ Toa Payoh,57%
2026-09-18T10:00:14.149639+00:00,ActiveSG Gym @ Toa Payoh West Community Centre,23%
2026-09-18T10:00:14.149639+00:00,ActiveSG Hockey Village @ Boon Lay Gym,30%
2026-09-18T10:00:14.149639+00:00,ActiveSG Sport Park @ Teck Ghee ActiveSG Gym,33%
2026-09-18T10:00:14.149639+00:00,Bishan ActiveSG Gym,42%
2026-09-18T10:00:14.149639+00:00,Bukit Batok ActiveSG Gym,55%
2026-09-18T10:00:14.149639+00:00,Bukit Canberra ActiveSG Gym,53%
2026-09-18T10:00:14.149639+00:00,Bukit Gombak ActiveSG Gym,56%
2026-09-18T10:00:14.149639+00:00,Choa Chu Kang ActiveSG Gym,43%
2026-09-18T10:00:14.149639+00:00,Clementi ActiveSG Gym,78%
2026-09-18T10:00:14.149639+00:00,Delta ActiveSG Gym,43%
2026-09-18T10:00:14.149639+00:00,Heartbeat @ Bedok ActiveSG Gym,55%
2026-09-18T10:00:14.149639+00:00,Hougang ActiveSG Gym,47%
2026-09-18T10:00:14.149639+00:00,Jalan Besar ActiveSG Gym,56%
2026-09-18T10:00:14.149639+00:00,Jurong East ActiveSG Gym,28%
2026-09-18T10:00:14.149639+00:00,Jurong Lake Gardens ActiveSG Gym,28%
2026-09-18T10:00:14.149639+00:00,Jurong West ActiveSG Gym,38%
2026-09-18T10:00:14.149639+00:00,Katong ActiveSG Gym,37%
2026-09-18T10:00:14.149639+00:00,Pasir Ris ActiveSG Gym,33%
2026-09-18T10:00:14.149639+00:00,Queenstown ActiveSG Gym,61%
2026-09-18T10:00:14.149639+00:00,Sengkang ActiveSG Gym,41%
2026-09-18T10:00:14.149639+00:00,Senja-Cashew ActiveSG Gym,66%
2026-09-18T10:00:14.149639+00:00,Tampines ActiveSG Gym,60%
2026-09-18T10:00:14.149639+00:00,Woodlands ActiveSG Gym,54%
2026-09-18T10:00:14.149639+00:00,Yio Chu Kang ActiveSG Gym,19%
2026-09-18T10:00:14.149639+00:00,Yishun ActiveSG Gym,53%
2026-09-18T10:15:14.107035+00:00,ActiveSG Gym @ Ang Mo Kio Community Centre,42%
2026-09-18T10:15:14.107035+00:00,ActiveSG Gym @ Enabling Village,44%
2026-09-18T10:15:14.107035+00:00,ActiveSG Gym @ Fernvale Square,50%
2026-09-18T10:15:14.107035+00:00,ActiveSG Gym @ Serangoon Central,50%
2026-09-18T10:15:14.107035+00:00,ActiveSG Gym @ Toa Payoh,59%
2026-09-18T10:15:14.107035+00:00,ActiveSG Gym @ Toa Payoh West Community Centre,23%
2026-09-18T10:15:14.107035+00:00,ActiveSG Hockey Village @ Boon Lay Gym,29%
2026-09-18T10:15:14.107035+00:00,ActiveSG Sport Park @ Teck Ghee ActiveSG Gym,31%
2026-09-18T10:15:14.107035+00:00,Bishan ActiveSG Gym,44%
2026-09-18T10:15:14.107035+00:00,Bukit Batok ActiveSG Gym,43%
2026-09-18T10:15:14.107035+00:00,Bukit Canberra ActiveSG Gym,56%
2026-09-18T10:15:14.107035+00:00,Bukit Gombak ActiveSG Gym,54%
2026-09-18T10:15:14.107035+00:00,Choa Chu Kang ActiveSG Gym,48%
2026-09-18T10:15:14.107035+00:00,Clementi ActiveSG Gym,71%
2026-09-18T10:15:14.107035+00:00,Delta ActiveSG Gym,43%
2026-09-18T10:15:14.107035+00:00,Heartbeat @ Bedok ActiveSG Gym,62%
2026-09-18T10:15:14.107035+00:00,Hougang ActiveSG Gym,50%
2026-09-18T10:15:14.107035+00:00,Jalan Besar ActiveSG Gym,71%
2026-09-18T10:15:14.107035+00:00,Jurong East ActiveSG Gym,26%
2026-09-18T10:15:14.107035+00:00,Jurong Lake Gardens ActiveSG Gym,27%
2026-09-18T10:15:14.107035+00:00,Jurong West ActiveSG Gym,37%
2026-09-18T10:15:14.107035+00:00,Katong ActiveSG Gym,31%
2026-09-18T10:15:14.107035+00:00,Pasir Ris ActiveSG Gym,26%
2026-09-18T10:15:14.107035+00:00,Queenstown ActiveSG Gym,63%
2026-09-18T10:15:14.107035+00:00,Sengkang ActiveSG Gym,42%
2026-09-18T10:15:14.107035+00:00,Senja-Cashew ActiveSG Gym,71%
2026-09-18T10:15:14.107035+00:00,Tampines ActiveSG Gym,57%
2026-09-18T10:15:14.107035+00:00,Woodlands ActiveSG Gym,55%
2026-09-18T10:15:14.107035+00:00,Yio Chu Kang ActiveSG Gym,26%
2026-09-18T10:15:14.107035+00:00,Yishun ActiveSG Gym,59%
2026-09-18T10:30:13.775268+00:00,ActiveSG Gym @ Ang Mo Kio Community Centre,33%
2026-09-18T10:30:13.775268+00:00,ActiveSG Gym @ Enabling Village,44%
2026-09-18T10:30:13.775268+00:00,ActiveSG Gym @ Fernvale Square,48%
2026-09-18T10:30:13.775268+00:00,ActiveSG Gym @ Serangoon Central,50%
2026-09-18T10:30:13.775268+00:00,ActiveSG Gym @ Toa Payoh,58%
2026-09-18T10:30:13.775268+00:00,ActiveSG Gym @ Toa Payoh West Community Centre,23%
2026-09-18T10:30:13.775268+00:00,ActiveSG Hockey Village @ Boon Lay Gym,29%
2026-09-18T10:30:13.775268+00:00,ActiveSG Sport Park @ Teck Ghee ActiveSG Gym,28%
2026-09-18T10:30:13.775268+00:00,Bishan ActiveSG Gym,47%
2026-09-18T10:30:13.775268+00:00,Bukit Batok ActiveSG Gym,40%
2026-09-18T10:30:13.775268+00:00,Bukit Canberra ActiveSG Gym,59%
2026-09-18T10:30:13.775268+00:00,Bukit Gombak ActiveSG Gym,59%
2026-09-18T10:30:13.775268+00:00,Choa Chu Kang ActiveSG Gym,51%
2026-09-18T10:30:13.775268+00:00,Clementi ActiveSG Gym,68%
2026-09-18T10:30:13.775268+00:00,Delta ActiveSG Gym,48%
2026-09-18T10:30:13.775268+00:00,Heartbeat @ Bedok ActiveSG Gym,63%
2026-09-18T10:30:13.775268+00:00,Hougang ActiveSG Gym,50%
2026-09-18T10:30:13.775268+00:00,Jalan Besar ActiveSG Gym,64%
2026-09-18T10:30:13.775268+00:00,Jurong East ActiveSG Gym,29%
2026-09-18T10:30:13.775268+00:00,Jurong Lake Gardens ActiveSG Gym,29%
2026-09-18T10:30:13.775268+00:00,Jurong West ActiveSG Gym,38%
2026-09-18T10:30:13.775268+00:00,Katong ActiveSG Gym,37%
2026-09-18T10:30:13.775268+00:00,Pasir Ris ActiveSG Gym,33%
2026-09-18T10:30:13.775268+00:00,Queenstown ActiveSG Gym,61%
2026-09-18T10:30:13.775268+00:00,Sengkang ActiveSG Gym,47%
2026-09-18T10:30:13.775268+00:00,Senja-Cashew ActiveSG Gym,80%
2026-09-18T10:30:13.775268+00:00,Tampines ActiveSG Gym,62%
2026-09-18T10:30:13.775268+00:00,Woodlands ActiveSG Gym,59%
2026-09-18T10:30:13.775268+00:00,Yio Chu Kang ActiveSG Gym,35%
2026-09-18T10:30:13.775268+00:00,Yishun ActiveSG Gym,65%
2026-09-18T10:45:13.756584+00:00,ActiveSG Gym @ Ang Mo Kio Community Centre,33%
2026-09-18T10:45:13.756584+00:00,ActiveSG Gym @ Enabling Village,44%
2026-09-18T10:45:13.756584+00:00,ActiveSG Gym @ Fernvale Square,45%
2026-09-18T10:45:13.756584+00:00,ActiveSG Gym @ Serangoon Central,43%
2026-09-18T10:45:13.756584+00:00,ActiveSG Gym @ Toa Payoh,61%
2026-09-18T10:45:13.756584+00:00,ActiveSG Gym @ Toa Payoh West Community Centre,27%
2026-09-18T10:45:13.756584+00:00,ActiveSG Hockey Village @ Boon Lay Gym,29%
2026-09-18T10:45:13.756584+00:00,ActiveSG Sport Park @ Teck Ghee ActiveSG Gym,29%
2026-09-18T10:45:13.756584+00:00,Bishan ActiveSG Gym,47%
2026-09-18T10:45:13.756584+00:00,Bukit Batok ActiveSG Gym,38%
2026-09-18T10:45:13.756584+00:00,Bukit Canberra ActiveSG Gym,61%
2026-09-18T10:45:13.756584+00:00,Bukit Gombak ActiveSG Gym,58%
2026-09-18T10:45:13.756584+00:00,Choa Chu Kang ActiveSG Gym,51%
2026-09-18T10:45:13.756584+00:00,Clementi ActiveSG Gym,80%
2026-09-18T10:45:13.756584+00:00,Delta ActiveSG Gym,52%
2026-09-18T10:45:13.756584+00:00,Heartbeat @ Bedok ActiveSG Gym,63%
2026-09-18T10:45:13.756584+00:00,Hougang ActiveSG Gym,47%
2026-09-18T10:45:13.756584+00:00,Jalan Besar ActiveSG Gym,79%
2026-09-18T10:45:13.756584+00:00,Jurong East ActiveSG Gym,34%
2026-09-18T10:45:13.756584+00:00,Jurong Lake Gardens ActiveSG Gym,30%
2026-09-18T10:45:13.756584+00:00,Jurong West ActiveSG Gym,39%
2026-09-18T10:45:13.756584+00:00,Katong ActiveSG Gym,37%
2026-09-18T10:45:13.756584+00:00,Pasir Ris ActiveSG Gym,32%
2026-09-18T10:45:13.756584+00:00,Queenstown ActiveSG Gym,59%
2026-09-18T10:45:13.756584+00:00,Sengkang ActiveSG Gym,52%
2026-09-18T10:45:13.756584+00:00,Senja-Cashew ActiveSG Gym,82%
2026-09-18T10:45:13.756584+00:00,Tampines ActiveSG Gym,69%
2026-09-18T10:45:13.756584+00:00,Woodlands ActiveSG Gym,59%
2026-09-18T10:45:13.756584+00:00,Yio Chu Kang ActiveSG Gym,37%
2026-09-18T10:45:13.756584+00:00,Yishun ActiveSG Gym,62%
2026-09-18T11:00:09.043638+00:00,ActiveSG Gym @ Ang Mo Kio Community Centre,33%
2026-09-18T11:00:09.043638+00:00,ActiveSG Gym @ Enabling Village,44%
2026-09-18T11:00:09.043638+00:00,ActiveSG Gym @ Fernvale Square,43%
2026-09-18T11:00:09.043638+00:00,ActiveSG Gym @ Serangoon Central,43%
2026-09-18T11:00:09.043638+00:00,ActiveSG Gym @ Toa Payoh,59%
2026-09-18T11:00:09.043638+00:00,ActiveSG Gym @ Toa Payoh West Community Centre,33%
2026-09-18T11:00:09.043638+00:00,ActiveSG Hockey Village @ Boon Lay Gym,29%
2026-09-18T11:00:09.043638+00:00,ActiveSG Sport Park @ Teck Ghee ActiveSG Gym,30%
2026-09-18T11:00:09.043638+00:00,Bishan ActiveSG Gym,39%
2026-09-18T11:00:09.043638+00:00,Bukit Batok ActiveSG Gym,35%
2026-09-18T11:00:09.043638+00:00,Bukit Canberra ActiveSG Gym,61%
2026-09-18T11:00:09.043638+00:00,Bukit Gombak ActiveSG Gym,50%
2026-09-18T11:00:09.043638+00:00,Choa Chu Kang ActiveSG Gym,57%
2026-09-18T11:00:09.043638+00:00,Clementi ActiveSG Gym,80%
2026-09-18T11:00:09.043638+00:00,Delta ActiveSG Gym,54%
2026-09-18T11:00:09.043638+00:00,Heartbeat @ Bedok ActiveSG Gym,61%
2026-09-18T11:00:09.043638+00:00,Hougang ActiveSG Gym,51%
2026-09-18T11:00:09.043638+00:00,Jalan Besar ActiveSG Gym,91%
2026-09-18T11:00:09.043638+00:00,Jurong East ActiveSG Gym,48%
2026-09-18T11:00:09.043638+00:00,Jurong Lake Gardens ActiveSG Gym,29%
2026-09-18T11:00:09.043638+00:00,Jurong West ActiveSG Gym,43%
2026-09-18T11:00:09.043638+00:00,Katong ActiveSG Gym,35%
2026-09-18T11:00:09.043638+00:00,Pasir Ris ActiveSG Gym,43%
2026-09-18T11:00:09.043638+00:00,Queenstown ActiveSG Gym,60%
2026-09-18T11:00:09.043638+00:00,Sengkang ActiveSG Gym,46%
2026-09-18T11:00:09.043638+00:00,Senja-Cashew ActiveSG Gym,82%
2026-09-18T11:00:09.043638+00:00,Tampines ActiveSG Gym,70%
2026-09-18T11:00:09.043638+00:00,Woodlands ActiveSG Gym,62%
2026-09-18T11:00:09.043638+00:00,Yio Chu Kang ActiveSG Gym,42%
2026-09-18T11:00:09.043638+00:00,Yishun ActiveSG Gym,68%
2026-09-18T11:15:13.673461+00:00,ActiveSG Gym @ Ang Mo Kio Community Centre,33%
2026-09-18T11:15:13.673461+00:00,ActiveSG Gym @ Enabling Village,36%
2026-09-18T11:15:13.673461+00:00,ActiveSG Gym @ Fernvale Square,58%
2026-09-18T11:15:13.673461+00:00,ActiveSG Gym @ Serangoon Central,43%
2026-09-18T11:15:13.673461+00:00,ActiveSG Gym @ Toa Payoh,57%
2026-09-18T11:15:13.673461+00:00,ActiveSG Gym @ Toa Payoh West Community Centre,33%
2026-09-18T11:15:13.673461+00:00,ActiveSG Hockey Village @ Boon Lay Gym,29%
2026-09-18T11:15:13.673461+00:00,ActiveSG Sport Park @ Teck Ghee ActiveSG Gym,31%
2026-09-18T11:15:13.673461+00:00,Bishan ActiveSG Gym,44%
2026-09-18T11:15:13.673461+00:00,Bukit Batok ActiveSG Gym,38%
2026-09-18T11:15:13.673461+00:00,Bukit Canberra ActiveSG Gym,62%
2026-09-18T11:15:13.673461+00:00,Bukit Gombak ActiveSG Gym,54%
2026-09-18T11:15:13.673461+00:00,Choa Chu Kang ActiveSG Gym,61%
2026-09-18T11:15:13.673461+00:00,Clementi ActiveSG Gym,74%
2026-09-18T11:15:13.673461+00:00,Delta ActiveSG Gym,61%
2026-09-18T11:15:13.673461+00:00,Heartbeat @ Bedok ActiveSG Gym,60%
2026-09-18T11:15:13.673461+00:00,Hougang ActiveSG Gym,48%
2026-09-18T11:15:13.673461+00:00,Jalan Besar ActiveSG Gym,79%
2026-09-18T11:15:13.673461+00:00,Jurong East ActiveSG Gym,45%
2026-09-18T11:15:13.673461+00:00,Jurong Lake Gardens ActiveSG Gym,31%
2026-09-18T11:15:13.673461+00:00,Jurong West ActiveSG Gym,44%
2026-09-18T11:15:13.673461+00:00,Katong ActiveSG Gym,32%
2026-09-18T11:15:13.673461+00:00,Pasir Ris ActiveSG Gym,32%
2026-09-18T11:15:13.673461+00:00,Queenstown ActiveSG Gym,44%
2026-09-18T11:15:13.673461+00:00,Sengkang ActiveSG Gym,50%
2026-09-18T11:15:13.673461+00:00,Senja-Cashew ActiveSG Gym,77%
2026-09-18T11:15:13.673461+00:00,Tampines ActiveSG Gym,71%
2026-09-18T11:15:13.673461+00:00,Woodlands ActiveSG Gym,64%
2026-09-18T11:15:13.673461+00:00,Yio Chu Kang ActiveSG Gym,48%
2026-09-18T11:15:13.673461+00:00,Yishun ActiveSG Gym,72%
2026-09-18T11:30:14.940259+00:00,ActiveSG Gym @ Ang Mo Kio Community Centre,33%
2026-09-18T11:30:14.940259+00:00,ActiveSG Gym @ Enabling Village,33%
2026-09-18T11:30:14.940259+00:00,ActiveSG Gym @ Fernvale Square,63%
2026-09-18T11:30:14.940259+00:00,ActiveSG Gym @ Serangoon Central,43%
2026-09-18T11:30:14.940259+00:00,ActiveSG Gym @ Toa Payoh,61%
2026-09-18T11:30:14.940259+00:00,ActiveSG Gym @ Toa Payoh West Community Centre,33%
2026-09-18T11:30:14.940259+00:00,ActiveSG Hockey Village @ Boon Lay Gym,31%
2026-09-18T11:30:14.940259+00:00,ActiveSG Sport Park @ Teck Ghee ActiveSG Gym,33%
2026-09-18T11:30:14.940259+00:00,Bishan ActiveSG Gym,65%
2026-09-18T11:30:14.940259+00:00,Bukit Batok ActiveSG Gym,43%
2026-09-18T11:30:14.940259+00:00,Bukit Canberra ActiveSG Gym,56%
2026-09-18T11:30:14.940259+00:00,Bukit Gombak ActiveSG Gym,59%
2026-09-18T11:30:14.940259+00:00,Choa Chu Kang ActiveSG Gym,58%
2026-09-18T11:30:14.940259+00:00,Clementi ActiveSG Gym,72%
2026-09-18T11:30:14.940259+00:00,Delta ActiveSG Gym,63%
2026-09-18T11:30:14.940259+00:00,Heartbeat @ Bedok ActiveSG Gym,55%
2026-09-18T11:30:14.940259+00:00,Hougang ActiveSG Gym,47%
2026-09-18T11:30:14.940259+00:00,Jalan Besar ActiveSG Gym,79%
2026-09-18T11:30:14.940259+00:00,Jurong East ActiveSG Gym,49%
2026-09-18T11:30:14.940259+00:00,Jurong Lake Gardens ActiveSG Gym,29%
2026-09-18T11:30:14.940259+00:00,Jurong West ActiveSG Gym,44%
2026-09-18T11:30:14.940259+00:00,Katong ActiveSG Gym,40%
2026-09-18T11:30:14.940259+00:00,Pasir Ris ActiveSG Gym,32%
2026-09-18T11:30:14.940259+00:00,Queenstown ActiveSG Gym,42%
2026-09-18T11:30:14.940259+00:00,Sengkang ActiveSG Gym,58%
2026-09-18T11:30:14.940259+00:00,Senja-Cashew ActiveSG Gym,78%
2026-09-18T11:30:14.940259+00:00,Tampines ActiveSG Gym,74%
2026-09-18T11:30:14.940259+00:00,Woodlands ActiveSG Gym,64%
2026-09-18T11:30:14.940259+00:00,Yio Chu Kang ActiveSG Gym,45%
2026-09-18T11:30:14.940259+00:00,Yishun ActiveSG Gym,71%
2026-09-18T11:45:14.225405+00:00,ActiveSG Gym @ Ang Mo Kio Community Centre,33%
2026-09-18T11:45:14.225405+00:00,ActiveSG Gym @ Enabling Village,31%
2026-09-18T11:45:14.225405+00:00,ActiveSG Gym @ Fernvale Square,63%
2026-09-18T11:45:14.225405+00:00,ActiveSG Gym @ Serangoon Central,50%
2026-09-18T11:45:14.225405+00:00,ActiveSG Gym @ Toa Payoh,61%
2026-09-18T11:45:14.225405+00:00,ActiveSG Gym @ Toa Payoh West Community Centre,33%
2026-09-18T11:45:14.225405+00:00,ActiveSG Hockey Village @ Boon Lay Gym,31%
2026-09-18T11:45:14.225405+00:00,ActiveSG Sport Park @ Teck Ghee ActiveSG Gym,39%
2026-09-18T11:45:14.225405+00:00,Bishan ActiveSG Gym,64%
2026-09-18T11:45:14.225405+00:00,Bukit Batok ActiveSG Gym,50%
2026-09-18T11:45:14.225405+00:00,Bukit Canberra ActiveSG Gym,57%
2026-09-18T11:45:14.225405+00:00,Bukit Gombak ActiveSG Gym,58%
2026-09-18T11:45:14.225405+00:00,Choa Chu Kang ActiveSG Gym,63%
2026-09-18T11:45:14.225405+00:00,Clementi ActiveSG Gym,71%
2026-09-18T11:45:14.225405+00:00,Delta ActiveSG Gym,60%
2026-09-18T11:45:14.225405+00:00,Heartbeat @ Bedok ActiveSG Gym,50%
2026-09-18T11:45:14.225405+00:00,Hougang ActiveSG Gym,46%
2026-09-18T11:45:14.225405+00:00,Jalan Besar ActiveSG Gym,75%
2026-09-18T11:45:14.225405+00:00,Jurong East ActiveSG Gym,42%
2026-09-18T11:45:14.225405+00:00,Jurong Lake Gardens ActiveSG Gym,30%
2026-09-18T11:45:14.225405+00:00,Jurong West ActiveSG Gym,49%
2026-09-18T11:45:14.225405+00:00,Katong ActiveSG Gym,42%
2026-09-18T11:45:14.225405+00:00,Pasir Ris ActiveSG Gym,33%
2026-09-18T11:45:14.225405+00:00,Queenstown ActiveSG Gym,45%
2026-09-18T11:45:14.225405+00:00,Sengkang ActiveSG Gym,62%
2026-09-18T11:45:14.225405+00:00,Senja-Cashew ActiveSG Gym,75%
2026-09-18T11:45:14.225405+00:00,Tampines ActiveSG Gym,72%
2026-09-18T11:45:14.225405+00:00,Woodlands ActiveSG Gym,66%
2026-09-18T11:45:14.225405+00:00,Yio Chu Kang ActiveSG Gym,35%
2026-09-18T11:45:14.225405+00:00,Yishun ActiveSG Gym,68%
2026-09-18T12:00:26.977414+00:00,ActiveSG Gym @ Ang Mo Kio Community Centre,30%
2026-09-18T12:00:26.977414+00:00,ActiveSG Gym @ Enabling Village,38%
2026-09-18T12:00:26.977414+00:00,ActiveSG Gym @ Fernvale Square,58%
2026-09-18T12:00:26.977414+00:00,ActiveSG Gym @ Serangoon Central,50%
2026-09-18T12:00:26.977414+00:00,ActiveSG Gym @ Toa Payoh,64%
2026-09-18T12:00:26.977414+00:00,ActiveSG Gym @ Toa Payoh West Community Centre,33%
2026-09-18T12:00:26.977414+00:00,ActiveSG Hockey Village @ Boon Lay Gym,31%
2026-09-18T12:00:26.977414+00:00,ActiveSG Sport Park @ Teck Ghee ActiveSG Gym,43%
2026-09-18T12:00:26.977414+00:00,Bishan ActiveSG Gym,71%
2026-09-18T12:00:26.977414+00:00,Bukit Batok ActiveSG Gym,45%
2026-09-18T12:00:26.977414+00:00,Bukit Canberra ActiveSG Gym,57%
2026-09-18T12:00:26.977414+00:00,Bukit Gombak ActiveSG Gym,51%
2026-09-18T12:00:26.977414+00:00,Choa Chu Kang ActiveSG Gym,69%
2026-09-18T12:00:26.977414+00:00,Clementi ActiveSG Gym,83%
2026-09-18T12:00:26.977414+00:00,Delta ActiveSG Gym,60%
2026-09-18T12:00:26.977414+00:00,Heartbeat @ Bedok ActiveSG Gym,49%
2026-09-18T12:00:26.977414+00:00,Hougang ActiveSG Gym,50%
2026-09-18T12:00:26.977414+00:00,Jalan Besar ActiveSG Gym,74%
2026-09-18T12:00:26.977414+00:00,Jurong East ActiveSG Gym,39%
2026-09-18T12:00:26.977414+00:00,Jurong Lake Gardens ActiveSG Gym,27%
2026-09-18T12:00:26.977414+00:00,Jurong West ActiveSG Gym,51%
2026-09-18T12:00:26.977414+00:00,Katong ActiveSG Gym,48%
2026-09-18T12:00:26.977414+00:00,Pasir Ris ActiveSG Gym,39%
2026-09-18T12:00:26.977414+00:00,Queenstown ActiveSG Gym,47%
2026-09-18T12:00:26.977414+00:00,Sengkang ActiveSG Gym,67%
2026-09-18T12:00:26.977414+00:00,Senja-Cashew ActiveSG Gym,72%
2026-09-18T12:00:26.977414+00:00,Tampines ActiveSG Gym,74%
2026-09-18T12:00:26.977414+00:00,Woodlands ActiveSG Gym,62%
2026-09-18T12:00:26.977414+00:00,Yio Chu Kang ActiveSG Gym,33%
2026-09-18T12:00:26.977414+00:00,Yishun ActiveSG Gym,71%
2026-09-18T12:15:13.728350+00:00,ActiveSG Gym @ Ang Mo Kio Community Centre,23%
2026-09-18T12:15:13.728350+00:00,ActiveSG Gym @ Enabling Village,13%
2026-09-18T12:15:13.728350+00:00,ActiveSG Gym @ Fernvale Square,52%
2026-09-18T12:15:13.728350+00:00,ActiveSG Gym @ Serangoon Central,50%
2026-09-18T12:15:13.728350+00:00,ActiveSG Gym @ Toa Payoh,69%
2026-09-18T12:15:13.728350+00:00,ActiveSG Gym @ Toa Payoh West Community Centre,21%
2026-09-18T12:15:13.728350+00:00,ActiveSG Hockey Village @ Boon Lay Gym,31%
2026-09-18T12:15:13.728350+00:00,ActiveSG Sport Park @ Teck Ghee ActiveSG Gym,42%
2026-09-18T12:15:13.728350+00:00,Bishan ActiveSG Gym,60%
2026-09-18T12:15:13.728350+00:00,Bukit Batok ActiveSG Gym,53%
2026-09-18T12:15:13.728350+00:00,Bukit Canberra ActiveSG Gym,57%
2026-09-18T12:15:13.728350+00:00,Bukit Gombak ActiveSG Gym,54%
2026-09-18T12:15:13.728350+00:00,Choa Chu Kang ActiveSG Gym,68%
2026-09-18T12:15:13.728350+00:00,Clementi ActiveSG Gym,87%
2026-09-18T12:15:13.728350+00:00,Delta ActiveSG Gym,47%
2026-09-18T12:15:13.728350+00:00,Heartbeat @ Bedok ActiveSG Gym,51%
2026-09-18T12:15:13.728350+00:00,Hougang ActiveSG Gym,49%
2026-09-18T12:15:13.728350+00:00,Jalan Besar ActiveSG Gym,67%
2026-09-18T12:15:13.728350+00:00,Jurong East ActiveSG Gym,41%
2026-09-18T12:15:13.728350+00:00,Jurong Lake Gardens ActiveSG Gym,30%
2026-09-18T12:15:13.728350+00:00,Jurong West ActiveSG Gym,50%
2026-09-18T12:15:13.728350+00:00,Katong ActiveSG Gym,57%
2026-09-18T12:15:13.728350+00:00,Pasir Ris ActiveSG Gym,42%
2026-09-18T12:15:13.728350+00:00,Queenstown ActiveSG Gym,39%
2026-09-18T12:15:13.728350+00:00,Sengkang ActiveSG Gym,70%
2026-09-18T12:15:13.728350+00:00,Senja-Cashew ActiveSG Gym,82%
2026-09-18T12:15:13.728350+00:00,Tampines ActiveSG Gym,69%
2026-09-18T12:15:13.728350+00:00,Woodlands ActiveSG Gym,67%
2026-09-18T12:15:13.728350+00:00,Yio Chu Kang ActiveSG Gym,28%
2026-09-18T12:15:13.728350+00:00,Yishun ActiveSG Gym,75%
2026-09-18T12:30:14.090740+00:00,ActiveSG Gym @ Ang Mo Kio Community Centre,30%
2026-09-18T12:30:14.090740+00:00,ActiveSG Gym @ Enabling Village,16%
2026-09-18T12:30:14.090740+00:00,ActiveSG Gym @ Fernvale Square,53%
2026-09-18T12:30:14.090740+00:00,ActiveSG Gym @ Serangoon Central,50%
2026-09-18T12:30:14.090740+00:00,ActiveSG Gym @ Toa Payoh,78%
2026-09-18T12:30:14.090740+00:00,ActiveSG Gym @ Toa Payoh West Community Centre,24%
2026-09-18T12:30:14.090740+00:00,ActiveSG Hockey Village @ Boon Lay Gym,31%
2026-09-18T12:30:14.090740+00:00,ActiveSG Sport Park @ Teck Ghee ActiveSG Gym,43%
2026-09-18T12:30:14.090740+00:00,Bishan ActiveSG Gym,57%
2026-09-18T12:30:14.090740+00:00,Bukit Batok ActiveSG Gym,53%
2026-09-18T12:30:14.090740+00:00,Bukit Canberra ActiveSG Gym,57%
2026-09-18T12:30:14.090740+00:00,Bukit Gombak ActiveSG Gym,59%
2026-09-18T12:30:14.090740+00:00,Choa Chu Kang ActiveSG Gym,69%
2026-09-18T12:30:14.090740+00:00,Clementi ActiveSG Gym,92%
2026-09-18T12:30:14.090740+00:00,Delta ActiveSG Gym,43%
2026-09-18T12:30:14.090740+00:00,Heartbeat @ Bedok ActiveSG Gym,48%
2026-09-18T12:30:14.090740+00:00,Hougang ActiveSG Gym,45%
2026-09-18T12:30:14.090740+00:00,Jalan Besar ActiveSG Gym,59%
2026-09-18T12:30:14.090740+00:00,Jurong East ActiveSG Gym,39%
2026-09-18T12:30:14.090740+00:00,Jurong Lake Gardens ActiveSG Gym,31%
2026-09-18T12:30:14.090740+00:00,Jurong West ActiveSG Gym,50%
2026-09-18T12:30:14.090740+00:00,Katong ActiveSG Gym,60%
2026-09-18T12:30:14.090740+00:00,Pasir Ris ActiveSG Gym,38%
2026-09-18T12:30:14.090740+00:00,Queenstown ActiveSG Gym,30%
2026-09-18T12:30:14.090740+00:00,Sengkang ActiveSG Gym,68%
2026-09-18T12:30:14.090740+00:00,Senja-Cashew ActiveSG Gym,86%
2026-09-18T12:30:14.090740+00:00,Tampines ActiveSG Gym,70%
2026-09-18T12:30:14.090740+00:00,Woodlands ActiveSG Gym,60%
2026-09-18T12:30:14.090740+00:00,Yio Chu Kang ActiveSG Gym,34%
2026-09-18T12:30:14.090740+00:00,Yishun ActiveSG Gym,76%
2026-09-18T12:45:13.780071+00:00,ActiveSG Gym @ Ang Mo Kio Community Centre,28%
2026-09-18T12:45:13.780071+00:00,ActiveSG Gym @ Enabling Village,13%
2026-09-18T12:45:13.780071+00:00,ActiveSG Gym @ Fernvale Square,55%
2026-09-18T12:45:13.780071+00:00,ActiveSG Gym @ Serangoon Central,40%
2026-09-18T12:45:13.780071+00:00,ActiveSG Gym @ Toa Payoh,75%
2026-09-18T12:45:13.780071+00:00,ActiveSG Gym @ Toa Payoh West Community Centre,25%
2026-09-18T12:45:13.780071+00:00,ActiveSG Hockey Village @ Boon Lay Gym,31%
2026-09-18T12:45:13.780071+00:00,ActiveSG Sport Park @ Teck Ghee ActiveSG Gym,41%
2026-09-18T12:45:13.780071+00:00,Bishan ActiveSG Gym,55%
2026-09-18T12:45:13.780071+00:00,Bukit Batok ActiveSG Gym,48%
2026-09-18T12:45:13.780071+00:00,Bukit Canberra ActiveSG Gym,57%
2026-09-18T12:45:13.780071+00:00,Bukit Gombak ActiveSG Gym,61%
2026-09-18T12:45:13.780071+00:00,Choa Chu Kang ActiveSG Gym,72%
2026-09-18T12:45:13.780071+00:00,Clementi ActiveSG Gym,91%
2026-09-18T12:45:13.780071+00:00,Delta ActiveSG Gym,41%
2026-09-18T12:45:13.780071+00:00,Heartbeat @ Bedok ActiveSG Gym,44%
2026-09-18T12:45:13.780071+00:00,Hougang ActiveSG Gym,41%
2026-09-18T12:45:13.780071+00:00,Jalan Besar ActiveSG Gym,47%
2026-09-18T12:45:13.780071+00:00,Jurong East ActiveSG Gym,39%
2026-09-18T12:45:13.780071+00:00,Jurong Lake Gardens ActiveSG Gym,31%
2026-09-18T12:45:13.780071+00:00,Jurong West ActiveSG Gym,47%
2026-09-18T12:45:13.780071+00:00,Katong ActiveSG Gym,52%
2026-09-18T12:45:13.780071+00:00,Pasir Ris ActiveSG Gym,35%
2026-09-18T12:45:13.780071+00:00,Queenstown ActiveSG Gym,30%
2026-09-18T12:45:13.780071+00:00,Sengkang ActiveSG Gym,58%
2026-09-18T12:45:13.780071+00:00,Senja-Cashew ActiveSG Gym,88%
2026-09-18T12:45:13.780071+00:00,Tampines ActiveSG Gym,67%
2026-09-18T12:45:13.780071+00:00,Woodlands ActiveSG Gym,63%
2026-09-18T12:45:13.780071+00:00,Yio Chu Kang ActiveSG Gym,26%
2026-09-18T12:45:13.780071+00:00,Yishun ActiveSG Gym,73%
2026-09-18T13:00:15.501828+00:00,ActiveSG Gym @ Ang Mo Kio Community Centre,33%
2026-09-18T13:00:15.501828+00:00,ActiveSG Gym @ Enabling Village,13%
2026-09-18T13:00:15.501828+00:00,ActiveSG Gym @ Fernvale Square,55%
2026-09-18T13:00:15.501828+00:00,ActiveSG Gym @ Serangoon Central,40%
2026-09-18T13:00:15.501828+00:00,ActiveSG Gym @ Toa Payoh,65%
2026-09-18T13:00:15.501828+00:00,ActiveSG Gym @ Toa Payoh West Community Centre,28%
2026-09-18T13:00:15.501828+00:00,ActiveSG Hockey Village @ Boon Lay Gym,31%
2026-09-18T13:00:15.501828+00:00,ActiveSG Sport Park @ Teck Ghee ActiveSG Gym,43%
2026-09-18T13:00:15.501828+00:00,Bishan ActiveSG Gym,50%
2026-09-18T13:00:15.501828+00:00,Bukit Batok ActiveSG Gym,53%
2026-09-18T13:00:15.501828+00:00,Bukit Canberra ActiveSG Gym,57%
2026-09-18T13:00:15.501828+00:00,Bukit Gombak ActiveSG Gym,62%
2026-09-18T13:00:15.501828+00:00,Choa Chu Kang ActiveSG Gym,63%
2026-09-18T13:00:15.501828+00:00,Clementi ActiveSG Gym,58%
2026-09-18T13:00:15.501828+00:00,Delta ActiveSG Gym,38%
2026-09-18T13:00:15.501828+00:00,Heartbeat @ Bedok ActiveSG Gym,43%
2026-09-18T13:00:15.501828+00:00,Hougang ActiveSG Gym,25%
2026-09-18T13:00:15.501828+00:00,Jalan Besar ActiveSG Gym,52%
2026-09-18T13:00:15.501828+00:00,Jurong East ActiveSG Gym,35%
2026-09-18T13:00:15.501828+00:00,Jurong Lake Gardens ActiveSG Gym,30%
2026-09-18T13:00:15.501828+00:00,Jurong West ActiveSG Gym,45%
2026-09-18T13:00:15.501828+00:00,Katong ActiveSG Gym,49%
2026-09-18T13:00:15.501828+00:00,Pasir Ris ActiveSG Gym,32%
2026-09-18T13:00:15.501828+00:00,Queenstown ActiveSG Gym,31%
2026-09-18T13:00:15.501828+00:00,Sengkang ActiveSG Gym,53%
2026-09-18T13:00:15.501828+00:00,Senja-Cashew ActiveSG Gym,88%
2026-09-18T13:00:15.501828+00:00,Tampines ActiveSG Gym,67%
2026-09-18T13:00:15.501828+00:00,Woodlands ActiveSG Gym,63%
2026-09-18T13:00:15.501828+00:00,Yio Chu Kang ActiveSG Gym,26%
2026-09-18T13:00:15.501828+00:00,Yishun ActiveSG Gym,69%
2026-09-18T13:15:14.077458+00:00,ActiveSG Gym @ Ang Mo Kio Community Centre,22%
2026-09-18T13:15:14.077458+00:00,ActiveSG Gym @ Enabling Village,18%
2026-09-18T13:15:14.077458+00:00,ActiveSG Gym @ Fernvale Square,55%
2026-09-18T13:15:14.077458+00:00,ActiveSG Gym @ Serangoon Central,40%
2026-09-18T13:15:14.077458+00:00,ActiveSG Gym @ Toa Payoh,59%
2026-09-18T13:15:14.077458+00:00,ActiveSG Gym @ Toa Payoh West Community Centre,12%
2026-09-18T13:15:14.077458+00:00,ActiveSG Hockey Village @ Boon Lay Gym,31%
2026-09-18T13:15:14.077458+00:00,ActiveSG Sport Park @ Teck Ghee ActiveSG Gym,40%
2026-09-18T13:15:14.077458+00:00,Bishan ActiveSG Gym,41%
2026-09-18T13:15:14.077458+00:00,Bukit Batok ActiveSG Gym,0%
2026-09-18T13:15:14.077458+00:00,Bukit Canberra ActiveSG Gym,57%
2026-09-18T13:15:14.077458+00:00,Bukit Gombak ActiveSG Gym,44%
2026-09-18T13:15:14.077458+00:00,Choa Chu Kang ActiveSG Gym,60%
2026-09-18T13:15:14.077458+00:00,Clementi ActiveSG Gym,55%
2026-09-18T13:15:14.077458+00:00,Delta ActiveSG Gym,38%
2026-09-18T13:15:14.077458+00:00,Heartbeat @ Bedok ActiveSG Gym,41%
2026-09-18T13:15:14.077458+00:00,Hougang ActiveSG Gym,28%
2026-09-18T13:15:14.077458+00:00,Jalan Besar ActiveSG Gym,46%
2026-09-18T13:15:14.077458+00:00,Jurong East ActiveSG Gym,36%
2026-09-18T13:15:14.077458+00:00,Jurong Lake Gardens ActiveSG Gym,29%
2026-09-18T13:15:14.077458+00:00,Jurong West ActiveSG Gym,30%
2026-09-18T13:15:14.077458+00:00,Katong ActiveSG Gym,40%
2026-09-18T13:15:14.077458+00:00,Pasir Ris ActiveSG Gym,27%
2026-09-18T13:15:14.077458+00:00,Queenstown ActiveSG Gym,31%
2026-09-18T13:15:14.077458+00:00,Sengkang ActiveSG Gym,45%
2026-09-18T13:15:14.077458+00:00,Senja-Cashew ActiveSG Gym,82%
2026-09-18T13:15:14.077458+00:00,Tampines ActiveSG Gym,63%
2026-09-18T13:15:14.077458+00:00,Woodlands ActiveSG Gym,61%
2026-09-18T13:15:14.077458+00:00,Yio Chu Kang ActiveSG Gym,15%
2026-09-18T13:15:14.077458+00:00,Yishun ActiveSG Gym,71%
2026-09-18T13:30:15.210878+00:00,ActiveSG Gym @ Ang Mo Kio Community Centre,20%
2026-09-18T13:30:15.210878+00:00,ActiveSG Gym @ Enabling Village,16%
2026-09-18T13:30:15.210878+00:00,ActiveSG Gym @ Fernvale Square,55%
2026-09-18T13:30:15.210878+00:00,ActiveSG Gym @ Serangoon Central,40%
2026-09-18T13:30:15.210878+00:00,ActiveSG Gym @ Toa Payoh,52%
2026-09-18T13:30:15.210878+00:00,ActiveSG Gym @ Toa Payoh West Community Centre,13%
2026-09-18T13:30:15.210878+00:00,ActiveSG Hockey Village @ Boon Lay Gym,31%
2026-09-18T13:30:15.210878+00:00,ActiveSG Sport Park @ Teck Ghee ActiveSG Gym,36%
2026-09-18T13:30:15.210878+00:00,Bishan ActiveSG Gym,41%
2026-09-18T13:30:15.210878+00:00,Bukit Batok ActiveSG Gym,0%
2026-09-18T13:30:15.210878+00:00,Bukit Canberra ActiveSG Gym,57%
2026-09-18T13:30:15.210878+00:00,Bukit Gombak ActiveSG Gym,43%
2026-09-18T13:30:15.210878+00:00,Choa Chu Kang ActiveSG Gym,54%
2026-09-18T13:30:15.210878+00:00,Clementi ActiveSG Gym,41%
2026-09-18T13:30:15.210878+00:00,Delta ActiveSG Gym,37%
2026-09-18T13:30:15.210878+00:00,Heartbeat @ Bedok ActiveSG Gym,35%
2026-09-18T13:30:15.210878+00:00,Hougang ActiveSG Gym,25%
2026-09-18T13:30:15.210878+00:00,Jalan Besar ActiveSG Gym,40%
2026-09-18T13:30:15.210878+00:00,Jurong East ActiveSG Gym,34%
2026-09-18T13:30:15.210878+00:00,Jurong Lake Gardens ActiveSG Gym,29%
2026-09-18T13:30:15.210878+00:00,Jurong West ActiveSG Gym,16%
2026-09-18T13:30:15.210878+00:00,Katong ActiveSG Gym,26%
2026-09-18T13:30:15.210878+00:00,Pasir Ris ActiveSG Gym,22%
2026-09-18T13:30:15.210878+00:00,Queenstown ActiveSG Gym,30%
2026-09-18T13:30:15.210878+00:00,Sengkang ActiveSG Gym,43%
2026-09-18T13:30:15.210878+00:00,Senja-Cashew ActiveSG Gym,38%
2026-09-18T13:30:15.210878+00:00,Tampines ActiveSG Gym,58%
2026-09-18T13:30:15.210878+00:00,Woodlands ActiveSG Gym,0%
2026-09-18T13:30:15.210878+00:00,Yio Chu Kang ActiveSG Gym,8%
2026-09-18T13:30:15.210878+00:00,Yishun ActiveSG Gym,66%
2026-09-18T13:45:16.250109+00:00,ActiveSG Gym @ Ang Mo Kio Community Centre,15%
2026-09-18T13:45:16.250109+00:00,ActiveSG Gym @ Enabling Village,11%
2026-09-18T13:45:16.250109+00:00,ActiveSG Gym @ Fernvale Square,55%
2026-09-18T13:45:16.250109+00:00,ActiveSG Gym @ Serangoon Central,30%
2026-09-18T13:45:16.250109+00:00,ActiveSG Gym @ Toa Payoh,43%
2026-09-18T13:45:16.250109+00:00,ActiveSG Gym @ Toa Payoh West Community Centre,13%
2026-09-18T13:45:16.250109+00:00,ActiveSG Hockey Village @ Boon Lay Gym,0%
2026-09-18T13:45:16.250109+00:00,ActiveSG Sport Park @ Teck Ghee ActiveSG Gym,33%
2026-09-18T13:45:16.250109+00:00,Bishan ActiveSG Gym,33%
2026-09-18T13:45:16.250109+00:00,Bukit Batok ActiveSG Gym,0%
2026-09-18T13:45:16.250109+00:00,Bukit Canberra ActiveSG Gym,57%
2026-09-18T13:45:16.250109+00:00,Bukit Gombak ActiveSG Gym,0%
2026-09-18T13:45:16.250109+00:00,Choa Chu Kang ActiveSG Gym,0%
2026-09-18T13:45:16.250109+00:00,Clementi ActiveSG Gym,0%
2026-09-18T13:45:16.250109+00:00,Delta ActiveSG Gym,37%
2026-09-18T13:45:16.250109+00:00,Heartbeat @ Bedok ActiveSG Gym,35%
2026-09-18T13:45:16.250109+00:00,Hougang ActiveSG Gym,23%
2026-09-18T13:45:16.250109+00:00,Jalan Besar ActiveSG Gym,24%
2026-09-18T13:45:16.250109+00:00,Jurong East ActiveSG Gym,33%
2026-09-18T13:45:16.250109+00:00,Jurong Lake Gardens ActiveSG Gym,0%
2026-09-18T13:45:16.250109+00:00,Jurong West ActiveSG Gym,11%
2026-09-18T13:45:16.250109+00:00,Katong ActiveSG Gym,26%
2026-09-18T13:45:16.250109+00:00,Pasir Ris ActiveSG Gym,16%
2026-09-18T13:45:16.250109+00:00,Queenstown ActiveSG Gym,29%
2026-09-18T13:45:16.250109+00:00,Sengkang ActiveSG Gym,38%
2026-09-18T13:45:16.250109+00:00,Senja-Cashew ActiveSG Gym,0%
2026-09-18T13:45:16.250109+00:00,Tampines ActiveSG Gym,41%
2026-09-18T13:45:16.250109+00:00,Woodlands ActiveSG Gym,0%
2026-09-18T13:45:16.250109+00:00,Yio Chu Kang ActiveSG Gym,8%
2026-09-18T13:45:16.250109+00:00,Yishun ActiveSG Gym,66%
2026-09-18T23:00:11.530929+00:00,ActiveSG Gym @ Ang Mo Kio Community Centre,0%
2026-09-18T23:00:11.530929+00:00,ActiveSG Gym @ Enabling Village,0%
2026-09-18T23:00:11.530929+00:00,ActiveSG Gym @ Fernvale Square,0%
2026-09-18T23:00:11.530929+00:00,ActiveSG Gym @ Serangoon Central,0%
2026-09-18T23:00:11.530929+00:00,ActiveSG Gym @ Toa Payoh,7%
2026-09-18T23:00:11.530929+00:00,ActiveSG Gym @ Toa Payoh West Community Centre,0%
2026-09-18T23:00:11.530929+00:00,ActiveSG Hockey Village @ Boon Lay Gym,0%
2026-09-18T23:00:11.530929+00:00,ActiveSG Sport Park @ Teck Ghee ActiveSG Gym,0%
2026-09-18T23:00:11.530929+00:00,Bishan ActiveSG Gym,0%
2026-09-18T23:00:11.530929+00:00,Bukit Batok ActiveSG Gym,0%
2026-09-18T23:00:11.530929+00:00,Bukit Canberra ActiveSG Gym,3%
2026-09-18T23:00:11.530929+00:00,Bukit Gombak ActiveSG Gym,0%
2026-09-18T23:00:11.530929+00:00,Choa Chu Kang ActiveSG Gym,0%
2026-09-18T23:00:11.530929+00:00,Clementi ActiveSG Gym,0%
2026-09-18T23:00:11.530929+00:00,Delta ActiveSG Gym,2%
2026-09-18T23:00:11.530929+00:00,Heartbeat @ Bedok ActiveSG Gym,0%
2026-09-18T23:00:11.530929+00:00,Hougang ActiveSG Gym,0%
2026-09-18T23:00:11.530929+00:00,Jalan Besar ActiveSG Gym,0%
2026-09-18T23:00:11.530929+00:00,Jurong East ActiveSG Gym,0%
2026-09-18T23:00:11.530929+00:00,Jurong Lake Gardens ActiveSG Gym,0%
2026-09-18T23:00:11.530929+00:00,Jurong West ActiveSG Gym,0%
2026-09-18T23:00:11.530929+00:00,Katong ActiveSG Gym,3%
2026-09-18T23:00:11.530929+00:00,Pasir Ris ActiveSG Gym,0%
2026-09-18T23:00:11.530929+00:00,Queenstown ActiveSG Gym,0%
2026-09-18T23:00:11.530929+00:00,Sengkang ActiveSG Gym,0%
2026-09-18T23:00:11.530929+00:00,Senja-Cashew ActiveSG Gym,0%
2026-09-18T23:00:11.530929+00:00,Tampines ActiveSG Gym,0%
2026-09-18T23:00:11.530929+00:00,Woodlands ActiveSG Gym,1%
2026-09-18T23:00:11.530929+00:00,Yio Chu Kang ActiveSG Gym,0%
2026-09-18T23:00:11.530929+00:00,Yishun ActiveSG Gym,0%
2026-09-18T23:15:14.205153+00:00,ActiveSG Gym @ Ang Mo Kio Community Centre,12%
2026-09-18T23:15:14.205153+00:00,ActiveSG Gym @ Enabling Village,16%
2026-09-18T23:15:14.205153+00:00,ActiveSG Gym @ Fernvale Square,17%
2026-09-18T23:15:14.205153+00:00,ActiveSG Gym @ Serangoon Central,27%
2026-09-18T23:15:14.205153+00:00,ActiveSG Gym @ Toa Payoh,22%
2026-09-18T23:15:14.205153+00:00,ActiveSG Gym @ Toa Payoh West Community Centre,1%
2026-09-18T23:15:14.205153+00:00,ActiveSG Hockey Village @ Boon Lay Gym,6%
2026-09-18T23:15:14.205153+00:00,ActiveSG Sport Park @ Teck Ghee ActiveSG Gym,9%
2026-09-18T23:15:14.205153+00:00,Bishan ActiveSG Gym,14%
2026-09-18T23:15:14.205153+00:00,Bukit Batok ActiveSG Gym,40%
2026-09-18T23:15:14.205153+00:00,Bukit Canberra ActiveSG Gym,16%
2026-09-18T23:15:14.205153+00:00,Bukit Gombak ActiveSG Gym,18%
2026-09-18T23:15:14.205153+00:00,Choa Chu Kang ActiveSG Gym,12%
2026-09-18T23:15:14.205153+00:00,Clementi ActiveSG Gym,15%
2026-09-18T23:15:14.205153+00:00,Delta ActiveSG Gym,17%
2026-09-18T23:15:14.205153+00:00,Heartbeat @ Bedok ActiveSG Gym,14%
2026-09-18T23:15:14.205153+00:00,Hougang ActiveSG Gym,10%
2026-09-18T23:15:14.205153+00:00,Jalan Besar ActiveSG Gym,14%
2026-09-18T23:15:14.205153+00:00,Jurong East ActiveSG Gym,11%
2026-09-18T23:15:14.205153+00:00,Jurong Lake Gardens ActiveSG Gym,10%
2026-09-18T23:15:14.205153+00:00,Jurong West ActiveSG Gym,7%
2026-09-18T23:15:14.205153+00:00,Katong ActiveSG Gym,17%
2026-09-18T23:15:14.205153+00:00,Pasir Ris ActiveSG Gym,14%
2026-09-18T23:15:14.205153+00:00,Queenstown ActiveSG Gym,8%
2026-09-18T23:15:14.205153+00:00,Sengkang ActiveSG Gym,22%
2026-09-18T23:15:14.205153+00:00,Senja-Cashew ActiveSG Gym,26%
2026-09-18T23:15:14.205153+00:00,Tampines ActiveSG Gym,19%
2026-09-18T23:15:14.205153+00:00,Woodlands ActiveSG Gym,9%
2026-09-18T23:15:14.205153+00:00,Yio Chu Kang ActiveSG Gym,17%
2026-09-18T23:15:14.205153+00:00,Yishun ActiveSG Gym,9%
2026-09-18T23:30:13.871808+00:00,ActiveSG Gym @ Ang Mo Kio Community Centre,27%
2026-09-18T23:30:13.871808+00:00,ActiveSG Gym @ Enabling Village,20%
2026-09-18T23:30:13.871808+00:00,ActiveSG Gym @ Fernvale Square,15%
2026-09-18T23:30:13.871808+00:00,ActiveSG Gym @ Serangoon Central,27%
2026-09-18T23:30:13.871808+00:00,ActiveSG Gym @ Toa Payoh,24%
2026-09-18T23:30:13.871808+00:00,ActiveSG Gym @ Toa Payoh West Community Centre,5%
2026-09-18T23:30:13.871808+00:00,ActiveSG Hockey Village @ Boon Lay Gym,8%
2026-09-18T23:30:13.871808+00:00,ActiveSG Sport Park @ Teck Ghee ActiveSG Gym,14%
2026-09-18T23:30:13.871808+00:00,Bishan ActiveSG Gym,18%
2026-09-18T23:30:13.871808+00:00,Bukit Batok ActiveSG Gym,50%
2026-09-18T23:30:13.871808+00:00,Bukit Canberra ActiveSG Gym,20%
2026-09-18T23:30:13.871808+00:00,Bukit Gombak ActiveSG Gym,33%
2026-09-18T23:30:13.871808+00:00,Choa Chu Kang ActiveSG Gym,20%
2026-09-18T23:30:13.871808+00:00,Clementi ActiveSG Gym,22%
2026-09-18T23:30:13.871808+00:00,Delta ActiveSG Gym,21%
2026-09-18T23:30:13.871808+00:00,Heartbeat @ Bedok ActiveSG Gym,18%
2026-09-18T23:30:13.871808+00:00,Hougang ActiveSG Gym,17%
2026-09-18T23:30:13.871808+00:00,Jalan Besar ActiveSG Gym,19%
2026-09-18T23:30:13.871808+00:00,Jurong East ActiveSG Gym,11%
2026-09-18T23:30:13.871808+00:00,Jurong Lake Gardens ActiveSG Gym,13%
2026-09-18T23:30:13.871808+00:00,Jurong West ActiveSG Gym,11%
2026-09-18T23:30:13.871808+00:00,Katong ActiveSG Gym,22%
2026-09-18T23:30:13.871808+00:00,Pasir Ris ActiveSG Gym,18%
2026-09-18T23:30:13.871808+00:00,Queenstown ActiveSG Gym,10%
2026-09-18T23:30:13.871808+00:00,Sengkang ActiveSG Gym,30%
2026-09-18T23:30:13.871808+00:00,Senja-Cashew ActiveSG Gym,38%
2026-09-18T23:30:13.871808+00:00,Tampines ActiveSG Gym,23%
2026-09-18T23:30:13.871808+00:00,Woodlands ActiveSG Gym,10%
2026-09-18T23:30:13.871808+00:00,Yio Chu Kang ActiveSG Gym,17%
2026-09-18T23:30:13.871808+00:00,Yishun ActiveSG Gym,10%
2026-09-18T23:45:13.506749+00:00,ActiveSG Gym @ Ang Mo Kio Community Centre,33%
2026-09-18T23:45:13.506749+00:00,ActiveSG Gym @ Enabling Village,20%
2026-09-18T23:45:13.506749+00:00,ActiveSG Gym @ Fernvale Square,20%
2026-09-18T23:45:13.506749+00:00,ActiveSG Gym @ Serangoon Central,30%
2026-09-18T23:45:13.506749+00:00,ActiveSG Gym @ Toa Payoh,24%
2026-09-18T23:45:13.506749+00:00,ActiveSG Gym @ Toa Payoh West Community Centre,8%
2026-09-18T23:45:13.506749+00:00,ActiveSG Hockey Village @ Boon Lay Gym,9%
2026-09-18T23:45:13.506749+00:00,ActiveSG Sport Park @ Teck Ghee ActiveSG Gym,16%
2026-09-18T23:45:13.506749+00:00,Bishan ActiveSG Gym,22%
2026-09-18T23:45:13.506749+00:00,Bukit Batok ActiveSG Gym,55%
2026-09-18T23:45:13.506749+00:00,Bukit Canberra ActiveSG Gym,29%
2026-09-18T23:45:13.506749+00:00,Bukit Gombak ActiveSG Gym,40%
2026-09-18T23:45:13.506749+00:00,Choa Chu Kang ActiveSG Gym,27%
2026-09-18T23:45:13.506749+00:00,Clementi ActiveSG Gym,27%
2026-09-18T23:45:13.506749+00:00,Delta ActiveSG Gym,23%
2026-09-18T23:45:13.506749+00:00,Heartbeat @ Bedok ActiveSG Gym,22%
2026-09-18T23:45:13.506749+00:00,Hougang ActiveSG Gym,22%
2026-09-18T23:45:13.506749+00:00,Jalan Besar ActiveSG Gym,22%
2026-09-18T23:45:13.506749+00:00,Jurong East ActiveSG Gym,15%
2026-09-18T23:45:13.506749+00:00,Jurong Lake Gardens ActiveSG Gym,19%
2026-09-18T23:45:13.506749+00:00,Jurong West ActiveSG Gym,13%
2026-09-18T23:45:13.506749+00:00,Katong ActiveSG Gym,35%
2026-09-18T23:45:13.506749+00:00,Pasir Ris ActiveSG Gym,25%
2026-09-18T23:45:13.506749+00:00,Queenstown ActiveSG Gym,14%
2026-09-18T23:45:13.506749+00:00,Sengkang ActiveSG Gym,45%
2026-09-18T23:45:13.506749+00:00,Senja-Cashew ActiveSG Gym,42%
2026-09-18T23:45:13.506749+00:00,Tampines ActiveSG Gym,26%
2026-09-18T23:45:13.506749+00:00,Woodlands ActiveSG Gym,17%
2026-09-18T23:45:13.506749+00:00,Yio Chu Kang ActiveSG Gym,18%
2026-09-18T23:45:13.506749+00:00,Yishun ActiveSG Gym,15%
2026-09-19T00:00:13.728262+00:00,ActiveSG Gym @ Ang Mo Kio Community Centre,35%
2026-09-19T00:00:13.728262+00:00,ActiveSG Gym @ Enabling Village,20%
2026-09-19T00:00:13.728262+00:00,ActiveSG Gym @ Fernvale Square,20%
2026-09-19T00:00:13.728262+00:00,ActiveSG Gym @ Serangoon Central,40%
2026-09-19T00:00:13.728262+00:00,ActiveSG Gym @ Toa Payoh,25%
2026-09-19T00:00:13.728262+00:00,ActiveSG Gym @ Toa Payoh West Community Centre,9%
2026-09-19T00:00:13.728262+00:00,ActiveSG Hockey Village @ Boon Lay Gym,13%
2026-09-19T00:00:13.728262+00:00,ActiveSG Sport Park @ Teck Ghee ActiveSG Gym,15%
2026-09-19T00:00:13.728262+00:00,Bishan ActiveSG Gym,27%
2026-09-19T00:00:13.728262+00:00,Bukit Batok ActiveSG Gym,63%
2026-09-19T00:00:13.728262+00:00,Bukit Canberra ActiveSG Gym,32%
2026-09-19T00:00:13.728262+00:00,Bukit Gombak ActiveSG Gym,51%
2026-09-19T00:00:13.728262+00:00,Choa Chu Kang ActiveSG Gym,32%
2026-09-19T00:00:13.728262+00:00,Clementi ActiveSG Gym,33%
2026-09-19T00:00:13.728262+00:00,Delta ActiveSG Gym,21%
2026-09-19T00:00:13.728262+00:00,Heartbeat @ Bedok ActiveSG Gym,24%
2026-09-19T00:00:13.728262+00:00,Hougang ActiveSG Gym,25%
2026-09-19T00:00:13.728262+00:00,Jalan Besar ActiveSG Gym,31%
2026-09-19T00:00:13.728262+00:00,Jurong East ActiveSG Gym,16%
2026-09-19T00:00:13.728262+00:00,Jurong Lake Gardens ActiveSG Gym,19%
2026-09-19T00:00:13.728262+00:00,Jurong West ActiveSG Gym,14%
2026-09-19T00:00:13.728262+00:00,Katong ActiveSG Gym,35%
2026-09-19T00:00:13.728262+00:00,Pasir Ris ActiveSG Gym,25%
2026-09-19T00:00:13.728262+00:00,Queenstown ActiveSG Gym,19%
2026-09-19T00:00:13.728262+00:00,Sengkang ActiveSG Gym,53%
2026-09-19T00:00:13.728262+00:00,Senja-Cashew ActiveSG Gym,46%
2026-09-19T00:00:13.728262+00:00,Tampines ActiveSG Gym,32%
2026-09-19T00:00:13.728262+00:00,Woodlands ActiveSG Gym,22%
2026-09-19T00:00:13.728262+00:00,Yio Chu Kang ActiveSG Gym,18%
2026-09-19T00:00:13.728262+00:00,Yishun ActiveSG Gym,28%
2026-09-19T00:15:13.768304+00:00,ActiveSG Gym @ Ang Mo Kio Community Centre,40%
2026-09-19T00:15:13.768304+00:00,ActiveSG Gym @ Enabling Village,20%
2026-09-19T00:15:13.768304+00:00,ActiveSG Gym @ Fernvale Square,23%
2026-09-19T00:15:13.768304+00:00,ActiveSG Gym @ Serangoon Central,43%
2026-09-19T00:15:13.768304+00:00,ActiveSG Gym @ Toa Payoh,30%
2026-09-19T00:15:13.768304+00:00,ActiveSG Gym @ Toa Payoh West Community Centre,16%
2026-09-19T00:15:13.768304+00:00,ActiveSG Hockey Village @ Boon Lay Gym,12%
2026-09-19T00:15:13.768304+00:00,ActiveSG Sport Park @ Teck Ghee ActiveSG Gym,18%
2026-09-19T00:15:13.768304+00:00,Bishan ActiveSG Gym,35%
2026-09-19T00:15:13.768304+00:00,Bukit Batok ActiveSG Gym,63%
2026-09-19T00:15:13.768304+00:00,Bukit Canberra ActiveSG Gym,37%
2026-09-19T00:15:13.768304+00:00,Bukit Gombak ActiveSG Gym,52%
2026-09-19T00:15:13.768304+00:00,Choa Chu Kang ActiveSG Gym,33%
2026-09-19T00:15:13.768304+00:00,Clementi ActiveSG Gym,28%
2026-09-19T00:15:13.768304+00:00,Delta ActiveSG Gym,20%
2026-09-19T00:15:13.768304+00:00,Heartbeat @ Bedok ActiveSG Gym,25%
2026-09-19T00:15:13.768304+00:00,Hougang ActiveSG Gym,25%
2026-09-19T00:15:13.768304+00:00,Jalan Besar ActiveSG Gym,25%
2026-09-19T00:15:13.768304+00:00,Jurong East ActiveSG Gym,21%
2026-09-19T00:15:13.768304+00:00,Jurong Lake Gardens ActiveSG Gym,20%
2026-09-19T00:15:13.768304+00:00,Jurong West ActiveSG Gym,14%
2026-09-19T00:15:13.768304+00:00,Katong ActiveSG Gym,38%
2026-09-19T00:15:13.768304+00:00,Pasir Ris ActiveSG Gym,25%
2026-09-19T00:15:13.768304+00:00,Queenstown ActiveSG Gym,24%
2026-09-19T00:15:13.768304+00:00,Sengkang ActiveSG Gym,46%
2026-09-19T00:15:13.768304+00:00,Senja-Cashew ActiveSG Gym,43%
2026-09-19T00:15:13.768304+00:00,Tampines ActiveSG Gym,38%
2026-09-19T00:15:13.768304+00:00,Woodlands ActiveSG Gym,28%
2026-09-19T00:15:13.768304+00:00,Yio Chu Kang ActiveSG Gym,17%
2026-09-19T00:15:13.768304+00:00,Yishun ActiveSG Gym,34%
2026-09-19T00:30:14.370471+00:00,ActiveSG Gym @ Ang Mo Kio Community Centre,37%
2026-09-19T00:30:14.370471+00:00,ActiveSG Gym @ Enabling Village,16%
2026-09-19T00:30:14.370471+00:00,ActiveSG Gym @ Fernvale Square,27%
2026-09-19T00:30:14.370471+00:00,ActiveSG Gym @ Serangoon Central,40%
2026-09-19T00:30:14.370471+00:00,ActiveSG Gym @ Toa Payoh,33%
2026-09-19T00:30:14.370471+00:00,ActiveSG Gym @ Toa Payoh West Community Centre,16%
2026-09-19T00:30:14.370471+00:00,ActiveSG Hockey Village @ Boon Lay Gym,15%
2026-09-19T00:30:14.370471+00:00,ActiveSG Sport Park @ Teck Ghee ActiveSG Gym,21%
2026-09-19T00:30:14.370471+00:00,Bishan ActiveSG Gym,41%
2026-09-19T00:30:14.370471+00:00,Bukit Batok ActiveSG Gym,63%
2026-09-19T00:30:14.370471+00:00,Bukit Canberra ActiveSG Gym,41%
2026-09-19T00:30:14.370471+00:00,Bukit Gombak ActiveSG Gym,50%
2026-09-19T00:30:14.370471+00:00,Choa Chu Kang ActiveSG Gym,33%
2026-09-19T00:30:14.370471+00:00,Clementi ActiveSG Gym,32%
2026-09-19T00:30:14.370471+00:00,Delta ActiveSG Gym,17%
2026-09-19T00:30:14.370471+00:00,Heartbeat @ Bedok ActiveSG Gym,31%
2026-09-19T00:30:14.370471+00:00,Hougang ActiveSG Gym,29%
2026-09-19T00:30:14.370471+00:00,Jalan Besar ActiveSG Gym,22%
2026-09-19T00:30:14.370471+00:00,Jurong East ActiveSG Gym,24%
2026-09-19T00:30:14.370471+00:00,Jurong Lake Gardens ActiveSG Gym,21%
2026-09-19T00:30:14.370471+00:00,Jurong West ActiveSG Gym,16%
2026-09-19T00:30:14.370471+00:00,Katong ActiveSG Gym,38%
2026-09-19T00:30:14.370471+00:00,Pasir Ris ActiveSG Gym,26%
2026-09-19T00:30:14.370471+00:00,Queenstown ActiveSG Gym,24%
2026-09-19T00:30:14.370471+00:00,Sengkang ActiveSG Gym,50%
2026-09-19T00:30:14.370471+00:00,Senja-Cashew ActiveSG Gym,52%
2026-09-19T00:30:14.370471+00:00,Tampines ActiveSG Gym,40%
2026-09-19T00:30:14.370471+00:00,Woodlands ActiveSG Gym,26%
2026-09-19T00:30:14.370471+00:00,Yio Chu Kang ActiveSG Gym,19%
2026-09-19T00:30:14.370471+00:00,Yishun ActiveSG Gym,36%
2026-09-19T00:45:13.748654+00:00,ActiveSG Gym @ Ang Mo Kio Community Centre,33%
2026-09-19T00:45:13.748654+00:00,ActiveSG Gym @ Enabling Village,16%
2026-09-19T00:45:13.748654+00:00,ActiveSG Gym @ Fernvale Square,33%
2026-09-19T00:45:13.748654+00:00,ActiveSG Gym @ Serangoon Central,37%
2026-09-19T00:45:13.748654+00:00,ActiveSG Gym @ Toa Payoh,38%
2026-09-19T00:45:13.748654+00:00,ActiveSG Gym @ Toa Payoh West Community Centre,21%
2026-09-19T00:45:13.748654+00:00,ActiveSG Hockey Village @ Boon Lay Gym,16%
2026-09-19T00:45:13.748654+00:00,ActiveSG Sport Park @ Teck Ghee ActiveSG Gym,17%
2026-09-19T00:45:13.748654+00:00,Bishan ActiveSG Gym,44%
2026-09-19T00:45:13.748654+00:00,Bukit Batok ActiveSG Gym,63%
2026-09-19T00:45:13.748654+00:00,Bukit Canberra ActiveSG Gym,45%
2026-09-19T00:45:13.748654+00:00,Bukit Gombak ActiveSG Gym,42%
2026-09-19T00:45:13.748654+00:00,Choa Chu Kang ActiveSG Gym,39%
2026-09-19T00:45:13.748654+00:00,Clementi ActiveSG Gym,34%
2026-09-19T00:45:13.748654+00:00,Delta ActiveSG Gym,18%
2026-09-19T00:45:13.748654+00:00,Heartbeat @ Bedok ActiveSG Gym,33%
2026-09-19T00:45:13.748654+00:00,Hougang ActiveSG Gym,29%
2026-09-19T00:45:13.748654+00:00,Jalan Besar ActiveSG Gym,19%
2026-09-19T00:45:13.748654+00:00,Jurong East ActiveSG Gym,23%
2026-09-19T00:45:13.748654+00:00,Jurong Lake Gardens ActiveSG Gym,24%
2026-09-19T00:45:13.748654+00:00,Jurong West ActiveSG Gym,17%
2026-09-19T00:45:13.748654+00:00,Katong ActiveSG Gym,38%
2026-09-19T00:45:13.748654+00:00,Pasir Ris ActiveSG Gym,27%
2026-09-19T00:45:13.748654+00:00,Queenstown ActiveSG Gym,24%
2026-09-19T00:45:13.748654+00:00,Sengkang ActiveSG Gym,51%
2026-09-19T00:45:13.748654+00:00,Senja-Cashew ActiveSG Gym,60%
2026-09-19T00:45:13.748654+00:00,Tampines ActiveSG Gym,47%
2026-09-19T00:45:13.748654+00:00,Woodlands ActiveSG Gym,33%
2026-09-19T00:45:13.748654+00:00,Yio Chu Kang ActiveSG Gym,23%
2026-09-19T00:45:13.748654+00:00,Yishun ActiveSG Gym,32%
2026-09-19T01:00:14.036493+00:00,ActiveSG Gym @ Ang Mo Kio Community Centre,23%
2026-09-19T01:00:14.036493+00:00,ActiveSG Gym @ Enabling Village,20%
2026-09-19T01:00:14.036493+00:00,ActiveSG Gym @ Fernvale Square,37%
2026-09-19T01:00:14.036493+00:00,ActiveSG Gym @ Serangoon Central,33%
2026-09-19T01:00:14.036493+00:00,ActiveSG Gym @ Toa Payoh,42%
2026-09-19T01:00:14.036493+00:00,ActiveSG Gym @ Toa Payoh West Community Centre,21%
2026-09-19T01:00:14.036493+00:00,ActiveSG Hockey Village @ Boon Lay Gym,18%
2026-09-19T01:00:14.036493+00:00,ActiveSG Sport Park @ Teck Ghee ActiveSG Gym,19%
2026-09-19T01:00:14.036493+00:00,Bishan ActiveSG Gym,50%
2026-09-19T01:00:14.036493+00:00,Bukit Batok ActiveSG Gym,63%
2026-09-19T01:00:14.036493+00:00,Bukit Canberra ActiveSG Gym,45%
2026-09-19T01:00:14.036493+00:00,Bukit Gombak ActiveSG Gym,41%
2026-09-19T01:00:14.036493+00:00,Choa Chu Kang ActiveSG Gym,38%
2026-09-19T01:00:14.036493+00:00,Clementi ActiveSG Gym,33%
2026-09-19T01:00:14.036493+00:00,Delta ActiveSG Gym,20%
2026-09-19T01:00:14.036493+00:00,Heartbeat @ Bedok ActiveSG Gym,36%
2026-09-19T01:00:14.036493+00:00,Hougang ActiveSG Gym,32%
2026-09-19T01:00:14.036493+00:00,Jalan Besar ActiveSG Gym,32%
2026-09-19T01:00:14.036493+00:00,Jurong East ActiveSG Gym,21%
2026-09-19T01:00:14.036493+00:00,Jurong Lake Gardens ActiveSG Gym,26%
2026-09-19T01:00:14.036493+00:00,Jurong West ActiveSG Gym,19%
2026-09-19T01:00:14.036493+00:00,Katong ActiveSG Gym,42%
2026-09-19T01:00:14.036493+00:00,Pasir Ris ActiveSG Gym,30%
2026-09-19T01:00:14.036493+00:00,Queenstown ActiveSG Gym,25%
2026-09-19T01:00:14.036493+00:00,Sengkang ActiveSG Gym,48%
2026-09-19T01:00:14.036493+00:00,Senja-Cashew ActiveSG Gym,55%
2026-09-19T01:00:14.036493+00:00,Tampines ActiveSG Gym,45%
2026-09-19T01:00:14.036493+00:00,Woodlands ActiveSG Gym,31%
2026-09-19T01:00:14.036493+00:00,Yio Chu Kang ActiveSG Gym,24%
2026-09-19T01:00:14.036493+00:00,Yishun ActiveSG Gym,33%
2026-09-19T01:01:46.307121+00:00,ActiveSG Gym @ Ang Mo Kio Community Centre,23%
2026-09-19T01:01:46.307121+00:00,ActiveSG Gym @ Enabling Village,16%
2026-09-19T01:01:46.307121+00:00,ActiveSG Gym @ Fernvale Square,37%
2026-09-19T01:01:46.307121+00:00,ActiveSG Gym @ Serangoon Central,30%
2026-09-19T01:01:46.307121+00:00,ActiveSG Gym @ Toa Payoh,42%
2026-09-19T01:01:46.307121+00:00,ActiveSG Gym @ Toa Payoh West Community Centre,21%
2026-09-19T01:01:46.307121+00:00,ActiveSG Hockey Village @ Boon Lay Gym,19%
2026-09-19T01:01:46.307121+00:00,ActiveSG Sport Park @ Teck Ghee ActiveSG Gym,19%
2026-09-19T01:01:46.307121+00:00,Bishan ActiveSG Gym,50%
2026-09-19T01:01:46.307121+00:00,Bukit Batok ActiveSG Gym,63%
2026-09-19T01:01:46.307121+00:00,Bukit Canberra ActiveSG Gym,45%
2026-09-19T01:01:46.307121+00:00,Bukit Gombak ActiveSG Gym,42%
2026-09-19T01:01:46.307121+00:00,Choa Chu Kang ActiveSG Gym,39%
2026-09-19T01:01:46.307121+00:00,Clementi ActiveSG Gym,33%
2026-09-19T01:01:46.307121+00:00,Delta ActiveSG Gym,21%
2026-09-19T01:01:46.307121+00:00,Heartbeat @ Bedok ActiveSG Gym,36%
2026-09-19T01:01:46.307121+00:00,Hougang ActiveSG Gym,32%
2026-09-19T01:01:46.307121+00:00,Jalan Besar ActiveSG Gym,32%
2026-09-19T01:01:46.307121+00:00,Jurong East ActiveSG Gym,22%
2026-09-19T01:01:46.307121+00:00,Jurong Lake Gardens ActiveSG Gym,26%
2026-09-19T01:01:46.307121+00:00,Jurong West ActiveSG Gym,19%
2026-09-19T01:01:46.307121+00:00,Katong ActiveSG Gym,42%
2026-09-19T01:01:46.307121+00:00,Pasir Ris ActiveSG Gym,33%
2026-09-19T01:01:46.307121+00:00,Queenstown ActiveSG Gym,24%
2026-09-19T01:01:46.307121+00:00,Sengkang ActiveSG Gym,49%
2026-09-19T01:01:46.307121+00:00,Senja-Cashew ActiveSG Gym,57%
2026-09-19T01:01:46.307121+00:00,Tampines ActiveSG Gym,45%
2026-09-19T01:01:46.307121+00:00,Woodlands ActiveSG Gym,32%
2026-09-19T01:01:46.307121+00:00,Yio Chu Kang ActiveSG Gym,26%
2026-09-19T01:01:46.307121+00:00,Yishun ActiveSG Gym,32%
2026-09-19T01:15:13.754491+00:00,ActiveSG Gym @ Ang Mo Kio Community Centre,27%
2026-09-19T01:15:13.754491+00:00,ActiveSG Gym @ Enabling Village,16%
2026-09-19T01:15:13.754491+00:00,ActiveSG Gym @ Fernvale Square,45%
2026-09-19T01:15:13.754491+00:00,ActiveSG Gym @ Serangoon Central,37%
2026-09-19T01:15:13.754491+00:00,ActiveSG Gym @ Toa Payoh,50%
2026-09-19T01:15:13.754491+00:00,ActiveSG Gym @ Toa Payoh West Community Centre,20%
2026-09-19T01:15:13.754491+00:00,ActiveSG Hockey Village @ Boon Lay Gym,16%
2026-09-19T01:15:13.754491+00:00,ActiveSG Sport Park @ Teck Ghee ActiveSG Gym,20%
2026-09-19T01:15:13.754491+00:00,Bishan ActiveSG Gym,51%
2026-09-19T01:15:13.754491+00:00,Bukit Batok ActiveSG Gym,63%
2026-09-19T01:15:13.754491+00:00,Bukit Canberra ActiveSG Gym,47%
2026-09-19T01:15:13.754491+00:00,Bukit Gombak ActiveSG Gym,44%
2026-09-19T01:15:13.754491+00:00,Choa Chu Kang ActiveSG Gym,37%
2026-09-19T01:15:13.754491+00:00,Clementi ActiveSG Gym,34%
2026-09-19T01:15:13.754491+00:00,Delta ActiveSG Gym,30%
2026-09-19T01:15:13.754491+00:00,Heartbeat @ Bedok ActiveSG Gym,42%
2026-09-19T01:15:13.754491+00:00,Hougang ActiveSG Gym,35%
2026-09-19T01:15:13.754491+00:00,Jalan Besar ActiveSG Gym,40%
2026-09-19T01:15:13.754491+00:00,Jurong East ActiveSG Gym,24%
2026-09-19T01:15:13.754491+00:00,Jurong Lake Gardens ActiveSG Gym,26%
2026-09-19T01:15:13.754491+00:00,Jurong West ActiveSG Gym,19%
2026-09-19T01:15:13.754491+00:00,Katong ActiveSG Gym,46%
2026-09-19T01:15:13.754491+00:00,Pasir Ris ActiveSG Gym,35%
2026-09-19T01:15:13.754491+00:00,Queenstown ActiveSG Gym,29%
2026-09-19T01:15:13.754491+00:00,Sengkang ActiveSG Gym,44%
2026-09-19T01:15:13.754491+00:00,Senja-Cashew ActiveSG Gym,62%
2026-09-19T01:15:13.754491+00:00,Tampines ActiveSG Gym,48%
2026-09-19T01:15:13.754491+00:00,Woodlands ActiveSG Gym,35%
2026-09-19T01:15:13.754491+00:00,Yio Chu Kang ActiveSG Gym,29%
2026-09-19T01:15:13.754491+00:00,Yishun ActiveSG Gym,33%
2026-09-19T01:30:13.666749+00:00,ActiveSG Gym @ Ang Mo Kio Community Centre,22%
2026-09-19T01:30:13.666749+00:00,ActiveSG Gym @ Enabling Village,16%
2026-09-19T01:30:13.666749+00:00,ActiveSG Gym @ Fernvale Square,53%
2026-09-19T01:30:13.666749+00:00,ActiveSG Gym @ Serangoon Central,37%
2026-09-19T01:30:13.666749+00:00,ActiveSG Gym @ Toa Payoh,51%
2026-09-19T01:30:13.666749+00:00,ActiveSG Gym @ Toa Payoh West Community Centre,17%
2026-09-19T01:30:13.666749+00:00,ActiveSG Hockey Village @ Boon Lay Gym,19%
2026-09-19T01:30:13.666749+00:00,ActiveSG Sport Park @ Teck Ghee ActiveSG Gym,25%
2026-09-19T01:30:13.666749+00:00,Bishan ActiveSG Gym,58%
2026-09-19T01:30:13.666749+00:00,Bukit Batok ActiveSG Gym,63%
2026-09-19T01:30:13.666749+00:00,Bukit Canberra ActiveSG Gym,50%
2026-09-19T01:30:13.666749+00:00,Bukit Gombak ActiveSG Gym,49%
2026-09-19T01:30:13.666749+00:00,Choa Chu Kang ActiveSG Gym,41%
2026-09-19T01:30:13.666749+00:00,Clementi ActiveSG Gym,41%
2026-09-19T01:30:13.666749+00:00,Delta ActiveSG Gym,36%
2026-09-19T01:30:13.666749+00:00,Heartbeat @ Bedok ActiveSG Gym,43%
2026-09-19T01:30:13.666749+00:00,Hougang ActiveSG Gym,35%
2026-09-19T01:30:13.666749+00:00,Jalan Besar ActiveSG Gym,42%
2026-09-19T01:30:13.666749+00:00,Jurong East ActiveSG Gym,30%
2026-09-19T01:30:13.666749+00:00,Jurong Lake Gardens ActiveSG Gym,27%
2026-09-19T01:30:13.666749+00:00,Jurong West ActiveSG Gym,21%
2026-09-19T01:30:13.666749+00:00,Katong ActiveSG Gym,58%
2026-09-19T01:30:13.666749+00:00,Pasir Ris ActiveSG Gym,39%
2026-09-19T01:30:13.666749+00:00,Queenstown ActiveSG Gym,33%
2026-09-19T01:30:13.666749+00:00,Sengkang ActiveSG Gym,42%
2026-09-19T01:30:13.666749+00:00,Senja-Cashew ActiveSG Gym,55%
2026-09-19T01:30:13.666749+00:00,Tampines ActiveSG Gym,51%
2026-09-19T01:30:13.666749+00:00,Woodlands ActiveSG Gym,37%
2026-09-19T01:30:13.666749+00:00,Yio Chu Kang ActiveSG Gym,30%
2026-09-19T01:30:13.666749+00:00,Yishun ActiveSG Gym,31%
2026-09-19T01:45:13.600783+00:00,ActiveSG Gym @ Ang Mo Kio Community Centre,22%
2026-09-19T01:45:13.600783+00:00,ActiveSG Gym @ Enabling Village,22%
2026-09-19T01:45:13.600783+00:00,ActiveSG Gym @ Fernvale Square,63%
2026-09-19T01:45:13.600783+00:00,ActiveSG Gym @ Serangoon Central,50%
2026-09-19T01:45:13.600783+00:00,ActiveSG Gym @ Toa Payoh,57%
2026-09-19T01:45:13.600783+00:00,ActiveSG Gym @ Toa Payoh West Community Centre,12%
2026-09-19T01:45:13.600783+00:00,ActiveSG Hockey Village @ Boon Lay Gym,21%
2026-09-19T01:45:13.600783+00:00,ActiveSG Sport Park @ Teck Ghee ActiveSG Gym,30%
2026-09-19T01:45:13.600783+00:00,Bishan ActiveSG Gym,53%
2026-09-19T01:45:13.600783+00:00,Bukit Batok ActiveSG Gym,63%
2026-09-19T01:45:13.600783+00:00,Bukit Canberra ActiveSG Gym,49%
2026-09-19T01:45:13.600783+00:00,Bukit Gombak ActiveSG Gym,49%
2026-09-19T01:45:13.600783+00:00,Choa Chu Kang ActiveSG Gym,47%
2026-09-19T01:45:13.600783+00:00,Clementi ActiveSG Gym,48%
2026-09-19T01:45:13.600783+00:00,Delta ActiveSG Gym,41%
2026-09-19T01:45:13.600783+00:00,Heartbeat @ Bedok ActiveSG Gym,42%
2026-09-19T01:45:13.600783+00:00,Hougang ActiveSG Gym,38%
2026-09-19T01:45:13.600783+00:00,Jalan Besar ActiveSG Gym,41%
2026-09-19T01:45:13.600783+00:00,Jurong East ActiveSG Gym,33%
2026-09-19T01:45:13.600783+00:00,Jurong Lake Gardens ActiveSG Gym,27%
2026-09-19T01:45:13.600783+00:00,Jurong West ActiveSG Gym,21%
2026-09-19T01:45:13.600783+00:00,Katong ActiveSG Gym,60%
2026-09-19T01:45:13.600783+00:00,Pasir Ris ActiveSG Gym,38%
2026-09-19T01:45:13.600783+00:00,Queenstown ActiveSG Gym,39%
2026-09-19T01:45:13.600783+00:00,Sengkang ActiveSG Gym,39%
2026-09-19T01:45:13.600783+00:00,Senja-Cashew ActiveSG Gym,65%
2026-09-19T01:45:13.600783+00:00,Tampines ActiveSG Gym,53%
2026-09-19T01:45:13.600783+00:00,Woodlands ActiveSG Gym,41%
2026-09-19T01:45:13.600783+00:00,Yio Chu Kang ActiveSG Gym,31%
2026-09-19T01:45:13.600783+00:00,Yishun ActiveSG Gym,34%
2026-09-19T02:00:13.887000+00:00,ActiveSG Gym @ Ang Mo Kio Community Centre,28%
2026-09-19T02:00:13.887000+00:00,ActiveSG Gym @ Enabling Village,27%
2026-09-19T02:00:13.887000+00:00,ActiveSG Gym @ Fernvale Square,63%
2026-09-19T02:00:13.887000+00:00,ActiveSG Gym @ Serangoon Central,57%
2026-09-19T02:00:13.887000+00:00,ActiveSG Gym @ Toa Payoh,52%
2026-09-19T02:00:13.887000+00:00,ActiveSG Gym @ Toa Payoh West Community Centre,21%
2026-09-19T02:00:13.887000+00:00,ActiveSG Hockey Village @ Boon Lay Gym,21%
2026-09-19T02:00:13.887000+00:00,ActiveSG Sport Park @ Teck Ghee ActiveSG Gym,33%
2026-09-19T02:00:13.887000+00:00,Bishan ActiveSG Gym,47%
2026-09-19T02:00:13.887000+00:00,Bukit Batok ActiveSG Gym,63%
2026-09-19T02:00:13.887000+00:00,Bukit Canberra ActiveSG Gym,46%
2026-09-19T02:00:13.887000+00:00,Bukit Gombak ActiveSG Gym,52%
2026-09-19T02:00:13.887000+00:00,Choa Chu Kang ActiveSG Gym,50%
2026-09-19T02:00:13.887000+00:00,Clementi ActiveSG Gym,48%
2026-09-19T02:00:13.887000+00:00,Delta ActiveSG Gym,44%
2026-09-19T02:00:13.887000+00:00,Heartbeat @ Bedok ActiveSG Gym,47%
2026-09-19T02:00:13.887000+00:00,Hougang ActiveSG Gym,38%
2026-09-19T02:00:13.887000+00:00,Jalan Besar ActiveSG Gym,46%
2026-09-19T02:00:13.887000+00:00,Jurong East ActiveSG Gym,32%
2026-09-19T02:00:13.887000+00:00,Jurong Lake Gardens ActiveSG Gym,30%
2026-09-19T02:00:13.887000+00:00,Jurong West ActiveSG Gym,23%
2026-09-19T02:00:13.887000+00:00,Katong ActiveSG Gym,58%
2026-09-19T02:00:13.887000+00:00,Pasir Ris ActiveSG Gym,35%
2026-09-19T02:00:13.887000+00:00,Queenstown ActiveSG Gym,35%
2026-09-19T02:00:13.887000+00:00,Sengkang ActiveSG Gym,39%
2026-09-19T02:00:13.887000+00:00,Senja-Cashew ActiveSG Gym,65%
2026-09-19T02:00:13.887000+00:00,Tampines ActiveSG Gym,52%
2026-09-19T02:00:13.887000+00:00,Woodlands ActiveSG Gym,43%
2026-09-19T02:00:13.887000+00:00,Yio Chu Kang ActiveSG Gym,27%
2026-09-19T02:00:13.887000+00:00,Yishun ActiveSG Gym,45%
2026-09-19T02:15:13.991945+00:00,ActiveSG Gym @ Ang Mo Kio Community Centre,33%
2026-09-19T02:15:13.991945+00:00,ActiveSG Gym @ Enabling Village,24%
2026-09-19T02:15:13.991945+00:00,ActiveSG Gym @ Fernvale Square,47%
2026-09-19T02:15:13.991945+00:00,ActiveSG Gym @ Serangoon Central,73%
2026-09-19T02:15:13.991945+00:00,ActiveSG Gym @ Toa Payoh,51%
2026-09-19T02:15:13.991945+00:00,ActiveSG Gym @ Toa Payoh West Community Centre,28%
2026-09-19T02:15:13.991945+00:00,ActiveSG Hockey Village @ Boon Lay Gym,20%
2026-09-19T02:15:13.991945+00:00,ActiveSG Sport Park @ Teck Ghee ActiveSG Gym,33%
2026-09-19T02:15:13.991945+00:00,Bishan ActiveSG Gym,47%
2026-09-19T02:15:13.991945+00:00,Bukit Batok ActiveSG Gym,63%
2026-09-19T02:15:13.991945+00:00,Bukit Canberra ActiveSG Gym,48%
2026-09-19T02:15:13.991945+00:00,Bukit Gombak ActiveSG Gym,58%
2026-09-19T02:15:13.991945+00:00,Choa Chu Kang ActiveSG Gym,53%
2026-09-19T02:15:13.991945+00:00,Clementi ActiveSG Gym,57%
2026-09-19T02:15:13.991945+00:00,Delta ActiveSG Gym,49%
2026-09-19T02:15:13.991945+00:00,Heartbeat @ Bedok ActiveSG Gym,51%
2026-09-19T02:15:13.991945+00:00,Hougang ActiveSG Gym,33%
2026-09-19T02:15:13.991945+00:00,Jalan Besar ActiveSG Gym,52%
2026-09-19T02:15:13.991945+00:00,Jurong East ActiveSG Gym,34%
2026-09-19T02:15:13.991945+00:00,Jurong Lake Gardens ActiveSG Gym,30%
2026-09-19T02:15:13.991945+00:00,Jurong West ActiveSG Gym,24%
2026-09-19T02:15:13.991945+00:00,Katong ActiveSG Gym,54%
2026-09-19T02:15:13.991945+00:00,Pasir Ris ActiveSG Gym,45%
2026-09-19T02:15:13.991945+00:00,Queenstown ActiveSG Gym,37%
2026-09-19T02:15:13.991945+00:00,Sengkang ActiveSG Gym,49%
2026-09-19T02:15:13.991945+00:00,Senja-Cashew ActiveSG Gym,68%
2026-09-19T02:15:13.991945+00:00,Tampines ActiveSG Gym,48%
2026-09-19T02:15:13.991945+00:00,Woodlands ActiveSG Gym,44%
2026-09-19T02:15:13.991945+00:00,Yio Chu Kang ActiveSG Gym,24%
2026-09-19T02:15:13.991945+00:00,Yishun ActiveSG Gym,42%
2026-09-19T02:30:13.790342+00:00,ActiveSG Gym @ Ang Mo Kio Community Centre,33%
2026-09-19T02:30:13.790342+00:00,ActiveSG Gym @ Enabling Village,27%
2026-09-19T02:30:13.790342+00:00,ActiveSG Gym @ Fernvale Square,48%
2026-09-19T02:30:13.790342+00:00,ActiveSG Gym @ Serangoon Central,80%
2026-09-19T02:30:13.790342+00:00,ActiveSG Gym @ Toa Payoh,46%
2026-09-19T02:30:13.790342+00:00,ActiveSG Gym @ Toa Payoh West Community Centre,29%
2026-09-19T02:30:13.790342+00:00,ActiveSG Hockey Village @ Boon Lay Gym,24%
2026-09-19T02:30:13.790342+00:00,ActiveSG Sport Park @ Teck Ghee ActiveSG Gym,38%
2026-09-19T02:30:13.790342+00:00,Bishan ActiveSG Gym,38%
2026-09-19T02:30:13.790342+00:00,Bukit Batok ActiveSG Gym,63%
2026-09-19T02:30:13.790342+00:00,Bukit Canberra ActiveSG Gym,49%
2026-09-19T02:30:13.790342+00:00,Bukit Gombak ActiveSG Gym,54%
2026-09-19T02:30:13.790342+00:00,Choa Chu Kang ActiveSG Gym,59%
2026-09-19T02:30:13.790342+00:00,Clementi ActiveSG Gym,61%
2026-09-19T02:30:13.790342+00:00,Delta ActiveSG Gym,48%
2026-09-19T02:30:13.790342+00:00,Heartbeat @ Bedok ActiveSG Gym,52%
2026-09-19T02:30:13.790342+00:00,Hougang ActiveSG Gym,33%
2026-09-19T02:30:13.790342+00:00,Jalan Besar ActiveSG Gym,51%
2026-09-19T02:30:13.790342+00:00,Jurong East ActiveSG Gym,31%
2026-09-19T02:30:13.790342+00:00,Jurong Lake Gardens ActiveSG Gym,33%
2026-09-19T02:30:13.790342+00:00,Jurong West ActiveSG Gym,25%
2026-09-19T02:30:13.790342+00:00,Katong ActiveSG Gym,54%
2026-09-19T02:30:13.790342+00:00,Pasir Ris ActiveSG Gym,49%
2026-09-19T02:30:13.790342+00:00,Queenstown ActiveSG Gym,35%
2026-09-19T02:30:13.790342+00:00,Sengkang ActiveSG Gym,58%
2026-09-19T02:30:13.790342+00:00,Senja-Cashew ActiveSG Gym,63%
2026-09-19T02:30:13.790342+00:00,Tampines ActiveSG Gym,46%
2026-09-19T02:30:13.790342+00:00,Woodlands ActiveSG Gym,47%
2026-09-19T02:30:13.790342+00:00,Yio Chu Kang ActiveSG Gym,25%
2026-09-19T02:30:13.790342+00:00,Yishun ActiveSG Gym,45%
2026-09-19T02:45:13.778971+00:00,ActiveSG Gym @ Ang Mo Kio Community Centre,37%
2026-09-19T02:45:13.778971+00:00,ActiveSG Gym @ Enabling Village,27%
2026-09-19T02:45:13.778971+00:00,ActiveSG Gym @ Fernvale Square,48%
2026-09-19T02:45:13.778971+00:00,ActiveSG Gym @ Serangoon Central,87%
2026-09-19T02:45:13.778971+00:00,ActiveSG Gym @ Toa Payoh,49%
2026-09-19T02:45:13.778971+00:00,ActiveSG Gym @ Toa Payoh West Community Centre,23%
2026-09-19T02:45:13.778971+00:00,ActiveSG Hockey Village @ Boon Lay Gym,24%
2026-09-19T02:45:13.778971+00:00,ActiveSG Sport Park @ Teck Ghee ActiveSG Gym,35%
2026-09-19T02:45:13.778971+00:00,Bishan ActiveSG Gym,34%
2026-09-19T02:45:13.778971+00:00,Bukit Batok ActiveSG Gym,63%
2026-09-19T02:45:13.778971+00:00,Bukit Canberra ActiveSG Gym,52%
2026-09-19T02:45:13.778971+00:00,Bukit Gombak ActiveSG Gym,53%
2026-09-19T02:45:13.778971+00:00,Choa Chu Kang ActiveSG Gym,64%
2026-09-19T02:45:13.778971+00:00,Clementi ActiveSG Gym,61%
2026-09-19T02:45:13.778971+00:00,Delta ActiveSG Gym,48%
2026-09-19T02:45:13.778971+00:00,Heartbeat @ Bedok ActiveSG Gym,50%
2026-09-19T02:45:13.778971+00:00,Hougang ActiveSG Gym,33%
2026-09-19T02:45:13.778971+00:00,Jalan Besar ActiveSG Gym,51%
2026-09-19T02:45:13.778971+00:00,Jurong East ActiveSG Gym,29%
2026-09-19T02:45:13.778971+00:00,Jurong Lake Gardens ActiveSG Gym,33%
2026-09-19T02:45:13.778971+00:00,Jurong West ActiveSG Gym,24%
2026-09-19T02:45:13.778971+00:00,Katong ActiveSG Gym,46%
2026-09-19T02:45:13.778971+00:00,Pasir Ris ActiveSG Gym,42%
2026-09-19T02:45:13.778971+00:00,Queenstown ActiveSG Gym,37%
2026-09-19T02:45:13.778971+00:00,Sengkang ActiveSG Gym,54%
2026-09-19T02:45:13.778971+00:00,Senja-Cashew ActiveSG Gym,43%
2026-09-19T02:45:13.778971+00:00,Tampines ActiveSG Gym,49%
2026-09-19T02:45:13.778971+00:00,Woodlands ActiveSG Gym,44%
2026-09-19T02:45:13.778971+00:00,Yio Chu Kang ActiveSG Gym,30%
2026-09-19T02:45:13.778971+00:00,Yishun ActiveSG Gym,48%
2026-09-19T03:00:13.601482+00:00,ActiveSG Gym @ Ang Mo Kio Community Centre,35%
2026-09-19T03:00:13.601482+00:00,ActiveSG Gym @ Enabling Village,36%
2026-09-19T03:00:13.601482+00:00,ActiveSG Gym @ Fernvale Square,52%
2026-09-19T03:00:13.601482+00:00,ActiveSG Gym @ Serangoon Central,80%
2026-09-19T03:00:13.601482+00:00,ActiveSG Gym @ Toa Payoh,49%
2026-09-19T03:00:13.601482+00:00,ActiveSG Gym @ Toa Payoh West Community Centre,25%
2026-09-19T03:00:13.601482+00:00,ActiveSG Hockey Village @ Boon Lay Gym,26%
2026-09-19T03:00:13.601482+00:00,ActiveSG Sport Park @ Teck Ghee ActiveSG Gym,36%
2026-09-19T03:00:13.601482+00:00,Bishan ActiveSG Gym,35%
2026-09-19T03:00:13.601482+00:00,Bukit Batok ActiveSG Gym,50%
2026-09-19T03:00:13.601482+00:00,Bukit Canberra ActiveSG Gym,57%
2026-09-19T03:00:13.601482+00:00,Bukit Gombak ActiveSG Gym,51%
2026-09-19T03:00:13.601482+00:00,Choa Chu Kang ActiveSG Gym,65%
2026-09-19T03:00:13.601482+00:00,Clementi ActiveSG Gym,61%
2026-09-19T03:00:13.601482+00:00,Delta ActiveSG Gym,49%
2026-09-19T03:00:13.601482+00:00,Heartbeat @ Bedok ActiveSG Gym,48%
2026-09-19T03:00:13.601482+00:00,Hougang ActiveSG Gym,32%
2026-09-19T03:00:13.601482+00:00,Jalan Besar ActiveSG Gym,56%
2026-09-19T03:00:13.601482+00:00,Jurong East ActiveSG Gym,19%
2026-09-19T03:00:13.601482+00:00,Jurong Lake Gardens ActiveSG Gym,37%
2026-09-19T03:00:13.601482+00:00,Jurong West ActiveSG Gym,23%
2026-09-19T03:00:13.601482+00:00,Katong ActiveSG Gym,43%
2026-09-19T03:00:13.601482+00:00,Pasir Ris ActiveSG Gym,44%
2026-09-19T03:00:13.601482+00:00,Queenstown ActiveSG Gym,40%
2026-09-19T03:00:13.601482+00:00,Sengkang ActiveSG Gym,58%
2026-09-19T03:00:13.601482+00:00,Senja-Cashew ActiveSG Gym,43%
2026-09-19T03:00:13.601482+00:00,Tampines ActiveSG Gym,46%
2026-09-19T03:00:13.601482+00:00,Woodlands ActiveSG Gym,46%
2026-09-19T03:00:13.601482+00:00,Yio Chu Kang ActiveSG Gym,29%
2026-09-19T03:00:13.601482+00:00,Yishun ActiveSG Gym,44%
2026-09-19T03:15:13.809311+00:00,ActiveSG Gym @ Ang Mo Kio Community Centre,53%
2026-09-19T03:15:13.809311+00:00,ActiveSG Gym @ Enabling Village,44%
2026-09-19T03:15:13.809311+00:00,ActiveSG Gym @ Fernvale Square,40%
2026-09-19T03:15:13.809311+00:00,ActiveSG Gym @ Serangoon Central,90%
2026-09-19T03:15:13.809311+00:00,ActiveSG Gym @ Toa Payoh,51%
2026-09-19T03:15:13.809311+00:00,ActiveSG Gym @ Toa Payoh West Community Centre,24%
2026-09-19T03:15:13.809311+00:00,ActiveSG Hockey Village @ Boon Lay Gym,26%
2026-09-19T03:15:13.809311+00:00,ActiveSG Sport Park @ Teck Ghee ActiveSG Gym,37%
2026-09-19T03:15:13.809311+00:00,Bishan ActiveSG Gym,32%
2026-09-19T03:15:13.809311+00:00,Bukit Batok ActiveSG Gym,55%
2026-09-19T03:15:13.809311+00:00,Bukit Canberra ActiveSG Gym,57%
2026-09-19T03:15:13.809311+00:00,Bukit Gombak ActiveSG Gym,60%
2026-09-19T03:15:13.809311+00:00,Choa Chu Kang ActiveSG Gym,65%
2026-09-19T03:15:13.809311+00:00,Clementi ActiveSG Gym,68%
2026-09-19T03:15:13.809311+00:00,Delta ActiveSG Gym,50%
2026-09-19T03:15:13.809311+00:00,Heartbeat @ Bedok ActiveSG Gym,51%
2026-09-19T03:15:13.809311+00:00,Hougang ActiveSG Gym,37%
2026-09-19T03:15:13.809311+00:00,Jalan Besar ActiveSG Gym,59%
2026-09-19T03:15:13.809311+00:00,Jurong East ActiveSG Gym,18%
2026-09-19T03:15:13.809311+00:00,Jurong Lake Gardens ActiveSG Gym,42%
2026-09-19T03:15:13.809311+00:00,Jurong West ActiveSG Gym,23%
2026-09-19T03:15:13.809311+00:00,Katong ActiveSG Gym,43%
2026-09-19T03:15:13.809311+00:00,Pasir Ris ActiveSG Gym,43%
2026-09-19T03:15:13.809311+00:00,Queenstown ActiveSG Gym,40%
2026-09-19T03:15:13.809311+00:00,Sengkang ActiveSG Gym,56%
2026-09-19T03:15:13.809311+00:00,Senja-Cashew ActiveSG Gym,45%
2026-09-19T03:15:13.809311+00:00,Tampines ActiveSG Gym,49%
2026-09-19T03:15:13.809311+00:00,Woodlands ActiveSG Gym,49%
2026-09-19T03:15:13.809311+00:00,Yio Chu Kang ActiveSG Gym,34%
2026-09-19T03:15:13.809311+00:00,Yishun ActiveSG Gym,42%
2026-09-19T03:30:13.951722+00:00,ActiveSG Gym @ Ang Mo Kio Community Centre,57%
2026-09-19T03:30:13.951722+00:00,ActiveSG Gym @ Enabling Village,22%
2026-09-19T03:30:13.951722+00:00,ActiveSG Gym @ Fernvale Square,42%
2026-09-19T03:30:13.951722+00:00,ActiveSG Gym @ Serangoon Central,63%
2026-09-19T03:30:13.951722+00:00,ActiveSG Gym @ Toa Payoh,50%
2026-09-19T03:30:13.951722+00:00,ActiveSG Gym @ Toa Payoh West Community Centre,20%
2026-09-19T03:30:13.951722+00:00,ActiveSG Hockey Village @ Boon Lay Gym,28%
2026-09-19T03:30:13.951722+00:00,ActiveSG Sport Park @ Teck Ghee ActiveSG Gym,35%
2026-09-19T03:30:13.951722+00:00,Bishan ActiveSG Gym,35%
2026-09-19T03:30:13.951722+00:00,Bukit Batok ActiveSG Gym,50%
2026-09-19T03:30:13.951722+00:00,Bukit Canberra ActiveSG Gym,52%
2026-09-19T03:30:13.951722+00:00,Bukit Gombak ActiveSG Gym,60%
2026-09-19T03:30:13.951722+00:00,Choa Chu Kang ActiveSG Gym,76%
2026-09-19T03:30:13.951722+00:00,Clementi ActiveSG Gym,68%
2026-09-19T03:30:13.951722+00:00,Delta ActiveSG Gym,49%
2026-09-19T03:30:13.951722+00:00,Heartbeat @ Bedok ActiveSG Gym,47%
2026-09-19T03:30:13.951722+00:00,Hougang ActiveSG Gym,38%
2026-09-19T03:30:13.951722+00:00,Jalan Besar ActiveSG Gym,51%
2026-09-19T03:30:13.951722+00:00,Jurong East ActiveSG Gym,19%
2026-09-19T03:30:13.951722+00:00,Jurong Lake Gardens ActiveSG Gym,44%
2026-09-19T03:30:13.951722+00:00,Jurong West ActiveSG Gym,26%
2026-09-19T03:30:13.951722+00:00,Katong ActiveSG Gym,43%
2026-09-19T03:30:13.951722+00:00,Pasir Ris ActiveSG Gym,37%
2026-09-19T03:30:13.951722+00:00,Queenstown ActiveSG Gym,40%
2026-09-19T03:30:13.951722+00:00,Sengkang ActiveSG Gym,58%
2026-09-19T03:30:13.951722+00:00,Senja-Cashew ActiveSG Gym,40%
2026-09-19T03:30:13.951722+00:00,Tampines ActiveSG Gym,52%
2026-09-19T03:30:13.951722+00:00,Woodlands ActiveSG Gym,48%
2026-09-19T03:30:13.951722+00:00,Yio Chu Kang ActiveSG Gym,32%
2026-09-19T03:30:13.951722+00:00,Yishun ActiveSG Gym,46%
2026-09-19T03:45:11.998713+00:00,ActiveSG Gym @ Ang Mo Kio Community Centre,35%
2026-09-19T03:45:11.998713+00:00,ActiveSG Gym @ Enabling Village,22%
2026-09-19T03:45:11.998713+00:00,ActiveSG Gym @ Fernvale Square,47%
2026-09-19T03:45:11.998713+00:00,ActiveSG Gym @ Serangoon Central,70%
2026-09-19T03:45:11.998713+00:00,ActiveSG Gym @ Toa Payoh,54%
2026-09-19T03:45:11.998713+00:00,ActiveSG Gym @ Toa Payoh West Community Centre,19%
2026-09-19T03:45:11.998713+00:00,ActiveSG Hockey Village @ Boon Lay Gym,30%
2026-09-19T03:45:11.998713+00:00,ActiveSG Sport Park @ Teck Ghee ActiveSG Gym,35%
2026-09-19T03:45:11.998713+00:00,Bishan ActiveSG Gym,33%
2026-09-19T03:45:11.998713+00:00,Bukit Batok ActiveSG Gym,48%
2026-09-19T03:45:11.998713+00:00,Bukit Canberra ActiveSG Gym,49%
2026-09-19T03:45:11.998713+00:00,Bukit Gombak ActiveSG Gym,57%
2026-09-19T03:45:11.998713+00:00,Choa Chu Kang ActiveSG Gym,69%
2026-09-19T03:45:11.998713+00:00,Clementi ActiveSG Gym,80%
2026-09-19T03:45:11.998713+00:00,Delta ActiveSG Gym,50%
2026-09-19T03:45:11.998713+00:00,Heartbeat @ Bedok ActiveSG Gym,45%
2026-09-19T03:45:11.998713+00:00,Hougang ActiveSG Gym,40%
2026-09-19T03:45:11.998713+00:00,Jalan Besar ActiveSG Gym,55%
2026-09-19T03:45:11.998713+00:00,Jurong East ActiveSG Gym,19%
2026-09-19T03:45:11.998713+00:00,Jurong Lake Gardens ActiveSG Gym,41%
2026-09-19T03:45:11.998713+00:00,Jurong West ActiveSG Gym,26%
2026-09-19T03:45:11.998713+00:00,Katong ActiveSG Gym,43%
2026-09-19T03:45:11.998713+00:00,Pasir Ris ActiveSG Gym,34%
2026-09-19T03:45:11.998713+00:00,Queenstown ActiveSG Gym,42%
2026-09-19T03:45:11.998713+00:00,Sengkang ActiveSG Gym,54%
2026-09-19T03:45:11.998713+00:00,Senja-Cashew ActiveSG Gym,54%
2026-09-19T03:45:11.998713+00:00,Tampines ActiveSG Gym,57%
2026-09-19T03:45:11.998713+00:00,Woodlands ActiveSG Gym,45%
2026-09-19T03:45:11.998713+00:00,Yio Chu Kang ActiveSG Gym,25%
2026-09-19T03:45:11.998713+00:00,Yishun ActiveSG Gym,40%
2026-09-19T04:00:09.142471+00:00,ActiveSG Gym @ Ang Mo Kio Community Centre,48%
2026-09-19T04:00:09.142471+00:00,ActiveSG Gym @ Enabling Village,27%
2026-09-19T04:00:09.142471+00:00,ActiveSG Gym @ Fernvale Square,50%
2026-09-19T04:00:09.142471+00:00,ActiveSG Gym @ Serangoon Central,63%
2026-09-19T04:00:09.142471+00:00,ActiveSG Gym @ Toa Payoh,57%
2026-09-19T04:00:09.142471+00:00,ActiveSG Gym @ Toa Payoh West Community Centre,20%
2026-09-19T04:00:09.142471+00:00,ActiveSG Hockey Village @ Boon Lay Gym,27%
2026-09-19T04:00:09.142471+00:00,ActiveSG Sport Park @ Teck Ghee ActiveSG Gym,31%
2026-09-19T04:00:09.142471+00:00,Bishan ActiveSG Gym,33%
2026-09-19T04:00:09.142471+00:00,Bukit Batok ActiveSG Gym,55%
2026-09-19T04:00:09.142471+00:00,Bukit Canberra ActiveSG Gym,51%
2026-09-19T04:00:09.142471+00:00,Bukit Gombak ActiveSG Gym,58%
2026-09-19T04:00:09.142471+00:00,Choa Chu Kang ActiveSG Gym,72%
2026-09-19T04:00:09.142471+00:00,Clementi ActiveSG Gym,75%
2026-09-19T04:00:09.142471+00:00,Delta ActiveSG Gym,53%
2026-09-19T04:00:09.142471+00:00,Heartbeat @ Bedok ActiveSG Gym,46%
2026-09-19T04:00:09.142471+00:00,Hougang ActiveSG Gym,37%
2026-09-19T04:00:09.142471+00:00,Jalan Besar ActiveSG Gym,54%
2026-09-19T04:00:09.142471+00:00,Jurong East ActiveSG Gym,19%
2026-09-19T04:00:09.142471+00:00,Jurong Lake Gardens ActiveSG Gym,41%
2026-09-19T04:00:09.142471+00:00,Jurong West ActiveSG Gym,27%
2026-09-19T04:00:09.142471+00:00,Katong ActiveSG Gym,43%
2026-09-19T04:00:09.142471+00:00,Pasir Ris ActiveSG Gym,30%
2026-09-19T04:00:09.142471+00:00,Queenstown ActiveSG Gym,43%
2026-09-19T04:00:09.142471+00:00,Sengkang ActiveSG Gym,49%
2026-09-19T04:00:09.142471+00:00,Senja-Cashew ActiveSG Gym,55%
2026-09-19T04:00:09.142471+00:00,Tampines ActiveSG Gym,58%
2026-09-19T04:00:09.142471+00:00,Woodlands ActiveSG Gym,42%
2026-09-19T04:00:09.142471+00:00,Yio Chu Kang ActiveSG Gym,26%
2026-09-19T04:00:09.142471+00:00,Yishun ActiveSG Gym,36%
2026-09-19T04:15:14.188250+00:00,ActiveSG Gym @ Ang Mo Kio Community Centre,52%
2026-09-19T04:15:14.188250+00:00,ActiveSG Gym @ Enabling Village,27%
2026-09-19T04:15:14.188250+00:00,ActiveSG Gym @ Fernvale Square,52%
2026-09-19T04:15:14.188250+00:00,ActiveSG Gym @ Serangoon Central,63%
2026-09-19T04:15:14.188250+00:00,ActiveSG Gym @ Toa Payoh,59%
2026-09-19T04:15:14.188250+00:00,ActiveSG Gym @ Toa Payoh West Community Centre,24%
2026-09-19T04:15:14.188250+00:00,ActiveSG Hockey Village @ Boon Lay Gym,29%
2026-09-19T04:15:14.188250+00:00,ActiveSG Sport Park @ Teck Ghee ActiveSG Gym,28%
2026-09-19T04:15:14.188250+00:00,Bishan ActiveSG Gym,33%
2026-09-19T04:15:14.188250+00:00,Bukit Batok ActiveSG Gym,50%
2026-09-19T04:15:14.188250+00:00,Bukit Canberra ActiveSG Gym,48%
2026-09-19T04:15:14.188250+00:00,Bukit Gombak ActiveSG Gym,51%
2026-09-19T04:15:14.188250+00:00,Choa Chu Kang ActiveSG Gym,65%
2026-09-19T04:15:14.188250+00:00,Clementi ActiveSG Gym,62%
2026-09-19T04:15:14.188250+00:00,Delta ActiveSG Gym,55%
2026-09-19T04:15:14.188250+00:00,Heartbeat @ Bedok ActiveSG Gym,50%
2026-09-19T04:15:14.188250+00:00,Hougang ActiveSG Gym,32%
2026-09-19T04:15:14.188250+00:00,Jalan Besar ActiveSG Gym,56%
2026-09-19T04:15:14.188250+00:00,Jurong East ActiveSG Gym,26%
2026-09-19T04:15:14.188250+00:00,Jurong Lake Gardens ActiveSG Gym,39%
2026-09-19T04:15:14.188250+00:00,Jurong West ActiveSG Gym,26%
2026-09-19T04:15:14.188250+00:00,Katong ActiveSG Gym,40%
2026-09-19T04:15:14.188250+00:00,Pasir Ris ActiveSG Gym,27%
2026-09-19T04:15:14.188250+00:00,Queenstown ActiveSG Gym,44%
2026-09-19T04:15:14.188250+00:00,Sengkang ActiveSG Gym,43%
2026-09-19T04:15:14.188250+00:00,Senja-Cashew ActiveSG Gym,54%
2026-09-19T04:15:14.188250+00:00,Tampines ActiveSG Gym,56%
2026-09-19T04:15:14.188250+00:00,Woodlands ActiveSG Gym,36%
2026-09-19T04:15:14.188250+00:00,Yio Chu Kang ActiveSG Gym,21%
2026-09-19T04:15:14.188250+00:00,Yishun ActiveSG Gym,31%
2026-09-19T04:30:13.666253+00:00,ActiveSG Gym @ Ang Mo Kio Community Centre,35%
2026-09-19T04:30:13.666253+00:00,ActiveSG Gym @ Enabling Village,24%
2026-09-19T04:30:13.666253+00:00,ActiveSG Gym @ Fernvale Square,53%
2026-09-19T04:30:13.666253+00:00,ActiveSG Gym @ Serangoon Central,53%
2026-09-19T04:30:13.666253+00:00,ActiveSG Gym @ Toa Payoh,57%
2026-09-19T04:30:13.666253+00:00,ActiveSG Gym @ Toa Payoh West Community Centre,25%
2026-09-19T04:30:13.666253+00:00,ActiveSG Hockey Village @ Boon Lay Gym,28%
2026-09-19T04:30:13.666253+00:00,ActiveSG Sport Park @ Teck Ghee ActiveSG Gym,27%
2026-09-19T04:30:13.666253+00:00,Bishan ActiveSG Gym,33%
2026-09-19T04:30:13.666253+00:00,Bukit Batok ActiveSG Gym,50%
2026-09-19T04:30:13.666253+00:00,Bukit Canberra ActiveSG Gym,50%
2026-09-19T04:30:13.666253+00:00,Bukit Gombak ActiveSG Gym,43%
2026-09-19T04:30:13.666253+00:00,Choa Chu Kang ActiveSG Gym,61%
2026-09-19T04:30:13.666253+00:00,Clementi ActiveSG Gym,47%
2026-09-19T04:30:13.666253+00:00,Delta ActiveSG Gym,58%
2026-09-19T04:30:13.666253+00:00,Heartbeat @ Bedok ActiveSG Gym,54%
2026-09-19T04:30:13.666253+00:00,Hougang ActiveSG Gym,34%
2026-09-19T04:30:13.666253+00:00,Jalan Besar ActiveSG Gym,54%
2026-09-19T04:30:13.666253+00:00,Jurong East ActiveSG Gym,26%
2026-09-19T04:30:13.666253+00:00,Jurong Lake Gardens ActiveSG Gym,28%
2026-09-19T04:30:13.666253+00:00,Jurong West ActiveSG Gym,26%
2026-09-19T04:30:13.666253+00:00,Katong ActiveSG Gym,40%
2026-09-19T04:30:13.666253+00:00,Pasir Ris ActiveSG Gym,27%
2026-09-19T04:30:13.666253+00:00,Queenstown ActiveSG Gym,41%
2026-09-19T04:30:13.666253+00:00,Sengkang ActiveSG Gym,38%
2026-09-19T04:30:13.666253+00:00,Senja-Cashew ActiveSG Gym,60%
2026-09-19T04:30:13.666253+00:00,Tampines ActiveSG Gym,51%
2026-09-19T04:30:13.666253+00:00,Woodlands ActiveSG Gym,32%
2026-09-19T04:30:13.666253+00:00,Yio Chu Kang ActiveSG Gym,22%
2026-09-19T04:30:13.666253+00:00,Yishun ActiveSG Gym,31%
2026-09-19T04:45:13.680614+00:00,ActiveSG Gym @ Ang Mo Kio Community Centre,35%
2026-09-19T04:45:13.680614+00:00,ActiveSG Gym @ Enabling Village,22%
2026-09-19T04:45:13.680614+00:00,ActiveSG Gym @ Fernvale Square,42%
2026-09-19T04:45:13.680614+00:00,ActiveSG Gym @ Serangoon Central,60%
2026-09-19T04:45:13.680614+00:00,ActiveSG Gym @ Toa Payoh,59%
2026-09-19T04:45:13.680614+00:00,ActiveSG Gym @ Toa Payoh West Community Centre,23%
2026-09-19T04:45:13.680614+00:00,ActiveSG Hockey Village @ Boon Lay Gym,26%
2026-09-19T04:45:13.680614+00:00,ActiveSG Sport Park @ Teck Ghee ActiveSG Gym,28%
2026-09-19T04:45:13.680614+00:00,Bishan ActiveSG Gym,29%
2026-09-19T04:45:13.680614+00:00,Bukit Batok ActiveSG Gym,50%
2026-09-19T04:45:13.680614+00:00,Bukit Canberra ActiveSG Gym,53%
2026-09-19T04:45:13.680614+00:00,Bukit Gombak ActiveSG Gym,43%
2026-09-19T04:45:13.680614+00:00,Choa Chu Kang ActiveSG Gym,57%
2026-09-19T04:45:13.680614+00:00,Clementi ActiveSG Gym,47%
2026-09-19T04:45:13.680614+00:00,Delta ActiveSG Gym,38%
2026-09-19T04:45:13.680614+00:00,Heartbeat @ Bedok ActiveSG Gym,53%
2026-09-19T04:45:13.680614+00:00,Hougang ActiveSG Gym,38%
2026-09-19T04:45:13.680614+00:00,Jalan Besar ActiveSG Gym,48%
2026-09-19T04:45:13.680614+00:00,Jurong East ActiveSG Gym,26%
2026-09-19T04:45:13.680614+00:00,Jurong Lake Gardens ActiveSG Gym,28%
2026-09-19T04:45:13.680614+00:00,Jurong West ActiveSG Gym,26%
2026-09-19T04:45:13.680614+00:00,Katong ActiveSG Gym,40%
2026-09-19T04:45:13.680614+00:00,Pasir Ris ActiveSG Gym,30%
2026-09-19T04:45:13.680614+00:00,Queenstown ActiveSG Gym,40%
2026-09-19T04:45:13.680614+00:00,Sengkang ActiveSG Gym,39%
2026-09-19T04:45:13.680614+00:00,Senja-Cashew ActiveSG Gym,54%
2026-09-19T04:45:13.680614+00:00,Tampines ActiveSG Gym,51%
2026-09-19T04:45:13.680614+00:00,Woodlands ActiveSG Gym,34%
2026-09-19T04:45:13.680614+00:00,Yio Chu Kang ActiveSG Gym,25%
2026-09-19T04:45:13.680614+00:00,Yishun ActiveSG Gym,26%
2026-09-19T05:00:13.785152+00:00,ActiveSG Gym @ Ang Mo Kio Community Centre,30%
2026-09-19T05:00:13.785152+00:00,ActiveSG Gym @ Enabling Village,22%
2026-09-19T05:00:13.785152+00:00,ActiveSG Gym @ Fernvale Square,42%
2026-09-19T05:00:13.785152+00:00,ActiveSG Gym @ Serangoon Central,43%
2026-09-19T05:00:13.785152+00:00,ActiveSG Gym @ Toa Payoh,55%
2026-09-19T05:00:13.785152+00:00,ActiveSG Gym @ Toa Payoh West Community Centre,21%
2026-09-19T05:00:13.785152+00:00,ActiveSG Hockey Village @ Boon Lay Gym,27%
2026-09-19T05:00:13.785152+00:00,ActiveSG Sport Park @ Teck Ghee ActiveSG Gym,27%
2026-09-19T05:00:13.785152+00:00,Bishan ActiveSG Gym,35%
2026-09-19T05:00:13.785152+00:00,Bukit Batok ActiveSG Gym,50%
2026-09-19T05:00:13.785152+00:00,Bukit Canberra ActiveSG Gym,57%
2026-09-19T05:00:13.785152+00:00,Bukit Gombak ActiveSG Gym,43%
2026-09-19T05:00:13.785152+00:00,Choa Chu Kang ActiveSG Gym,57%
2026-09-19T05:00:13.785152+00:00,Clementi ActiveSG Gym,42%
2026-09-19T05:00:13.785152+00:00,Delta ActiveSG Gym,34%
2026-09-19T05:00:13.785152+00:00,Heartbeat @ Bedok ActiveSG Gym,54%
2026-09-19T05:00:13.785152+00:00,Hougang ActiveSG Gym,35%
2026-09-19T05:00:13.785152+00:00,Jalan Besar ActiveSG Gym,59%
2026-09-19T05:00:13.785152+00:00,Jurong East ActiveSG Gym,26%
2026-09-19T05:00:13.785152+00:00,Jurong Lake Gardens ActiveSG Gym,27%
2026-09-19T05:00:13.785152+00:00,Jurong West ActiveSG Gym,25%
2026-09-19T05:00:13.785152+00:00,Katong ActiveSG Gym,40%
2026-09-19T05:00:13.785152+00:00,Pasir Ris ActiveSG Gym,30%
2026-09-19T05:00:13.785152+00:00,Queenstown ActiveSG Gym,37%
2026-09-19T05:00:13.785152+00:00,Sengkang ActiveSG Gym,43%
2026-09-19T05:00:13.785152+00:00,Senja-Cashew ActiveSG Gym,49%
2026-09-19T05:00:13.785152+00:00,Tampines ActiveSG Gym,47%
2026-09-19T05:00:13.785152+00:00,Woodlands ActiveSG Gym,34%
2026-09-19T05:00:13.785152+00:00,Yio Chu Kang ActiveSG Gym,23%
2026-09-19T05:00:13.785152+00:00,Yishun ActiveSG Gym,23%
2026-09-19T05:15:14.407947+00:00,ActiveSG Gym @ Ang Mo Kio Community Centre,18%
2026-09-19T05:15:14.407947+00:00,ActiveSG Gym @ Enabling Village,24%
2026-09-19T05:15:14.407947+00:00,ActiveSG Gym @ Fernvale Square,23%
2026-09-19T05:15:14.407947+00:00,ActiveSG Gym @ Serangoon Central,27%
2026-09-19T05:15:14.407947+00:00,ActiveSG Gym @ Toa Payoh,39%
2026-09-19T05:15:14.407947+00:00,ActiveSG Gym @ Toa Payoh West Community Centre,19%
2026-09-19T05:15:14.407947+00:00,ActiveSG Hockey Village @ Boon Lay Gym,25%
2026-09-19T05:15:14.407947+00:00,ActiveSG Sport Park @ Teck Ghee ActiveSG Gym,28%
2026-09-19T05:15:14.407947+00:00,Bishan ActiveSG Gym,35%
2026-09-19T05:15:14.407947+00:00,Bukit Batok ActiveSG Gym,50%
2026-09-19T05:15:14.407947+00:00,Bukit Canberra ActiveSG Gym,52%
2026-09-19T05:15:14.407947+00:00,Bukit Gombak ActiveSG Gym,43%
2026-09-19T05:15:14.407947+00:00,Choa Chu Kang ActiveSG Gym,53%
2026-09-19T05:15:14.407947+00:00,Clementi ActiveSG Gym,34%
2026-09-19T05:15:14.407947+00:00,Delta ActiveSG Gym,34%
2026-09-19T05:15:14.407947+00:00,Heartbeat @ Bedok ActiveSG Gym,55%
2026-09-19T05:15:14.407947+00:00,Hougang ActiveSG Gym,37%
2026-09-19T05:15:14.407947+00:00,Jalan Besar ActiveSG Gym,61%
2026-09-19T05:15:14.407947+00:00,Jurong East ActiveSG Gym,26%
2026-09-19T05:15:14.407947+00:00,Jurong Lake Gardens ActiveSG Gym,26%
2026-09-19T05:15:14.407947+00:00,Jurong West ActiveSG Gym,25%
2026-09-19T05:15:14.407947+00:00,Katong ActiveSG Gym,37%
2026-09-19T05:15:14.407947+00:00,Pasir Ris ActiveSG Gym,32%
2026-09-19T05:15:14.407947+00:00,Queenstown ActiveSG Gym,35%
2026-09-19T05:15:14.407947+00:00,Sengkang ActiveSG Gym,46%
2026-09-19T05:15:14.407947+00:00,Senja-Cashew ActiveSG Gym,40%
2026-09-19T05:15:14.407947+00:00,Tampines ActiveSG Gym,40%
2026-09-19T05:15:14.407947+00:00,Woodlands ActiveSG Gym,38%
2026-09-19T05:15:14.407947+00:00,Yio Chu Kang ActiveSG Gym,23%
2026-09-19T05:15:14.407947+00:00,Yishun ActiveSG Gym,15%
2026-09-19T05:30:13.761499+00:00,ActiveSG Gym @ Ang Mo Kio Community Centre,20%
2026-09-19T05:30:13.761499+00:00,ActiveSG Gym @ Enabling Village,24%
2026-09-19T05:30:13.761499+00:00,ActiveSG Gym @ Fernvale Square,27%
2026-09-19T05:30:13.761499+00:00,ActiveSG Gym @ Serangoon Central,27%
2026-09-19T05:30:13.761499+00:00,ActiveSG Gym @ Toa Payoh,35%
2026-09-19T05:30:13.761499+00:00,ActiveSG Gym @ Toa Payoh West Community Centre,11%
2026-09-19T05:30:13.761499+00:00,ActiveSG Hockey Village @ Boon Lay Gym,26%
2026-09-19T05:30:13.761499+00:00,ActiveSG Sport Park @ Teck Ghee ActiveSG Gym,29%
2026-09-19T05:30:13.761499+00:00,Bishan ActiveSG Gym,35%
2026-09-19T05:30:13.761499+00:00,Bukit Batok ActiveSG Gym,40%
2026-09-19T05:30:13.761499+00:00,Bukit Canberra ActiveSG Gym,54%
2026-09-19T05:30:13.761499+00:00,Bukit Gombak ActiveSG Gym,37%
2026-09-19T05:30:13.761499+00:00,Choa Chu Kang ActiveSG Gym,48%
2026-09-19T05:30:13.761499+00:00,Clementi ActiveSG Gym,33%
2026-09-19T05:30:13.761499+00:00,Delta ActiveSG Gym,38%
2026-09-19T05:30:13.761499+00:00,Heartbeat @ Bedok ActiveSG Gym,56%
2026-09-19T05:30:13.761499+00:00,Hougang ActiveSG Gym,38%
2026-09-19T05:30:13.761499+00:00,Jalan Besar ActiveSG Gym,56%
2026-09-19T05:30:13.761499+00:00,Jurong East ActiveSG Gym,26%
2026-09-19T05:30:13.761499+00:00,Jurong Lake Gardens ActiveSG Gym,19%
2026-09-19T05:30:13.761499+00:00,Jurong West ActiveSG Gym,23%
2026-09-19T05:30:13.761499+00:00,Katong ActiveSG Gym,40%
2026-09-19T05:30:13.761499+00:00,Pasir Ris ActiveSG Gym,32%
2026-09-19T05:30:13.761499+00:00,Queenstown ActiveSG Gym,37%
2026-09-19T05:30:13.761499+00:00,Sengkang ActiveSG Gym,48%
2026-09-19T05:30:13.761499+00:00,Senja-Cashew ActiveSG Gym,34%
2026-09-19T05:30:13.761499+00:00,Tampines ActiveSG Gym,40%
2026-09-19T05:30:13.761499+00:00,Woodlands ActiveSG Gym,41%
2026-09-19T05:30:13.761499+00:00,Yio Chu Kang ActiveSG Gym,21%
2026-09-19T05:30:13.761499+00:00,Yishun ActiveSG Gym,16%
2026-09-19T05:45:14.328268+00:00,ActiveSG Gym @ Ang Mo Kio Community Centre,25%
2026-09-19T05:45:14.328268+00:00,ActiveSG Gym @ Enabling Village,20%
2026-09-19T05:45:14.328268+00:00,ActiveSG Gym @ Fernvale Square,30%
2026-09-19T05:45:14.328268+00:00,ActiveSG Gym @ Serangoon Central,27%
2026-09-19T05:45:14.328268+00:00,ActiveSG Gym @ Toa Payoh,32%
2026-09-19T05:45:14.328268+00:00,ActiveSG Gym @ Toa Payoh West Community Centre,15%
2026-09-19T05:45:14.328268+00:00,ActiveSG Hockey Village @ Boon Lay Gym,24%
2026-09-19T05:45:14.328268+00:00,ActiveSG Sport Park @ Teck Ghee ActiveSG Gym,33%
2026-09-19T05:45:14.328268+00:00,Bishan ActiveSG Gym,35%
2026-09-19T05:45:14.328268+00:00,Bukit Batok ActiveSG Gym,40%
2026-09-19T05:45:14.328268+00:00,Bukit Canberra ActiveSG Gym,47%
2026-09-19T05:45:14.328268+00:00,Bukit Gombak ActiveSG Gym,42%
2026-09-19T05:45:14.328268+00:00,Choa Chu Kang ActiveSG Gym,35%
2026-09-19T05:45:14.328268+00:00,Clementi ActiveSG Gym,34%
2026-09-19T05:45:14.328268+00:00,Delta ActiveSG Gym,34%
2026-09-19T05:45:14.328268+00:00,Heartbeat @ Bedok ActiveSG Gym,57%
2026-09-19T05:45:14.328268+00:00,Hougang ActiveSG Gym,35%
2026-09-19T05:45:14.328268+00:00,Jalan Besar ActiveSG Gym,56%
2026-09-19T05:45:14.328268+00:00,Jurong East ActiveSG Gym,21%
2026-09-19T05:45:14.328268+00:00,Jurong Lake Gardens ActiveSG Gym,22%
2026-09-19T05:45:14.328268+00:00,Jurong West ActiveSG Gym,20%
2026-09-19T05:45:14.328268+00:00,Katong ActiveSG Gym,42%
2026-09-19T05:45:14.328268+00:00,Pasir Ris ActiveSG Gym,30%
2026-09-19T05:45:14.328268+00:00,Queenstown ActiveSG Gym,37%
2026-09-19T05:45:14.328268+00:00,Sengkang ActiveSG Gym,53%
2026-09-19T05:45:14.328268+00:00,Senja-Cashew ActiveSG Gym,40%
2026-09-19T05:45:14.328268+00:00,Tampines ActiveSG Gym,44%
2026-09-19T05:45:14.328268+00:00,Woodlands ActiveSG Gym,37%
2026-09-19T05:45:14.328268+00:00,Yio Chu Kang ActiveSG Gym,19%
2026-09-19T05:45:14.328268+00:00,Yishun ActiveSG Gym,28%
2026-09-19T05:55:33.910155+00:00,ActiveSG Gym @ Ang Mo Kio Community Centre,25%
2026-09-19T05:55:33.910155+00:00,ActiveSG Gym @ Enabling Village,20%
2026-09-19T05:55:33.910155+00:00,ActiveSG Gym @ Fernvale Square,33%
2026-09-19T05:55:33.910155+00:00,ActiveSG Gym @ Serangoon Central,23%
2026-09-19T05:55:33.910155+00:00,ActiveSG Gym @ Toa Payoh,33%
2026-09-19T05:55:33.910155+00:00,ActiveSG Gym @ Toa Payoh West Community Centre,17%
2026-09-19T05:55:33.910155+00:00,ActiveSG Hockey Village @ Boon Lay Gym,22%
2026-09-19T05:55:33.910155+00:00,ActiveSG Sport Park @ Teck Ghee ActiveSG Gym,35%
2026-09-19T05:55:33.910155+00:00,Bishan ActiveSG Gym,35%
2026-09-19T05:55:33.910155+00:00,Bukit Batok ActiveSG Gym,40%
2026-09-19T05:55:33.910155+00:00,Bukit Canberra ActiveSG Gym,45%
2026-09-19T05:55:33.910155+00:00,Bukit Gombak ActiveSG Gym,41%
2026-09-19T05:55:33.910155+00:00,Choa Chu Kang ActiveSG Gym,37%
2026-09-19T05:55:33.910155+00:00,Clementi ActiveSG Gym,37%
2026-09-19T05:55:33.910155+00:00,Delta ActiveSG Gym,36%
2026-09-19T05:55:33.910155+00:00,Heartbeat @ Bedok ActiveSG Gym,56%
2026-09-19T05:55:33.910155+00:00,Hougang ActiveSG Gym,37%
2026-09-19T05:55:33.910155+00:00,Jalan Besar ActiveSG Gym,55%
2026-09-19T05:55:33.910155+00:00,Jurong East ActiveSG Gym,22%
2026-09-19T05:55:33.910155+00:00,Jurong Lake Gardens ActiveSG Gym,23%
2026-09-19T05:55:33.910155+00:00,Jurong West ActiveSG Gym,21%
2026-09-19T05:55:33.910155+00:00,Katong ActiveSG Gym,42%
2026-09-19T05:55:33.910155+00:00,Pasir Ris ActiveSG Gym,36%
2026-09-19T05:55:33.910155+00:00,Queenstown ActiveSG Gym,39%
2026-09-19T05:55:33.910155+00:00,Sengkang ActiveSG Gym,51%
2026-09-19T05:55:33.910155+00:00,Senja-Cashew ActiveSG Gym,38%
2026-09-19T05:55:33.910155+00:00,Tampines ActiveSG Gym,42%
2026-09-19T05:55:33.910155+00:00,Woodlands ActiveSG Gym,39%
2026-09-19T05:55:33.910155+00:00,Yio Chu Kang ActiveSG Gym,18%
2026-09-19T05:55:33.910155+00:00,Yishun ActiveSG Gym,29%
2026-09-19T06:00:14.020020+00:00,ActiveSG Gym @ Ang Mo Kio Community Centre,27%
2026-09-19T06:00:14.020020+00:00,ActiveSG Gym @ Enabling Village,20%
2026-09-19T06:00:14.020020+00:00,ActiveSG Gym @ Fernvale Square,33%
2026-09-19T06:00:14.020020+00:00,ActiveSG Gym @ Serangoon Central,27%
2026-09-19T06:00:14.020020+00:00,ActiveSG Gym @ Toa Payoh,34%
2026-09-19T06:00:14.020020+00:00,ActiveSG Gym @ Toa Payoh West Community Centre,17%
2026-09-19T06:00:14.020020+00:00,ActiveSG Hockey Village @ Boon Lay Gym,22%
2026-09-19T06:00:14.020020+00:00,ActiveSG Sport Park @ Teck Ghee ActiveSG Gym,37%
2026-09-19T06:00:14.020020+00:00,Bishan ActiveSG Gym,35%
2026-09-19T06:00:14.020020+00:00,Bukit Batok ActiveSG Gym,38%
2026-09-19T06:00:14.020020+00:00,Bukit Canberra ActiveSG Gym,44%
2026-09-19T06:00:14.020020+00:00,Bukit Gombak ActiveSG Gym,42%
2026-09-19T06:00:14.020020+00:00,Choa Chu Kang ActiveSG Gym,39%
2026-09-19T06:00:14.020020+00:00,Clementi ActiveSG Gym,35%
2026-09-19T06:00:14.020020+00:00,Delta ActiveSG Gym,37%
2026-09-19T06:00:14.020020+00:00,Heartbeat @ Bedok ActiveSG Gym,58%
2026-09-19T06:00:14.020020+00:00,Hougang ActiveSG Gym,35%
2026-09-19T06:00:14.020020+00:00,Jalan Besar ActiveSG Gym,55%
2026-09-19T06:00:14.020020+00:00,Jurong East ActiveSG Gym,22%
2026-09-19T06:00:14.020020+00:00,Jurong Lake Gardens ActiveSG Gym,21%
2026-09-19T06:00:14.020020+00:00,Jurong West ActiveSG Gym,21%
2026-09-19T06:00:14.020020+00:00,Katong ActiveSG Gym,42%
2026-09-19T06:00:14.020020+00:00,Pasir Ris ActiveSG Gym,37%
2026-09-19T06:00:14.020020+00:00,Queenstown ActiveSG Gym,42%
2026-09-19T06:00:14.020020+00:00,Sengkang ActiveSG Gym,52%
2026-09-19T06:00:14.020020+00:00,Senja-Cashew ActiveSG Gym,37%
2026-09-19T06:00:14.020020+00:00,Tampines ActiveSG Gym,43%
2026-09-19T06:00:14.020020+00:00,Woodlands ActiveSG Gym,42%
2026-09-19T06:00:14.020020+00:00,Yio Chu Kang ActiveSG Gym,20%
2026-09-19T06:00:14.020020+00:00,Yishun ActiveSG Gym,30%
2026-09-19T06:15:13.875497+00:00,ActiveSG Gym @ Ang Mo Kio Community Centre,28%
2026-09-19T06:15:13.875497+00:00,ActiveSG Gym @ Enabling Village,20%
2026-09-19T06:15:13.875497+00:00,ActiveSG Gym @ Fernvale Square,32%
2026-09-19T06:15:13.875497+00:00,ActiveSG Gym @ Serangoon Central,50%
2026-09-19T06:15:13.875497+00:00,ActiveSG Gym @ Toa Payoh,36%
2026-09-19T06:15:13.875497+00:00,ActiveSG Gym @ Toa Payoh West Community Centre,23%
2026-09-19T06:15:13.875497+00:00,ActiveSG Hockey Village @ Boon Lay Gym,23%
2026-09-19T06:15:13.875497+00:00,ActiveSG Sport Park @ Teck Ghee ActiveSG Gym,34%
2026-09-19T06:15:13.875497+00:00,Bishan ActiveSG Gym,33%
2026-09-19T06:15:13.875497+00:00,Bukit Batok ActiveSG Gym,28%
2026-09-19T06:15:13.875497+00:00,Bukit Canberra ActiveSG Gym,42%
2026-09-19T06:15:13.875497+00:00,Bukit Gombak ActiveSG Gym,46%
2026-09-19T06:15:13.875497+00:00,Choa Chu Kang ActiveSG Gym,37%
2026-09-19T06:15:13.875497+00:00,Clementi ActiveSG Gym,48%
2026-09-19T06:15:13.875497+00:00,Delta ActiveSG Gym,39%
2026-09-19T06:15:13.875497+00:00,Heartbeat @ Bedok ActiveSG Gym,60%
2026-09-19T06:15:13.875497+00:00,Hougang ActiveSG Gym,35%
2026-09-19T06:15:13.875497+00:00,Jalan Besar ActiveSG Gym,49%
2026-09-19T06:15:13.875497+00:00,Jurong East ActiveSG Gym,23%
2026-09-19T06:15:13.875497+00:00,Jurong Lake Gardens ActiveSG Gym,21%
2026-09-19T06:15:13.875497+00:00,Jurong West ActiveSG Gym,22%
2026-09-19T06:15:13.875497+00:00,Katong ActiveSG Gym,42%
2026-09-19T06:15:13.875497+00:00,Pasir Ris ActiveSG Gym,35%
2026-09-19T06:15:13.875497+00:00,Queenstown ActiveSG Gym,40%
2026-09-19T06:15:13.875497+00:00,Sengkang ActiveSG Gym,56%
2026-09-19T06:15:13.875497+00:00,Senja-Cashew ActiveSG Gym,34%
2026-09-19T06:15:13.875497+00:00,Tampines ActiveSG Gym,43%
2026-09-19T06:15:13.875497+00:00,Woodlands ActiveSG Gym,43%
2026-09-19T06:15:13.875497+00:00,Yio Chu Kang ActiveSG Gym,23%
2026-09-19T06:15:13.875497+00:00,Yishun ActiveSG Gym,31%
2026-09-19T06:30:13.829823+00:00,ActiveSG Gym @ Ang Mo Kio Community Centre,32%
2026-09-19T06:30:13.829823+00:00,ActiveSG Gym @ Enabling Village,20%
2026-09-19T06:30:13.829823+00:00,ActiveSG Gym @ Fernvale Square,33%
2026-09-19T06:30:13.829823+00:00,ActiveSG Gym @ Serangoon Central,50%
2026-09-19T06:30:13.829823+00:00,ActiveSG Gym @ Toa Payoh,36%
2026-09-19T06:30:13.829823+00:00,ActiveSG Gym @ Toa Payoh West Community Centre,24%
2026-09-19T06:30:13.829823+00:00,ActiveSG Hockey Village @ Boon Lay Gym,24%
2026-09-19T06:30:13.829823+00:00,ActiveSG Sport Park @ Teck Ghee ActiveSG Gym,34%
2026-09-19T06:30:13.829823+00:00,Bishan ActiveSG Gym,26%
2026-09-19T06:30:13.829823+00:00,Bukit Batok ActiveSG Gym,40%
2026-09-19T06:30:13.829823+00:00,Bukit Canberra ActiveSG Gym,41%
2026-09-19T06:30:13.829823+00:00,Bukit Gombak ActiveSG Gym,47%
2026-09-19T06:30:13.829823+00:00,Choa Chu Kang ActiveSG Gym,41%
2026-09-19T06:30:13.829823+00:00,Clementi ActiveSG Gym,52%
2026-09-19T06:30:13.829823+00:00,Delta ActiveSG Gym,45%
2026-09-19T06:30:13.829823+00:00,Heartbeat @ Bedok ActiveSG Gym,60%
2026-09-19T06:30:13.829823+00:00,Hougang ActiveSG Gym,37%
2026-09-19T06:30:13.829823+00:00,Jalan Besar ActiveSG Gym,47%
2026-09-19T06:30:13.829823+00:00,Jurong East ActiveSG Gym,22%
2026-09-19T06:30:13.829823+00:00,Jurong Lake Gardens ActiveSG Gym,24%
2026-09-19T06:30:13.829823+00:00,Jurong West ActiveSG Gym,21%
2026-09-19T06:30:13.829823+00:00,Katong ActiveSG Gym,42%
2026-09-19T06:30:13.829823+00:00,Pasir Ris ActiveSG Gym,35%
2026-09-19T06:30:13.829823+00:00,Queenstown ActiveSG Gym,42%
2026-09-19T06:30:13.829823+00:00,Sengkang ActiveSG Gym,58%
2026-09-19T06:30:13.829823+00:00,Senja-Cashew ActiveSG Gym,35%
2026-09-19T06:30:13.829823+00:00,Tampines ActiveSG Gym,46%
2026-09-19T06:30:13.829823+00:00,Woodlands ActiveSG Gym,43%
2026-09-19T06:30:13.829823+00:00,Yio Chu Kang ActiveSG Gym,23%
2026-09-19T06:30:13.829823+00:00,Yishun ActiveSG Gym,31%
2026-09-19T06:45:13.742559+00:00,ActiveSG Gym @ Ang Mo Kio Community Centre,33%
2026-09-19T06:45:13.742559+00:00,ActiveSG Gym @ Enabling Village,29%
2026-09-19T06:45:13.742559+00:00,ActiveSG Gym @ Fernvale Square,38%
2026-09-19T06:45:13.742559+00:00,ActiveSG Gym @ Serangoon Central,40%
2026-09-19T06:45:13.742559+00:00,ActiveSG Gym @ Toa Payoh,36%
2026-09-19T06:45:13.742559+00:00,ActiveSG Gym @ Toa Payoh West Community Centre,24%
2026-09-19T06:45:13.742559+00:00,ActiveSG Hockey Village @ Boon Lay Gym,25%
2026-09-19T06:45:13.742559+00:00,ActiveSG Sport Park @ Teck Ghee ActiveSG Gym,36%
2026-09-19T06:45:13.742559+00:00,Bishan ActiveSG Gym,35%
2026-09-19T06:45:13.742559+00:00,Bukit Batok ActiveSG Gym,40%
2026-09-19T06:45:13.742559+00:00,Bukit Canberra ActiveSG Gym,41%
2026-09-19T06:45:13.742559+00:00,Bukit Gombak ActiveSG Gym,47%
2026-09-19T06:45:13.742559+00:00,Choa Chu Kang ActiveSG Gym,41%
2026-09-19T06:45:13.742559+00:00,Clementi ActiveSG Gym,49%
2026-09-19T06:45:13.742559+00:00,Delta ActiveSG Gym,44%
2026-09-19T06:45:13.742559+00:00,Heartbeat @ Bedok ActiveSG Gym,61%
2026-09-19T06:45:13.742559+00:00,Hougang ActiveSG Gym,34%
2026-09-19T06:45:13.742559+00:00,Jalan Besar ActiveSG Gym,60%
2026-09-19T06:45:13.742559+00:00,Jurong East ActiveSG Gym,29%
2026-09-19T06:45:13.742559+00:00,Jurong Lake Gardens ActiveSG Gym,30%
2026-09-19T06:45:13.742559+00:00,Jurong West ActiveSG Gym,21%
2026-09-19T06:45:13.742559+00:00,Katong ActiveSG Gym,23%
2026-09-19T06:45:13.742559+00:00,Pasir Ris ActiveSG Gym,35%
2026-09-19T06:45:13.742559+00:00,Queenstown ActiveSG Gym,27%
2026-09-19T06:45:13.742559+00:00,Sengkang ActiveSG Gym,53%
2026-09-19T06:45:13.742559+00:00,Senja-Cashew ActiveSG Gym,37%
2026-09-19T06:45:13.742559+00:00,Tampines ActiveSG Gym,53%
2026-09-19T06:45:13.742559+00:00,Woodlands ActiveSG Gym,40%
2026-09-19T06:45:13.742559+00:00,Yio Chu Kang ActiveSG Gym,23%
2026-09-19T06:45:13.742559+00:00,Yishun ActiveSG Gym,32%
2026-09-19T07:00:13.688596+00:00,ActiveSG Gym @ Ang Mo Kio Community Centre,35%
2026-09-19T07:00:13.688596+00:00,ActiveSG Gym @ Enabling Village,20%
2026-09-19T07:00:13.688596+00:00,ActiveSG Gym @ Fernvale Square,42%
2026-09-19T07:00:13.688596+00:00,ActiveSG Gym @ Serangoon Central,37%
2026-09-19T07:00:13.688596+00:00,ActiveSG Gym @ Toa Payoh,39%
2026-09-19T07:00:13.688596+00:00,ActiveSG Gym @ Toa Payoh West Community Centre,24%
2026-09-19T07:00:13.688596+00:00,ActiveSG Hockey Village @ Boon Lay Gym,26%
2026-09-19T07:00:13.688596+00:00,ActiveSG Sport Park @ Teck Ghee ActiveSG Gym,36%
2026-09-19T07:00:13.688596+00:00,Bishan ActiveSG Gym,42%
2026-09-19T07:00:13.688596+00:00,Bukit Batok ActiveSG Gym,43%
2026-09-19T07:00:13.688596+00:00,Bukit Canberra ActiveSG Gym,48%
2026-09-19T07:00:13.688596+00:00,Bukit Gombak ActiveSG Gym,49%
2026-09-19T07:00:13.688596+00:00,Choa Chu Kang ActiveSG Gym,44%
2026-09-19T07:00:13.688596+00:00,Clementi ActiveSG Gym,54%
2026-09-19T07:00:13.688596+00:00,Delta ActiveSG Gym,47%
2026-09-19T07:00:13.688596+00:00,Heartbeat @ Bedok ActiveSG Gym,62%
2026-09-19T07:00:13.688596+00:00,Hougang ActiveSG Gym,39%
2026-09-19T07:00:13.688596+00:00,Jalan Besar ActiveSG Gym,65%
2026-09-19T07:00:13.688596+00:00,Jurong East ActiveSG Gym,30%
2026-09-19T07:00:13.688596+00:00,Jurong Lake Gardens ActiveSG Gym,32%
2026-09-19T07:00:13.688596+00:00,Jurong West ActiveSG Gym,23%
2026-09-19T07:00:13.688596+00:00,Katong ActiveSG Gym,29%
2026-09-19T07:00:13.688596+00:00,Pasir Ris ActiveSG Gym,34%
2026-09-19T07:00:13.688596+00:00,Queenstown ActiveSG Gym,27%
2026-09-19T07:00:13.688596+00:00,Sengkang ActiveSG Gym,54%
2026-09-19T07:00:13.688596+00:00,Senja-Cashew ActiveSG Gym,35%
2026-09-19T07:00:13.688596+00:00,Tampines ActiveSG Gym,55%
2026-09-19T07:00:13.688596+00:00,Woodlands ActiveSG Gym,43%
2026-09-19T07:00:13.688596+00:00,Yio Chu Kang ActiveSG Gym,23%
2026-09-19T07:00:13.688596+00:00,Yishun ActiveSG Gym,36%
2026-09-19T07:15:13.748314+00:00,ActiveSG Gym @ Ang Mo Kio Community Centre,37%
2026-09-19T07:15:13.748314+00:00,ActiveSG Gym @ Enabling Village,20%
2026-09-19T07:15:13.748314+00:00,ActiveSG Gym @ Fernvale Square,43%
2026-09-19T07:15:13.748314+00:00,ActiveSG Gym @ Serangoon Central,43%
2026-09-19T07:15:13.748314+00:00,ActiveSG Gym @ Toa Payoh,32%
2026-09-19T07:15:13.748314+00:00,ActiveSG Gym @ Toa Payoh West Community Centre,24%
2026-09-19T07:15:13.748314+00:00,ActiveSG Hockey Village @ Boon Lay Gym,27%
2026-09-19T07:15:13.748314+00:00,ActiveSG Sport Park @ Teck Ghee ActiveSG Gym,37%
2026-09-19T07:15:13.748314+00:00,Bishan ActiveSG Gym,49%
2026-09-19T07:15:13.748314+00:00,Bukit Batok ActiveSG Gym,50%
2026-09-19T07:15:13.748314+00:00,Bukit Canberra ActiveSG Gym,48%
2026-09-19T07:15:13.748314+00:00,Bukit Gombak ActiveSG Gym,51%
2026-09-19T07:15:13.748314+00:00,Choa Chu Kang ActiveSG Gym,48%
2026-09-19T07:15:13.748314+00:00,Clementi ActiveSG Gym,55%
2026-09-19T07:15:13.748314+00:00,Delta ActiveSG Gym,44%
2026-09-19T07:15:13.748314+00:00,Heartbeat @ Bedok ActiveSG Gym,60%
2026-09-19T07:15:13.748314+00:00,Hougang ActiveSG Gym,45%
2026-09-19T07:15:13.748314+00:00,Jalan Besar ActiveSG Gym,67%
2026-09-19T07:15:13.748314+00:00,Jurong East ActiveSG Gym,40%
2026-09-19T07:15:13.748314+00:00,Jurong Lake Gardens ActiveSG Gym,31%
2026-09-19T07:15:13.748314+00:00,Jurong West ActiveSG Gym,24%
2026-09-19T07:15:13.748314+00:00,Katong ActiveSG Gym,34%
2026-09-19T07:15:13.748314+00:00,Pasir Ris ActiveSG Gym,42%
2026-09-19T07:15:13.748314+00:00,Queenstown ActiveSG Gym,28%
2026-09-19T07:15:13.748314+00:00,Sengkang ActiveSG Gym,54%
2026-09-19T07:15:13.748314+00:00,Senja-Cashew ActiveSG Gym,40%
2026-09-19T07:15:13.748314+00:00,Tampines ActiveSG Gym,59%
2026-09-19T07:15:13.748314+00:00,Woodlands ActiveSG Gym,38%
2026-09-19T07:15:13.748314+00:00,Yio Chu Kang ActiveSG Gym,29%
2026-09-19T07:15:13.748314+00:00,Yishun ActiveSG Gym,36%
2026-09-19T07:30:13.558507+00:00,ActiveSG Gym @ Ang Mo Kio Community Centre,28%
2026-09-19T07:30:13.558507+00:00,ActiveSG Gym @ Enabling Village,20%
2026-09-19T07:30:13.558507+00:00,ActiveSG Gym @ Fernvale Square,43%
2026-09-19T07:30:13.558507+00:00,ActiveSG Gym @ Serangoon Central,33%
2026-09-19T07:30:13.558507+00:00,ActiveSG Gym @ Toa Payoh,31%
2026-09-19T07:30:13.558507+00:00,ActiveSG Gym @ Toa Payoh West Community Centre,24%
2026-09-19T07:30:13.558507+00:00,ActiveSG Hockey Village @ Boon Lay Gym,26%
2026-09-19T07:30:13.558507+00:00,ActiveSG Sport Park @ Teck Ghee ActiveSG Gym,40%
2026-09-19T07:30:13.558507+00:00,Bishan ActiveSG Gym,54%
2026-09-19T07:30:13.558507+00:00,Bukit Batok ActiveSG Gym,53%
2026-09-19T07:30:13.558507+00:00,Bukit Canberra ActiveSG Gym,51%
2026-09-19T07:30:13.558507+00:00,Bukit Gombak ActiveSG Gym,51%
2026-09-19T07:30:13.558507+00:00,Choa Chu Kang ActiveSG Gym,53%
2026-09-19T07:30:13.558507+00:00,Clementi ActiveSG Gym,44%
2026-09-19T07:30:13.558507+00:00,Delta ActiveSG Gym,44%
2026-09-19T07:30:13.558507+00:00,Heartbeat @ Bedok ActiveSG Gym,62%
2026-09-19T07:30:13.558507+00:00,Hougang ActiveSG Gym,43%
2026-09-19T07:30:13.558507+00:00,Jalan Besar ActiveSG Gym,64%
2026-09-19T07:30:13.558507+00:00,Jurong East ActiveSG Gym,45%
2026-09-19T07:30:13.558507+00:00,Jurong Lake Gardens ActiveSG Gym,32%
2026-09-19T07:30:13.558507+00:00,Jurong West ActiveSG Gym,24%
2026-09-19T07:30:13.558507+00:00,Katong ActiveSG Gym,34%
2026-09-19T07:30:13.558507+00:00,Pasir Ris ActiveSG Gym,37%
2026-09-19T07:30:13.558507+00:00,Queenstown ActiveSG Gym,28%
2026-09-19T07:30:13.558507+00:00,Sengkang ActiveSG Gym,60%
2026-09-19T07:30:13.558507+00:00,Senja-Cashew ActiveSG Gym,35%
2026-09-19T07:30:13.558507+00:00,Tampines ActiveSG Gym,62%
2026-09-19T07:30:13.558507+00:00,Woodlands ActiveSG Gym,38%
2026-09-19T07:30:13.558507+00:00,Yio Chu Kang ActiveSG Gym,29%
2026-09-19T07:30:13.558507+00:00,Yishun ActiveSG Gym,31%
2026-09-19T07:45:13.999506+00:00,ActiveSG Gym @ Ang Mo Kio Community Centre,32%
2026-09-19T07:45:13.999506+00:00,ActiveSG Gym @ Enabling Village,29%
2026-09-19T07:45:13.999506+00:00,ActiveSG Gym @ Fernvale Square,48%
2026-09-19T07:45:13.999506+00:00,ActiveSG Gym @ Serangoon Central,37%
2026-09-19T07:45:13.999506+00:00,ActiveSG Gym @ Toa Payoh,31%
2026-09-19T07:45:13.999506+00:00,ActiveSG Gym @ Toa Payoh West Community Centre,24%
2026-09-19T07:45:13.999506+00:00,ActiveSG Hockey Village @ Boon Lay Gym,28%
2026-09-19T07:45:13.999506+00:00,ActiveSG Sport Park @ Teck Ghee ActiveSG Gym,43%
2026-09-19T07:45:13.999506+00:00,Bishan ActiveSG Gym,56%
2026-09-19T07:45:13.999506+00:00,Bukit Batok ActiveSG Gym,57%
2026-09-19T07:45:13.999506+00:00,Bukit Canberra ActiveSG Gym,53%
2026-09-19T07:45:13.999506+00:00,Bukit Gombak ActiveSG Gym,44%
2026-09-19T07:45:13.999506+00:00,Choa Chu Kang ActiveSG Gym,53%
2026-09-19T07:45:13.999506+00:00,Clementi ActiveSG Gym,47%
2026-09-19T07:45:13.999506+00:00,Delta ActiveSG Gym,44%
2026-09-19T07:45:13.999506+00:00,Heartbeat @ Bedok ActiveSG Gym,64%
2026-09-19T07:45:13.999506+00:00,Hougang ActiveSG Gym,48%
2026-09-19T07:45:13.999506+00:00,Jalan Besar ActiveSG Gym,64%
2026-09-19T07:45:13.999506+00:00,Jurong East ActiveSG Gym,49%
2026-09-19T07:45:13.999506+00:00,Jurong Lake Gardens ActiveSG Gym,32%
2026-09-19T07:45:13.999506+00:00,Jurong West ActiveSG Gym,26%
2026-09-19T07:45:13.999506+00:00,Katong ActiveSG Gym,37%
2026-09-19T07:45:13.999506+00:00,Pasir Ris ActiveSG Gym,40%
2026-09-19T07:45:13.999506+00:00,Queenstown ActiveSG Gym,32%
2026-09-19T07:45:13.999506+00:00,Sengkang ActiveSG Gym,59%
2026-09-19T07:45:13.999506+00:00,Senja-Cashew ActiveSG Gym,37%
2026-09-19T07:45:13.999506+00:00,Tampines ActiveSG Gym,62%
2026-09-19T07:45:13.999506+00:00,Woodlands ActiveSG Gym,40%
2026-09-19T07:45:13.999506+00:00,Yio Chu Kang ActiveSG Gym,24%
2026-09-19T07:45:13.999506+00:00,Yishun ActiveSG Gym,25%
2026-09-19T08:00:13.786167+00:00,ActiveSG Gym @ Ang Mo Kio Community Centre,33%
2026-09-19T08:00:13.786167+00:00,ActiveSG Gym @ Enabling Village,33%
2026-09-19T08:00:13.786167+00:00,ActiveSG Gym @ Fernvale Square,50%
2026-09-19T08:00:13.786167+00:00,ActiveSG Gym @ Serangoon Central,57%
2026-09-19T08:00:13.786167+00:00,ActiveSG Gym @ Toa Payoh,37%
2026-09-19T08:00:13.786167+00:00,ActiveSG Gym @ Toa Payoh West Community Centre,25%
2026-09-19T08:00:13.786167+00:00,ActiveSG Hockey Village @ Boon Lay Gym,22%
2026-09-19T08:00:13.786167+00:00,ActiveSG Sport Park @ Teck Ghee ActiveSG Gym,44%
2026-09-19T08:00:13.786167+00:00,Bishan ActiveSG Gym,58%
2026-09-19T08:00:13.786167+00:00,Bukit Batok ActiveSG Gym,70%
2026-09-19T08:00:13.786167+00:00,Bukit Canberra ActiveSG Gym,50%
2026-09-19T08:00:13.786167+00:00,Bukit Gombak ActiveSG Gym,47%
2026-09-19T08:00:13.786167+00:00,Choa Chu Kang ActiveSG Gym,54%
2026-09-19T08:00:13.786167+00:00,Clementi ActiveSG Gym,54%
2026-09-19T08:00:13.786167+00:00,Delta ActiveSG Gym,41%
2026-09-19T08:00:13.786167+00:00,Heartbeat @ Bedok ActiveSG Gym,71%
2026-09-19T08:00:13.786167+00:00,Hougang ActiveSG Gym,45%
2026-09-19T08:00:13.786167+00:00,Jalan Besar ActiveSG Gym,69%
2026-09-19T08:00:13.786167+00:00,Jurong East ActiveSG Gym,51%
2026-09-19T08:00:13.786167+00:00,Jurong Lake Gardens ActiveSG Gym,32%
2026-09-19T08:00:13.786167+00:00,Jurong West ActiveSG Gym,28%
2026-09-19T08:00:13.786167+00:00,Katong ActiveSG Gym,38%
2026-09-19T08:00:13.786167+00:00,Pasir Ris ActiveSG Gym,37%
2026-09-19T08:00:13.786167+00:00,Queenstown ActiveSG Gym,37%
2026-09-19T08:00:13.786167+00:00,Sengkang ActiveSG Gym,60%
2026-09-19T08:00:13.786167+00:00,Senja-Cashew ActiveSG Gym,43%
2026-09-19T08:00:13.786167+00:00,Tampines ActiveSG Gym,63%
2026-09-19T08:00:13.786167+00:00,Woodlands ActiveSG Gym,38%
2026-09-19T08:00:13.786167+00:00,Yio Chu Kang ActiveSG Gym,33%
2026-09-19T08:00:13.786167+00:00,Yishun ActiveSG Gym,30%
2026-09-19T08:15:14.203708+00:00,ActiveSG Gym @ Ang Mo Kio Community Centre,37%
2026-09-19T08:15:14.203708+00:00,ActiveSG Gym @ Enabling Village,33%
2026-09-19T08:15:14.203708+00:00,ActiveSG Gym @ Fernvale Square,47%
2026-09-19T08:15:14.203708+00:00,ActiveSG Gym @ Serangoon Central,53%
2026-09-19T08:15:14.203708+00:00,ActiveSG Gym @ Toa Payoh,37%
2026-09-19T08:15:14.203708+00:00,ActiveSG Gym @ Toa Payoh West Community Centre,25%
2026-09-19T08:15:14.203708+00:00,ActiveSG Hockey Village @ Boon Lay Gym,22%
2026-09-19T08:15:14.203708+00:00,ActiveSG Sport Park @ Teck Ghee ActiveSG Gym,50%
2026-09-19T08:15:14.203708+00:00,Bishan ActiveSG Gym,48%
2026-09-19T08:15:14.203708+00:00,Bukit Batok ActiveSG Gym,50%
2026-09-19T08:15:14.203708+00:00,Bukit Canberra ActiveSG Gym,49%
2026-09-19T08:15:14.203708+00:00,Bukit Gombak ActiveSG Gym,47%
2026-09-19T08:15:14.203708+00:00,Choa Chu Kang ActiveSG Gym,55%
2026-09-19T08:15:14.203708+00:00,Clementi ActiveSG Gym,64%
2026-09-19T08:15:14.203708+00:00,Delta ActiveSG Gym,43%
2026-09-19T08:15:14.203708+00:00,Heartbeat @ Bedok ActiveSG Gym,72%
2026-09-19T08:15:14.203708+00:00,Hougang ActiveSG Gym,45%
2026-09-19T08:15:14.203708+00:00,Jalan Besar ActiveSG Gym,69%
2026-09-19T08:15:14.203708+00:00,Jurong East ActiveSG Gym,51%
2026-09-19T08:15:14.203708+00:00,Jurong Lake Gardens ActiveSG Gym,32%
2026-09-19T08:15:14.203708+00:00,Jurong West ActiveSG Gym,30%
2026-09-19T08:15:14.203708+00:00,Katong ActiveSG Gym,45%
2026-09-19T08:15:14.203708+00:00,Pasir Ris ActiveSG Gym,34%
2026-09-19T08:15:14.203708+00:00,Queenstown ActiveSG Gym,38%
2026-09-19T08:15:14.203708+00:00,Sengkang ActiveSG Gym,66%
2026-09-19T08:15:14.203708+00:00,Senja-Cashew ActiveSG Gym,45%
2026-09-19T08:15:14.203708+00:00,Tampines ActiveSG Gym,59%
2026-09-19T08:15:14.203708+00:00,Woodlands ActiveSG Gym,37%
2026-09-19T08:15:14.203708+00:00,Yio Chu Kang ActiveSG Gym,38%
2026-09-19T08:15:14.203708+00:00,Yishun ActiveSG Gym,30%
2026-09-19T08:30:15.240117+00:00,ActiveSG Gym @ Ang Mo Kio Community Centre,33%
2026-09-19T08:30:15.240117+00:00,ActiveSG Gym @ Enabling Village,33%
2026-09-19T08:30:15.240117+00:00,ActiveSG Gym @ Fernvale Square,47%
2026-09-19T08:30:15.240117+00:00,ActiveSG Gym @ Serangoon Central,53%
2026-09-19T08:30:15.240117+00:00,ActiveSG Gym @ Toa Payoh,43%
2026-09-19T08:30:15.240117+00:00,ActiveSG Gym @ Toa Payoh West Community Centre,25%
2026-09-19T08:30:15.240117+00:00,ActiveSG Hockey Village @ Boon Lay Gym,22%
2026-09-19T08:30:15.240117+00:00,ActiveSG Sport Park @ Teck Ghee ActiveSG Gym,52%
2026-09-19T08:30:15.240117+00:00,Bishan ActiveSG Gym,54%
2026-09-19T08:30:15.240117+00:00,Bukit Batok ActiveSG Gym,57%
2026-09-19T08:30:15.240117+00:00,Bukit Canberra ActiveSG Gym,53%
2026-09-19T08:30:15.240117+00:00,Bukit Gombak ActiveSG Gym,51%
2026-09-19T08:30:15.240117+00:00,Choa Chu Kang ActiveSG Gym,53%
2026-09-19T08:30:15.240117+00:00,Clementi ActiveSG Gym,65%
2026-09-19T08:30:15.240117+00:00,Delta ActiveSG Gym,44%
2026-09-19T08:30:15.240117+00:00,Heartbeat @ Bedok ActiveSG Gym,72%
2026-09-19T08:30:15.240117+00:00,Hougang ActiveSG Gym,45%
2026-09-19T08:30:15.240117+00:00,Jalan Besar ActiveSG Gym,67%
2026-09-19T08:30:15.240117+00:00,Jurong East ActiveSG Gym,53%
2026-09-19T08:30:15.240117+00:00,Jurong Lake Gardens ActiveSG Gym,32%
2026-09-19T08:30:15.240117+00:00,Jurong West ActiveSG Gym,32%
2026-09-19T08:30:15.240117+00:00,Katong ActiveSG Gym,51%
2026-09-19T08:30:15.240117+00:00,Pasir Ris ActiveSG Gym,31%
2026-09-19T08:30:15.240117+00:00,Queenstown ActiveSG Gym,42%
2026-09-19T08:30:15.240117+00:00,Sengkang ActiveSG Gym,65%
2026-09-19T08:30:15.240117+00:00,Senja-Cashew ActiveSG Gym,46%
2026-09-19T08:30:15.240117+00:00,Tampines ActiveSG Gym,57%
2026-09-19T08:30:15.240117+00:00,Woodlands ActiveSG Gym,38%
2026-09-19T08:30:15.240117+00:00,Yio Chu Kang ActiveSG Gym,41%
2026-09-19T08:30:15.240117+00:00,Yishun ActiveSG Gym,32%
2026-09-19T08:45:13.429474+00:00,ActiveSG Gym @ Ang Mo Kio Community Centre,33%
2026-09-19T08:45:13.429474+00:00,ActiveSG Gym @ Enabling Village,24%
2026-09-19T08:45:13.429474+00:00,ActiveSG Gym @ Fernvale Square,47%
2026-09-19T08:45:13.429474+00:00,ActiveSG Gym @ Serangoon Central,40%
2026-09-19T08:45:13.429474+00:00,ActiveSG Gym @ Toa Payoh,51%
2026-09-19T08:45:13.429474+00:00,ActiveSG Gym @ Toa Payoh West Community Centre,25%
2026-09-19T08:45:13.429474+00:00,ActiveSG Hockey Village @ Boon Lay Gym,22%
2026-09-19T08:45:13.429474+00:00,ActiveSG Sport Park @ Teck Ghee ActiveSG Gym,54%
2026-09-19T08:45:13.429474+00:00,Bishan ActiveSG Gym,52%
2026-09-19T08:45:13.429474+00:00,Bukit Batok ActiveSG Gym,63%
2026-09-19T08:45:13.429474+00:00,Bukit Canberra ActiveSG Gym,51%
2026-09-19T08:45:13.429474+00:00,Bukit Gombak ActiveSG Gym,42%
2026-09-19T08:45:13.429474+00:00,Choa Chu Kang ActiveSG Gym,53%
2026-09-19T08:45:13.429474+00:00,Clementi ActiveSG Gym,59%
2026-09-19T08:45:13.429474+00:00,Delta ActiveSG Gym,44%
2026-09-19T08:45:13.429474+00:00,Heartbeat @ Bedok ActiveSG Gym,69%
2026-09-19T08:45:13.429474+00:00,Hougang ActiveSG Gym,50%
2026-09-19T08:45:13.429474+00:00,Jalan Besar ActiveSG Gym,65%
2026-09-19T08:45:13.429474+00:00,Jurong East ActiveSG Gym,49%
2026-09-19T08:45:13.429474+00:00,Jurong Lake Gardens ActiveSG Gym,32%
2026-09-19T08:45:13.429474+00:00,Jurong West ActiveSG Gym,34%
2026-09-19T08:45:13.429474+00:00,Katong ActiveSG Gym,42%
2026-09-19T08:45:13.429474+00:00,Pasir Ris ActiveSG Gym,32%
2026-09-19T08:45:13.429474+00:00,Queenstown ActiveSG Gym,44%
2026-09-19T08:45:13.429474+00:00,Sengkang ActiveSG Gym,75%
2026-09-19T08:45:13.429474+00:00,Senja-Cashew ActiveSG Gym,54%
2026-09-19T08:45:13.429474+00:00,Tampines ActiveSG Gym,54%
2026-09-19T08:45:13.429474+00:00,Woodlands ActiveSG Gym,36%
2026-09-19T08:45:13.429474+00:00,Yio Chu Kang ActiveSG Gym,44%
2026-09-19T08:45:13.429474+00:00,Yishun ActiveSG Gym,34%
2026-09-19T09:00:13.722365+00:00,ActiveSG Gym @ Ang Mo Kio Community Centre,38%
2026-09-19T09:00:13.722365+00:00,ActiveSG Gym @ Enabling Village,24%
2026-09-19T09:00:13.722365+00:00,ActiveSG Gym @ Fernvale Square,57%
2026-09-19T09:00:13.722365+00:00,ActiveSG Gym @ Serangoon Central,50%
2026-09-19T09:00:13.722365+00:00,ActiveSG Gym @ Toa Payoh,47%
2026-09-19T09:00:13.722365+00:00,ActiveSG Gym @ Toa Payoh West Community Centre,25%
2026-09-19T09:00:13.722365+00:00,ActiveSG Hockey Village @ Boon Lay Gym,24%
2026-09-19T09:00:13.722365+00:00,ActiveSG Sport Park @ Teck Ghee ActiveSG Gym,56%
2026-09-19T09:00:13.722365+00:00,Bishan ActiveSG Gym,57%
2026-09-19T09:00:13.722365+00:00,Bukit Batok ActiveSG Gym,70%
2026-09-19T09:00:13.722365+00:00,Bukit Canberra ActiveSG Gym,48%
2026-09-19T09:00:13.722365+00:00,Bukit Gombak ActiveSG Gym,48%
2026-09-19T09:00:13.722365+00:00,Choa Chu Kang ActiveSG Gym,54%
2026-09-19T09:00:13.722365+00:00,Clementi ActiveSG Gym,55%
2026-09-19T09:00:13.722365+00:00,Delta ActiveSG Gym,43%
2026-09-19T09:00:13.722365+00:00,Heartbeat @ Bedok ActiveSG Gym,70%
2026-09-19T09:00:13.722365+00:00,Hougang ActiveSG Gym,50%
2026-09-19T09:00:13.722365+00:00,Jalan Besar ActiveSG Gym,65%
2026-09-19T09:00:13.722365+00:00,Jurong East ActiveSG Gym,46%
2026-09-19T09:00:13.722365+00:00,Jurong Lake Gardens ActiveSG Gym,20%
2026-09-19T09:00:13.722365+00:00,Jurong West ActiveSG Gym,35%
2026-09-19T09:00:13.722365+00:00,Katong ActiveSG Gym,40%
2026-09-19T09:00:13.722365+00:00,Pasir Ris ActiveSG Gym,34%
2026-09-19T09:00:13.722365+00:00,Queenstown ActiveSG Gym,46%
2026-09-19T09:00:13.722365+00:00,Sengkang ActiveSG Gym,68%
2026-09-19T09:00:13.722365+00:00,Senja-Cashew ActiveSG Gym,62%
2026-09-19T09:00:13.722365+00:00,Tampines ActiveSG Gym,54%
2026-09-19T09:00:13.722365+00:00,Woodlands ActiveSG Gym,37%
2026-09-19T09:00:13.722365+00:00,Yio Chu Kang ActiveSG Gym,42%
2026-09-19T09:00:13.722365+00:00,Yishun ActiveSG Gym,34%
2026-09-19T09:15:13.723025+00:00,ActiveSG Gym @ Ang Mo Kio Community Centre,42%
2026-09-19T09:15:13.723025+00:00,ActiveSG Gym @ Enabling Village,24%
2026-09-19T09:15:13.723025+00:00,ActiveSG Gym @ Fernvale Square,65%
2026-09-19T09:15:13.723025+00:00,ActiveSG Gym @ Serangoon Central,57%
2026-09-19T09:15:13.723025+00:00,ActiveSG Gym @ Toa Payoh,50%
2026-09-19T09:15:13.723025+00:00,ActiveSG Gym @ Toa Payoh West Community Centre,25%
2026-09-19T09:15:13.723025+00:00,ActiveSG Hockey Village @ Boon Lay Gym,24%
2026-09-19T09:15:13.723025+00:00,ActiveSG Sport Park @ Teck Ghee ActiveSG Gym,57%
2026-09-19T09:15:13.723025+00:00,Bishan ActiveSG Gym,55%
2026-09-19T09:15:13.723025+00:00,Bukit Batok ActiveSG Gym,57%
2026-09-19T09:15:13.723025+00:00,Bukit Canberra ActiveSG Gym,46%
2026-09-19T09:15:13.723025+00:00,Bukit Gombak ActiveSG Gym,51%
2026-09-19T09:15:13.723025+00:00,Choa Chu Kang ActiveSG Gym,55%
2026-09-19T09:15:13.723025+00:00,Clementi ActiveSG Gym,54%
2026-09-19T09:15:13.723025+00:00,Delta ActiveSG Gym,47%
2026-09-19T09:15:13.723025+00:00,Heartbeat @ Bedok ActiveSG Gym,73%
2026-09-19T09:15:13.723025+00:00,Hougang ActiveSG Gym,52%
2026-09-19T09:15:13.723025+00:00,Jalan Besar ActiveSG Gym,68%
2026-09-19T09:15:13.723025+00:00,Jurong East ActiveSG Gym,48%
2026-09-19T09:15:13.723025+00:00,Jurong Lake Gardens ActiveSG Gym,22%
2026-09-19T09:15:13.723025+00:00,Jurong West ActiveSG Gym,34%
2026-09-19T09:15:13.723025+00:00,Katong ActiveSG Gym,38%
2026-09-19T09:15:13.723025+00:00,Pasir Ris ActiveSG Gym,38%
2026-09-19T09:15:13.723025+00:00,Queenstown ActiveSG Gym,47%
2026-09-19T09:15:13.723025+00:00,Sengkang ActiveSG Gym,67%
2026-09-19T09:15:13.723025+00:00,Senja-Cashew ActiveSG Gym,49%
2026-09-19T09:15:13.723025+00:00,Tampines ActiveSG Gym,60%
2026-09-19T09:15:13.723025+00:00,Woodlands ActiveSG Gym,43%
2026-09-19T09:15:13.723025+00:00,Yio Chu Kang ActiveSG Gym,43%
2026-09-19T09:15:13.723025+00:00,Yishun ActiveSG Gym,32%
2026-09-19T09:30:13.841974+00:00,ActiveSG Gym @ Ang Mo Kio Community Centre,43%
2026-09-19T09:30:13.841974+00:00,ActiveSG Gym @ Enabling Village,24%
2026-09-19T09:30:13.841974+00:00,ActiveSG Gym @ Fernvale Square,63%
2026-09-19T09:30:13.841974+00:00,ActiveSG Gym @ Serangoon Central,47%
2026-09-19T09:30:13.841974+00:00,ActiveSG Gym @ Toa Payoh,55%
2026-09-19T09:30:13.841974+00:00,ActiveSG Gym @ Toa Payoh West Community Centre,28%
2026-09-19T09:30:13.841974+00:00,ActiveSG Hockey Village @ Boon Lay Gym,24%
2026-09-19T09:30:13.841974+00:00,ActiveSG Sport Park @ Teck Ghee ActiveSG Gym,54%
2026-09-19T09:30:13.841974+00:00,Bishan ActiveSG Gym,58%
2026-09-19T09:30:13.841974+00:00,Bukit Batok ActiveSG Gym,70%
2026-09-19T09:30:13.841974+00:00,Bukit Canberra ActiveSG Gym,41%
2026-09-19T09:30:13.841974+00:00,Bukit Gombak ActiveSG Gym,58%
2026-09-19T09:30:13.841974+00:00,Choa Chu Kang ActiveSG Gym,59%
2026-09-19T09:30:13.841974+00:00,Clementi ActiveSG Gym,57%
2026-09-19T09:30:13.841974+00:00,Delta ActiveSG Gym,51%
2026-09-19T09:30:13.841974+00:00,Heartbeat @ Bedok ActiveSG Gym,75%
2026-09-19T09:30:13.841974+00:00,Hougang ActiveSG Gym,55%
2026-09-19T09:30:13.841974+00:00,Jalan Besar ActiveSG Gym,64%
2026-09-19T09:30:13.841974+00:00,Jurong East ActiveSG Gym,50%
2026-09-19T09:30:13.841974+00:00,Jurong Lake Gardens ActiveSG Gym,20%
2026-09-19T09:30:13.841974+00:00,Jurong West ActiveSG Gym,34%
2026-09-19T09:30:13.841974+00:00,Katong ActiveSG Gym,40%
2026-09-19T09:30:13.841974+00:00,Pasir Ris ActiveSG Gym,41%
2026-09-19T09:30:13.841974+00:00,Queenstown ActiveSG Gym,53%
2026-09-19T09:30:13.841974+00:00,Sengkang ActiveSG Gym,66%
2026-09-19T09:30:13.841974+00:00,Senja-Cashew ActiveSG Gym,37%
2026-09-19T09:30:13.841974+00:00,Tampines ActiveSG Gym,66%
2026-09-19T09:30:13.841974+00:00,Woodlands ActiveSG Gym,44%
2026-09-19T09:30:13.841974+00:00,Yio Chu Kang ActiveSG Gym,48%
2026-09-19T09:30:13.841974+00:00,Yishun ActiveSG Gym,30%
2026-09-19T09:45:13.794749+00:00,ActiveSG Gym @ Ang Mo Kio Community Centre,52%
2026-09-19T09:45:13.794749+00:00,ActiveSG Gym @ Enabling Village,24%
2026-09-19T09:45:13.794749+00:00,ActiveSG Gym @ Fernvale Square,58%
2026-09-19T09:45:13.794749+00:00,ActiveSG Gym @ Serangoon Central,53%
2026-09-19T09:45:13.794749+00:00,ActiveSG Gym @ Toa Payoh,50%
2026-09-19T09:45:13.794749+00:00,ActiveSG Gym @ Toa Payoh West Community Centre,31%
2026-09-19T09:45:13.794749+00:00,ActiveSG Hockey Village @ Boon Lay Gym,25%
2026-09-19T09:45:13.794749+00:00,ActiveSG Sport Park @ Teck Ghee ActiveSG Gym,58%
2026-09-19T09:45:13.794749+00:00,Bishan ActiveSG Gym,55%
2026-09-19T09:45:13.794749+00:00,Bukit Batok ActiveSG Gym,75%
2026-09-19T09:45:13.794749+00:00,Bukit Canberra ActiveSG Gym,39%
2026-09-19T09:45:13.794749+00:00,Bukit Gombak ActiveSG Gym,66%
2026-09-19T09:45:13.794749+00:00,Choa Chu Kang ActiveSG Gym,59%
2026-09-19T09:45:13.794749+00:00,Clementi ActiveSG Gym,47%
2026-09-19T09:45:13.794749+00:00,Delta ActiveSG Gym,54%
2026-09-19T09:45:13.794749+00:00,Heartbeat @ Bedok ActiveSG Gym,76%
2026-09-19T09:45:13.794749+00:00,Hougang ActiveSG Gym,54%
2026-09-19T09:45:13.794749+00:00,Jalan Besar ActiveSG Gym,46%
2026-09-19T09:45:13.794749+00:00,Jurong East ActiveSG Gym,45%
2026-09-19T09:45:13.794749+00:00,Jurong Lake Gardens ActiveSG Gym,20%
2026-09-19T09:45:13.794749+00:00,Jurong West ActiveSG Gym,34%
2026-09-19T09:45:13.794749+00:00,Katong ActiveSG Gym,45%
2026-09-19T09:45:13.794749+00:00,Pasir Ris ActiveSG Gym,38%
2026-09-19T09:45:13.794749+00:00,Queenstown ActiveSG Gym,58%
2026-09-19T09:45:13.794749+00:00,Sengkang ActiveSG Gym,55%
2026-09-19T09:45:13.794749+00:00,Senja-Cashew ActiveSG Gym,25%
2026-09-19T09:45:13.794749+00:00,Tampines ActiveSG Gym,64%
2026-09-19T09:45:13.794749+00:00,Woodlands ActiveSG Gym,44%
2026-09-19T09:45:13.794749+00:00,Yio Chu Kang ActiveSG Gym,53%
2026-09-19T09:45:13.794749+00:00,Yishun ActiveSG Gym,34%
2026-09-19T10:00:14.681451+00:00,ActiveSG Gym @ Ang Mo Kio Community Centre,53%
2026-09-19T10:00:14.681451+00:00,ActiveSG Gym @ Enabling Village,24%
2026-09-19T10:00:14.681451+00:00,ActiveSG Gym @ Fernvale Square,60%
2026-09-19T10:00:14.681451+00:00,ActiveSG Gym @ Serangoon Central,33%
2026-09-19T10:00:14.681451+00:00,ActiveSG Gym @ Toa Payoh,49%
2026-09-19T10:00:14.681451+00:00,ActiveSG Gym @ Toa Payoh West Community Centre,32%
2026-09-19T10:00:14.681451+00:00,ActiveSG Hockey Village @ Boon Lay Gym,27%
2026-09-19T10:00:14.681451+00:00,ActiveSG Sport Park @ Teck Ghee ActiveSG Gym,59%
2026-09-19T10:00:14.681451+00:00,Bishan ActiveSG Gym,52%
2026-09-19T10:00:14.681451+00:00,Bukit Batok ActiveSG Gym,78%
2026-09-19T10:00:14.681451+00:00,Bukit Canberra ActiveSG Gym,39%
2026-09-19T10:00:14.681451+00:00,Bukit Gombak ActiveSG Gym,68%
2026-09-19T10:00:14.681451+00:00,Choa Chu Kang ActiveSG Gym,52%
2026-09-19T10:00:14.681451+00:00,Clementi ActiveSG Gym,54%
2026-09-19T10:00:14.681451+00:00,Delta ActiveSG Gym,56%
2026-09-19T10:00:14.681451+00:00,Heartbeat @ Bedok ActiveSG Gym,76%
2026-09-19T10:00:14.681451+00:00,Hougang ActiveSG Gym,52%
2026-09-19T10:00:14.681451+00:00,Jalan Besar ActiveSG Gym,52%
2026-09-19T10:00:14.681451+00:00,Jurong East ActiveSG Gym,46%
2026-09-19T10:00:14.681451+00:00,Jurong Lake Gardens ActiveSG Gym,20%
2026-09-19T10:00:14.681451+00:00,Jurong West ActiveSG Gym,36%
2026-09-19T10:00:14.681451+00:00,Katong ActiveSG Gym,45%
2026-09-19T10:00:14.681451+00:00,Pasir Ris ActiveSG Gym,35%
2026-09-19T10:00:14.681451+00:00,Queenstown ActiveSG Gym,58%
2026-09-19T10:00:14.681451+00:00,Sengkang ActiveSG Gym,57%
2026-09-19T10:00:14.681451+00:00,Senja-Cashew ActiveSG Gym,28%
2026-09-19T10:00:14.681451+00:00,Tampines ActiveSG Gym,70%
2026-09-19T10:00:14.681451+00:00,Woodlands ActiveSG Gym,45%
2026-09-19T10:00:14.681451+00:00,Yio Chu Kang ActiveSG Gym,48%
2026-09-19T10:00:14.681451+00:00,Yishun ActiveSG Gym,34%
2026-09-19T10:15:14.580158+00:00,ActiveSG Gym @ Ang Mo Kio Community Centre,58%
2026-09-19T10:15:14.580158+00:00,ActiveSG Gym @ Enabling Village,24%
2026-09-19T10:15:14.580158+00:00,ActiveSG Gym @ Fernvale Square,55%
2026-09-19T10:15:14.580158+00:00,ActiveSG Gym @ Serangoon Central,30%
2026-09-19T10:15:14.580158+00:00,ActiveSG Gym @ Toa Payoh,42%
2026-09-19T10:15:14.580158+00:00,ActiveSG Gym @ Toa Payoh West Community Centre,32%
2026-09-19T10:15:14.580158+00:00,ActiveSG Hockey Village @ Boon Lay Gym,29%
2026-09-19T10:15:14.580158+00:00,ActiveSG Sport Park @ Teck Ghee ActiveSG Gym,60%
2026-09-19T10:15:14.580158+00:00,Bishan ActiveSG Gym,52%
2026-09-19T10:15:14.580158+00:00,Bukit Batok ActiveSG Gym,70%
2026-09-19T10:15:14.580158+00:00,Bukit Canberra ActiveSG Gym,38%
2026-09-19T10:15:14.580158+00:00,Bukit Gombak ActiveSG Gym,61%
2026-09-19T10:15:14.580158+00:00,Choa Chu Kang ActiveSG Gym,55%
2026-09-19T10:15:14.580158+00:00,Clementi ActiveSG Gym,58%
2026-09-19T10:15:14.580158+00:00,Delta ActiveSG Gym,53%
2026-09-19T10:15:14.580158+00:00,Heartbeat @ Bedok ActiveSG Gym,64%
2026-09-19T10:15:14.580158+00:00,Hougang ActiveSG Gym,47%
2026-09-19T10:15:14.580158+00:00,Jalan Besar ActiveSG Gym,47%
2026-09-19T10:15:14.580158+00:00,Jurong East ActiveSG Gym,45%
2026-09-19T10:15:14.580158+00:00,Jurong Lake Gardens ActiveSG Gym,21%
2026-09-19T10:15:14.580158+00:00,Jurong West ActiveSG Gym,27%
2026-09-19T10:15:14.580158+00:00,Katong ActiveSG Gym,42%
2026-09-19T10:15:14.580158+00:00,Pasir Ris ActiveSG Gym,38%
2026-09-19T10:15:14.580158+00:00,Queenstown ActiveSG Gym,40%
2026-09-19T10:15:14.580158+00:00,Sengkang ActiveSG Gym,53%
2026-09-19T10:15:14.580158+00:00,Senja-Cashew ActiveSG Gym,23%
2026-09-19T10:15:14.580158+00:00,Tampines ActiveSG Gym,72%
2026-09-19T10:15:14.580158+00:00,Woodlands ActiveSG Gym,42%
2026-09-19T10:15:14.580158+00:00,Yio Chu Kang ActiveSG Gym,43%
2026-09-19T10:15:14.580158+00:00,Yishun ActiveSG Gym,27%
2026-09-19T10:30:13.864143+00:00,ActiveSG Gym @ Ang Mo Kio Community Centre,52%
2026-09-19T10:30:13.864143+00:00,ActiveSG Gym @ Enabling Village,24%
2026-09-19T10:30:13.864143+00:00,ActiveSG Gym @ Fernvale Square,42%
2026-09-19T10:30:13.864143+00:00,ActiveSG Gym @ Serangoon Central,40%
2026-09-19T10:30:13.864143+00:00,ActiveSG Gym @ Toa Payoh,43%
2026-09-19T10:30:13.864143+00:00,ActiveSG Gym @ Toa Payoh West Community Centre,21%
2026-09-19T10:30:13.864143+00:00,ActiveSG Hockey Village @ Boon Lay Gym,30%
2026-09-19T10:30:13.864143+00:00,ActiveSG Sport Park @ Teck Ghee ActiveSG Gym,59%
2026-09-19T10:30:13.864143+00:00,Bishan ActiveSG Gym,42%
2026-09-19T10:30:13.864143+00:00,Bukit Batok ActiveSG Gym,65%
2026-09-19T10:30:13.864143+00:00,Bukit Canberra ActiveSG Gym,39%
2026-09-19T10:30:13.864143+00:00,Bukit Gombak ActiveSG Gym,57%
2026-09-19T10:30:13.864143+00:00,Choa Chu Kang ActiveSG Gym,55%
2026-09-19T10:30:13.864143+00:00,Clementi ActiveSG Gym,48%
2026-09-19T10:30:13.864143+00:00,Delta ActiveSG Gym,49%
2026-09-19T10:30:13.864143+00:00,Heartbeat @ Bedok ActiveSG Gym,61%
2026-09-19T10:30:13.864143+00:00,Hougang ActiveSG Gym,44%
2026-09-19T10:30:13.864143+00:00,Jalan Besar ActiveSG Gym,48%
2026-09-19T10:30:13.864143+00:00,Jurong East ActiveSG Gym,50%
2026-09-19T10:30:13.864143+00:00,Jurong Lake Gardens ActiveSG Gym,21%
2026-09-19T10:30:13.864143+00:00,Jurong West ActiveSG Gym,26%
2026-09-19T10:30:13.864143+00:00,Katong ActiveSG Gym,45%
2026-09-19T10:30:13.864143+00:00,Pasir Ris ActiveSG Gym,40%
2026-09-19T10:30:13.864143+00:00,Queenstown ActiveSG Gym,45%
2026-09-19T10:30:13.864143+00:00,Sengkang ActiveSG Gym,58%
2026-09-19T10:30:13.864143+00:00,Senja-Cashew ActiveSG Gym,31%
2026-09-19T10:30:13.864143+00:00,Tampines ActiveSG Gym,75%
2026-09-19T10:30:13.864143+00:00,Woodlands ActiveSG Gym,42%
2026-09-19T10:30:13.864143+00:00,Yio Chu Kang ActiveSG Gym,43%
2026-09-19T10:30:13.864143+00:00,Yishun ActiveSG Gym,30%
2026-09-19T10:45:10.997851+00:00,ActiveSG Gym @ Ang Mo Kio Community Centre,50%
2026-09-19T10:45:10.997851+00:00,ActiveSG Gym @ Enabling Village,24%
2026-09-19T10:45:10.997851+00:00,ActiveSG Gym @ Fernvale Square,38%
2026-09-19T10:45:10.997851+00:00,ActiveSG Gym @ Serangoon Central,43%
2026-09-19T10:45:10.997851+00:00,ActiveSG Gym @ Toa Payoh,39%
2026-09-19T10:45:10.997851+00:00,ActiveSG Gym @ Toa Payoh West Community Centre,20%
2026-09-19T10:45:10.997851+00:00,ActiveSG Hockey Village @ Boon Lay Gym,30%
2026-09-19T10:45:10.997851+00:00,ActiveSG Sport Park @ Teck Ghee ActiveSG Gym,58%
2026-09-19T10:45:10.997851+00:00,Bishan ActiveSG Gym,36%
2026-09-19T10:45:10.997851+00:00,Bukit Batok ActiveSG Gym,70%
2026-09-19T10:45:10.997851+00:00,Bukit Canberra ActiveSG Gym,39%
2026-09-19T10:45:10.997851+00:00,Bukit Gombak ActiveSG Gym,57%
2026-09-19T10:45:10.997851+00:00,Choa Chu Kang ActiveSG Gym,47%
2026-09-19T10:45:10.997851+00:00,Clementi ActiveSG Gym,51%
2026-09-19T10:45:10.997851+00:00,Delta ActiveSG Gym,48%
2026-09-19T10:45:10.997851+00:00,Heartbeat @ Bedok ActiveSG Gym,59%
2026-09-19T10:45:10.997851+00:00,Hougang ActiveSG Gym,40%
2026-09-19T10:45:10.997851+00:00,Jalan Besar ActiveSG Gym,41%
2026-09-19T10:45:10.997851+00:00,Jurong East ActiveSG Gym,37%
2026-09-19T10:45:10.997851+00:00,Jurong Lake Gardens ActiveSG Gym,21%
2026-09-19T10:45:10.997851+00:00,Jurong West ActiveSG Gym,27%
2026-09-19T10:45:10.997851+00:00,Katong ActiveSG Gym,49%
2026-09-19T10:45:10.997851+00:00,Pasir Ris ActiveSG Gym,45%
2026-09-19T10:45:10.997851+00:00,Queenstown ActiveSG Gym,50%
2026-09-19T10:45:10.997851+00:00,Sengkang ActiveSG Gym,52%
2026-09-19T10:45:10.997851+00:00,Senja-Cashew ActiveSG Gym,34%
2026-09-19T10:45:10.997851+00:00,Tampines ActiveSG Gym,75%
2026-09-19T10:45:10.997851+00:00,Woodlands ActiveSG Gym,42%
2026-09-19T10:45:10.997851+00:00,Yio Chu Kang ActiveSG Gym,46%
2026-09-19T10:45:10.997851+00:00,Yishun ActiveSG Gym,30%
2026-09-19T11:00:11.090166+00:00,ActiveSG Gym @ Ang Mo Kio Community Centre,50%
2026-09-19T11:00:11.090166+00:00,ActiveSG Gym @ Enabling Village,24%
2026-09-19T11:00:11.090166+00:00,ActiveSG Gym @ Fernvale Square,32%
2026-09-19T11:00:11.090166+00:00,ActiveSG Gym @ Serangoon Central,43%
2026-09-19T11:00:11.090166+00:00,ActiveSG Gym @ Toa Payoh,39%
2026-09-19T11:00:11.090166+00:00,ActiveSG Gym @ Toa Payoh West Community Centre,19%
2026-09-19T11:00:11.090166+00:00,ActiveSG Hockey Village @ Boon Lay Gym,30%
2026-09-19T11:00:11.090166+00:00,ActiveSG Sport Park @ Teck Ghee ActiveSG Gym,58%
2026-09-19T11:00:11.090166+00:00,Bishan ActiveSG Gym,35%
2026-09-19T11:00:11.090166+00:00,Bukit Batok ActiveSG Gym,70%
2026-09-19T11:00:11.090166+00:00,Bukit Canberra ActiveSG Gym,35%
2026-09-19T11:00:11.090166+00:00,Bukit Gombak ActiveSG Gym,56%
2026-09-19T11:00:11.090166+00:00,Choa Chu Kang ActiveSG Gym,47%
2026-09-19T11:00:11.090166+00:00,Clementi ActiveSG Gym,51%
2026-09-19T11:00:11.090166+00:00,Delta ActiveSG Gym,45%
2026-09-19T11:00:11.090166+00:00,Heartbeat @ Bedok ActiveSG Gym,61%
2026-09-19T11:00:11.090166+00:00,Hougang ActiveSG Gym,37%
2026-09-19T11:00:11.090166+00:00,Jalan Besar ActiveSG Gym,48%
2026-09-19T11:00:11.090166+00:00,Jurong East ActiveSG Gym,38%
2026-09-19T11:00:11.090166+00:00,Jurong Lake Gardens ActiveSG Gym,21%
2026-09-19T11:00:11.090166+00:00,Jurong West ActiveSG Gym,30%
2026-09-19T11:00:11.090166+00:00,Katong ActiveSG Gym,40%
2026-09-19T11:00:11.090166+00:00,Pasir Ris ActiveSG Gym,41%
2026-09-19T11:00:11.090166+00:00,Queenstown ActiveSG Gym,51%
2026-09-19T11:00:11.090166+00:00,Sengkang ActiveSG Gym,61%
2026-09-19T11:00:11.090166+00:00,Senja-Cashew ActiveSG Gym,31%
2026-09-19T11:00:11.090166+00:00,Tampines ActiveSG Gym,73%
2026-09-19T11:00:11.090166+00:00,Woodlands ActiveSG Gym,38%
2026-09-19T11:00:11.090166+00:00,Yio Chu Kang ActiveSG Gym,43%
2026-09-19T11:00:11.090166+00:00,Yishun ActiveSG Gym,30%
2026-09-19T11:15:15.834901+00:00,ActiveSG Gym @ Ang Mo Kio Community Centre,38%
2026-09-19T11:15:15.834901+00:00,ActiveSG Gym @ Enabling Village,24%
2026-09-19T11:15:15.834901+00:00,ActiveSG Gym @ Fernvale Square,28%
2026-09-19T11:15:15.834901+00:00,ActiveSG Gym @ Serangoon Central,47%
2026-09-19T11:15:15.834901+00:00,ActiveSG Gym @ Toa Payoh,44%
2026-09-19T11:15:15.834901+00:00,ActiveSG Gym @ Toa Payoh West Community Centre,23%
2026-09-19T11:15:15.834901+00:00,ActiveSG Hockey Village @ Boon Lay Gym,30%
2026-09-19T11:15:15.834901+00:00,ActiveSG Sport Park @ Teck Ghee ActiveSG Gym,59%
2026-09-19T11:15:15.834901+00:00,Bishan ActiveSG Gym,34%
2026-09-19T11:15:15.834901+00:00,Bukit Batok ActiveSG Gym,35%
2026-09-19T11:15:15.834901+00:00,Bukit Canberra ActiveSG Gym,36%
2026-09-19T11:15:15.834901+00:00,Bukit Gombak ActiveSG Gym,49%
2026-09-19T11:15:15.834901+00:00,Choa Chu Kang ActiveSG Gym,47%
2026-09-19T11:15:15.834901+00:00,Clementi ActiveSG Gym,59%
2026-09-19T11:15:15.834901+00:00,Delta ActiveSG Gym,44%
2026-09-19T11:15:15.834901+00:00,Heartbeat @ Bedok ActiveSG Gym,63%
2026-09-19T11:15:15.834901+00:00,Hougang ActiveSG Gym,38%
2026-09-19T11:15:15.834901+00:00,Jalan Besar ActiveSG Gym,49%
2026-09-19T11:15:15.834901+00:00,Jurong East ActiveSG Gym,39%
2026-09-19T11:15:15.834901+00:00,Jurong Lake Gardens ActiveSG Gym,21%
2026-09-19T11:15:15.834901+00:00,Jurong West ActiveSG Gym,31%
2026-09-19T11:15:15.834901+00:00,Katong ActiveSG Gym,31%
2026-09-19T11:15:15.834901+00:00,Pasir Ris ActiveSG Gym,37%
2026-09-19T11:15:15.834901+00:00,Queenstown ActiveSG Gym,52%
2026-09-19T11:15:15.834901+00:00,Sengkang ActiveSG Gym,59%
2026-09-19T11:15:15.834901+00:00,Senja-Cashew ActiveSG Gym,25%
2026-09-19T11:15:15.834901+00:00,Tampines ActiveSG Gym,74%
2026-09-19T11:15:15.834901+00:00,Woodlands ActiveSG Gym,37%
2026-09-19T11:15:15.834901+00:00,Yio Chu Kang ActiveSG Gym,38%
2026-09-19T11:15:15.834901+00:00,Yishun ActiveSG Gym,30%
2026-09-19T11:30:15.867356+00:00,ActiveSG Gym @ Ang Mo Kio Community Centre,38%
2026-09-19T11:30:15.867356+00:00,ActiveSG Gym @ Enabling Village,24%
2026-09-19T11:30:15.867356+00:00,ActiveSG Gym @ Fernvale Square,38%
2026-09-19T11:30:15.867356+00:00,ActiveSG Gym @ Serangoon Central,37%
2026-09-19T11:30:15.867356+00:00,ActiveSG Gym @ Toa Payoh,41%
2026-09-19T11:30:15.867356+00:00,ActiveSG Gym @ Toa Payoh West Community Centre,24%
2026-09-19T11:30:15.867356+00:00,ActiveSG Hockey Village @ Boon Lay Gym,32%
2026-09-19T11:30:15.867356+00:00,ActiveSG Sport Park @ Teck Ghee ActiveSG Gym,58%
2026-09-19T11:30:15.867356+00:00,Bishan ActiveSG Gym,34%
2026-09-19T11:30:15.867356+00:00,Bukit Batok ActiveSG Gym,38%
2026-09-19T11:30:15.867356+00:00,Bukit Canberra ActiveSG Gym,35%
2026-09-19T11:30:15.867356+00:00,Bukit Gombak ActiveSG Gym,47%
2026-09-19T11:30:15.867356+00:00,Choa Chu Kang ActiveSG Gym,47%
2026-09-19T11:30:15.867356+00:00,Clementi ActiveSG Gym,67%
2026-09-19T11:30:15.867356+00:00,Delta ActiveSG Gym,34%
2026-09-19T11:30:15.867356+00:00,Heartbeat @ Bedok ActiveSG Gym,58%
2026-09-19T11:30:15.867356+00:00,Hougang ActiveSG Gym,41%
2026-09-19T11:30:15.867356+00:00,Jalan Besar ActiveSG Gym,49%
2026-09-19T11:30:15.867356+00:00,Jurong East ActiveSG Gym,36%
2026-09-19T11:30:15.867356+00:00,Jurong Lake Gardens ActiveSG Gym,21%
2026-09-19T11:30:15.867356+00:00,Jurong West ActiveSG Gym,30%
2026-09-19T11:30:15.867356+00:00,Katong ActiveSG Gym,32%
2026-09-19T11:30:15.867356+00:00,Pasir Ris ActiveSG Gym,40%
2026-09-19T11:30:15.867356+00:00,Queenstown ActiveSG Gym,38%
2026-09-19T11:30:15.867356+00:00,Sengkang ActiveSG Gym,65%
2026-09-19T11:30:15.867356+00:00,Senja-Cashew ActiveSG Gym,22%
2026-09-19T11:30:15.867356+00:00,Tampines ActiveSG Gym,72%
2026-09-19T11:30:15.867356+00:00,Woodlands ActiveSG Gym,34%
2026-09-19T11:30:15.867356+00:00,Yio Chu Kang ActiveSG Gym,36%
2026-09-19T11:30:15.867356+00:00,Yishun ActiveSG Gym,32%
2026-09-19T11:45:15.952182+00:00,ActiveSG Gym @ Ang Mo Kio Community Centre,28%
2026-09-19T11:45:15.952182+00:00,ActiveSG Gym @ Enabling Village,24%
2026-09-19T11:45:15.952182+00:00,ActiveSG Gym @ Fernvale Square,37%
2026-09-19T11:45:15.952182+00:00,ActiveSG Gym @ Serangoon Central,27%
2026-09-19T11:45:15.952182+00:00,ActiveSG Gym @ Toa Payoh,39%
2026-09-19T11:45:15.952182+00:00,ActiveSG Gym @ Toa Payoh West Community Centre,24%
2026-09-19T11:45:15.952182+00:00,ActiveSG Hockey Village @ Boon Lay Gym,32%
2026-09-19T11:45:15.952182+00:00,ActiveSG Sport Park @ Teck Ghee ActiveSG Gym,57%
2026-09-19T11:45:15.952182+00:00,Bishan ActiveSG Gym,35%
2026-09-19T11:45:15.952182+00:00,Bukit Batok ActiveSG Gym,38%
2026-09-19T11:45:15.952182+00:00,Bukit Canberra ActiveSG Gym,33%
2026-09-19T11:45:15.952182+00:00,Bukit Gombak ActiveSG Gym,43%
2026-09-19T11:45:15.952182+00:00,Choa Chu Kang ActiveSG Gym,49%
2026-09-19T11:45:15.952182+00:00,Clementi ActiveSG Gym,60%
2026-09-19T11:45:15.952182+00:00,Delta ActiveSG Gym,33%
2026-09-19T11:45:15.952182+00:00,Heartbeat @ Bedok ActiveSG Gym,59%
2026-09-19T11:45:15.952182+00:00,Hougang ActiveSG Gym,38%
2026-09-19T11:45:15.952182+00:00,Jalan Besar ActiveSG Gym,55%
2026-09-19T11:45:15.952182+00:00,Jurong East ActiveSG Gym,37%
2026-09-19T11:45:15.952182+00:00,Jurong Lake Gardens ActiveSG Gym,21%
2026-09-19T11:45:15.952182+00:00,Jurong West ActiveSG Gym,30%
2026-09-19T11:45:15.952182+00:00,Katong ActiveSG Gym,25%
2026-09-19T11:45:15.952182+00:00,Pasir Ris ActiveSG Gym,39%
2026-09-19T11:45:15.952182+00:00,Queenstown ActiveSG Gym,40%
2026-09-19T11:45:15.952182+00:00,Sengkang ActiveSG Gym,66%
2026-09-19T11:45:15.952182+00:00,Senja-Cashew ActiveSG Gym,25%
2026-09-19T11:45:15.952182+00:00,Tampines ActiveSG Gym,71%
2026-09-19T11:45:15.952182+00:00,Woodlands ActiveSG Gym,41%
2026-09-19T11:45:15.952182+00:00,Yio Chu Kang ActiveSG Gym,32%
2026-09-19T11:45:15.952182+00:00,Yishun ActiveSG Gym,32%
2026-09-19T12:00:15.485301+00:00,ActiveSG Gym @ Ang Mo Kio Community Centre,25%
2026-09-19T12:00:15.485301+00:00,ActiveSG Gym @ Enabling Village,24%
2026-09-19T12:00:15.485301+00:00,ActiveSG Gym @ Fernvale Square,40%
2026-09-19T12:00:15.485301+00:00,ActiveSG Gym @ Serangoon Central,23%
2026-09-19T12:00:15.485301+00:00,ActiveSG Gym @ Toa Payoh,39%
2026-09-19T12:00:15.485301+00:00,ActiveSG Gym @ Toa Payoh West Community Centre,13%
2026-09-19T12:00:15.485301+00:00,ActiveSG Hockey Village @ Boon Lay Gym,32%
2026-09-19T12:00:15.485301+00:00,ActiveSG Sport Park @ Teck Ghee ActiveSG Gym,56%
2026-09-19T12:00:15.485301+00:00,Bishan ActiveSG Gym,39%
2026-09-19T12:00:15.485301+00:00,Bukit Batok ActiveSG Gym,45%
2026-09-19T12:00:15.485301+00:00,Bukit Canberra ActiveSG Gym,36%
2026-09-19T12:00:15.485301+00:00,Bukit Gombak ActiveSG Gym,44%
2026-09-19T12:00:15.485301+00:00,Choa Chu Kang ActiveSG Gym,45%
2026-09-19T12:00:15.485301+00:00,Clementi ActiveSG Gym,63%
2026-09-19T12:00:15.485301+00:00,Delta ActiveSG Gym,32%
2026-09-19T12:00:15.485301+00:00,Heartbeat @ Bedok ActiveSG Gym,57%
2026-09-19T12:00:15.485301+00:00,Hougang ActiveSG Gym,44%
2026-09-19T12:00:15.485301+00:00,Jalan Besar ActiveSG Gym,59%
2026-09-19T12:00:15.485301+00:00,Jurong East ActiveSG Gym,38%
2026-09-19T12:00:15.485301+00:00,Jurong Lake Gardens ActiveSG Gym,23%
2026-09-19T12:00:15.485301+00:00,Jurong West ActiveSG Gym,30%
2026-09-19T12:00:15.485301+00:00,Katong ActiveSG Gym,26%
2026-09-19T12:00:15.485301+00:00,Pasir Ris ActiveSG Gym,35%
2026-09-19T12:00:15.485301+00:00,Queenstown ActiveSG Gym,36%
2026-09-19T12:00:15.485301+00:00,Sengkang ActiveSG Gym,62%
2026-09-19T12:00:15.485301+00:00,Senja-Cashew ActiveSG Gym,17%
2026-09-19T12:00:15.485301+00:00,Tampines ActiveSG Gym,73%
2026-09-19T12:00:15.485301+00:00,Woodlands ActiveSG Gym,43%
2026-09-19T12:00:15.485301+00:00,Yio Chu Kang ActiveSG Gym,21%
2026-09-19T12:00:15.485301+00:00,Yishun ActiveSG Gym,32%
2026-09-19T12:15:15.064649+00:00,ActiveSG Gym @ Ang Mo Kio Community Centre,25%
2026-09-19T12:15:15.064649+00:00,ActiveSG Gym @ Enabling Village,24%
2026-09-19T12:15:15.064649+00:00,ActiveSG Gym @ Fernvale Square,45%
2026-09-19T12:15:15.064649+00:00,ActiveSG Gym @ Serangoon Central,23%
2026-09-19T12:15:15.064649+00:00,ActiveSG Gym @ Toa Payoh,42%
2026-09-19T12:15:15.064649+00:00,ActiveSG Gym @ Toa Payoh West Community Centre,13%
2026-09-19T12:15:15.064649+00:00,ActiveSG Hockey Village @ Boon Lay Gym,32%
2026-09-19T12:15:15.064649+00:00,ActiveSG Sport Park @ Teck Ghee ActiveSG Gym,56%
2026-09-19T12:15:15.064649+00:00,Bishan ActiveSG Gym,41%
2026-09-19T12:15:15.064649+00:00,Bukit Batok ActiveSG Gym,35%
2026-09-19T12:15:15.064649+00:00,Bukit Canberra ActiveSG Gym,40%
2026-09-19T12:15:15.064649+00:00,Bukit Gombak ActiveSG Gym,38%
2026-09-19T12:15:15.064649+00:00,Choa Chu Kang ActiveSG Gym,46%
2026-09-19T12:15:15.064649+00:00,Clementi ActiveSG Gym,63%
2026-09-19T12:15:15.064649+00:00,Delta ActiveSG Gym,33%
2026-09-19T12:15:15.064649+00:00,Heartbeat @ Bedok ActiveSG Gym,58%
2026-09-19T12:15:15.064649+00:00,Hougang ActiveSG Gym,47%
2026-09-19T12:15:15.064649+00:00,Jalan Besar ActiveSG Gym,47%
2026-09-19T12:15:15.064649+00:00,Jurong East ActiveSG Gym,42%
2026-09-19T12:15:15.064649+00:00,Jurong Lake Gardens ActiveSG Gym,23%
2026-09-19T12:15:15.064649+00:00,Jurong West ActiveSG Gym,30%
2026-09-19T12:15:15.064649+00:00,Katong ActiveSG Gym,31%
2026-09-19T12:15:15.064649+00:00,Pasir Ris ActiveSG Gym,32%
2026-09-19T12:15:15.064649+00:00,Queenstown ActiveSG Gym,41%
2026-09-19T12:15:15.064649+00:00,Sengkang ActiveSG Gym,63%
2026-09-19T12:15:15.064649+00:00,Senja-Cashew ActiveSG Gym,28%
2026-09-19T12:15:15.064649+00:00,Tampines ActiveSG Gym,71%
2026-09-19T12:15:15.064649+00:00,Woodlands ActiveSG Gym,46%
2026-09-19T12:15:15.064649+00:00,Yio Chu Kang ActiveSG Gym,21%
2026-09-19T12:15:15.064649+00:00,Yishun ActiveSG Gym,32%
2026-09-19T12:30:15.579858+00:00,ActiveSG Gym @ Ang Mo Kio Community Centre,28%
2026-09-19T12:30:15.579858+00:00,ActiveSG Gym @ Enabling Village,24%
2026-09-19T12:30:15.579858+00:00,ActiveSG Gym @ Fernvale Square,50%
2026-09-19T12:30:15.579858+00:00,ActiveSG Gym @ Serangoon Central,17%
2026-09-19T12:30:15.579858+00:00,ActiveSG Gym @ Toa Payoh,48%
2026-09-19T12:30:15.579858+00:00,ActiveSG Gym @ Toa Payoh West Community Centre,13%
2026-09-19T12:30:15.579858+00:00,ActiveSG Hockey Village @ Boon Lay Gym,32%
2026-09-19T12:30:15.579858+00:00,ActiveSG Sport Park @ Teck Ghee ActiveSG Gym,59%
2026-09-19T12:30:15.579858+00:00,Bishan ActiveSG Gym,46%
2026-09-19T12:30:15.579858+00:00,Bukit Batok ActiveSG Gym,35%
2026-09-19T12:30:15.579858+00:00,Bukit Canberra ActiveSG Gym,41%
2026-09-19T12:30:15.579858+00:00,Bukit Gombak ActiveSG Gym,37%
2026-09-19T12:30:15.579858+00:00,Choa Chu Kang ActiveSG Gym,47%
2026-09-19T12:30:15.579858+00:00,Clementi ActiveSG Gym,57%
2026-09-19T12:30:15.579858+00:00,Delta ActiveSG Gym,32%
2026-09-19T12:30:15.579858+00:00,Heartbeat @ Bedok ActiveSG Gym,59%
2026-09-19T12:30:15.579858+00:00,Hougang ActiveSG Gym,50%
2026-09-19T12:30:15.579858+00:00,Jalan Besar ActiveSG Gym,47%
2026-09-19T12:30:15.579858+00:00,Jurong East ActiveSG Gym,44%
2026-09-19T12:30:15.579858+00:00,Jurong Lake Gardens ActiveSG Gym,23%
2026-09-19T12:30:15.579858+00:00,Jurong West ActiveSG Gym,30%
2026-09-19T12:30:15.579858+00:00,Katong ActiveSG Gym,35%
2026-09-19T12:30:15.579858+00:00,Pasir Ris ActiveSG Gym,35%
2026-09-19T12:30:15.579858+00:00,Queenstown ActiveSG Gym,46%
2026-09-19T12:30:15.579858+00:00,Sengkang ActiveSG Gym,65%
2026-09-19T12:30:15.579858+00:00,Senja-Cashew ActiveSG Gym,35%
2026-09-19T12:30:15.579858+00:00,Tampines ActiveSG Gym,71%
2026-09-19T12:30:15.579858+00:00,Woodlands ActiveSG Gym,50%
2026-09-19T12:30:15.579858+00:00,Yio Chu Kang ActiveSG Gym,22%
2026-09-19T12:30:15.579858+00:00,Yishun ActiveSG Gym,33%
2026-09-19T12:45:17.554077+00:00,ActiveSG Gym @ Ang Mo Kio Community Centre,28%
2026-09-19T12:45:17.554077+00:00,ActiveSG Gym @ Enabling Village,24%
2026-09-19T12:45:17.554077+00:00,ActiveSG Gym @ Fernvale Square,57%
2026-09-19T12:45:17.554077+00:00,ActiveSG Gym @ Serangoon Central,33%
2026-09-19T12:45:17.554077+00:00,ActiveSG Gym @ Toa Payoh,47%
2026-09-19T12:45:17.554077+00:00,ActiveSG Gym @ Toa Payoh West Community Centre,21%
2026-09-19T12:45:17.554077+00:00,ActiveSG Hockey Village @ Boon Lay Gym,33%
2026-09-19T12:45:17.554077+00:00,ActiveSG Sport Park @ Teck Ghee ActiveSG Gym,62%
2026-09-19T12:45:17.554077+00:00,Bishan ActiveSG Gym,49%
2026-09-19T12:45:17.554077+00:00,Bukit Batok ActiveSG Gym,38%
2026-09-19T12:45:17.554077+00:00,Bukit Canberra ActiveSG Gym,40%
2026-09-19T12:45:17.554077+00:00,Bukit Gombak ActiveSG Gym,28%
2026-09-19T12:45:17.554077+00:00,Choa Chu Kang ActiveSG Gym,46%
2026-09-19T12:45:17.554077+00:00,Clementi ActiveSG Gym,61%
2026-09-19T12:45:17.554077+00:00,Delta ActiveSG Gym,33%
2026-09-19T12:45:17.554077+00:00,Heartbeat @ Bedok ActiveSG Gym,58%
2026-09-19T12:45:17.554077+00:00,Hougang ActiveSG Gym,51%
2026-09-19T12:45:17.554077+00:00,Jalan Besar ActiveSG Gym,48%
2026-09-19T12:45:17.554077+00:00,Jurong East ActiveSG Gym,40%
2026-09-19T12:45:17.554077+00:00,Jurong Lake Gardens ActiveSG Gym,23%
2026-09-19T12:45:17.554077+00:00,Jurong West ActiveSG Gym,29%
2026-09-19T12:45:17.554077+00:00,Katong ActiveSG Gym,35%
2026-09-19T12:45:17.554077+00:00,Pasir Ris ActiveSG Gym,31%
2026-09-19T12:45:17.554077+00:00,Queenstown ActiveSG Gym,31%
2026-09-19T12:45:17.554077+00:00,Sengkang ActiveSG Gym,64%
2026-09-19T12:45:17.554077+00:00,Senja-Cashew ActiveSG Gym,43%
2026-09-19T12:45:17.554077+00:00,Tampines ActiveSG Gym,70%
2026-09-19T12:45:17.554077+00:00,Woodlands ActiveSG Gym,51%
2026-09-19T12:45:17.554077+00:00,Yio Chu Kang ActiveSG Gym,21%
2026-09-19T12:45:17.554077+00:00,Yishun ActiveSG Gym,36%
2026-09-19T13:00:13.810337+00:00,ActiveSG Gym @ Ang Mo Kio Community Centre,28%
2026-09-19T13:00:13.810337+00:00,ActiveSG Gym @ Enabling Village,24%
2026-09-19T13:00:13.810337+00:00,ActiveSG Gym @ Fernvale Square,57%
2026-09-19T13:00:13.810337+00:00,ActiveSG Gym @ Serangoon Central,57%
2026-09-19T13:00:13.810337+00:00,ActiveSG Gym @ Toa Payoh,43%
2026-09-19T13:00:13.810337+00:00,ActiveSG Gym @ Toa Payoh West Community Centre,21%
2026-09-19T13:00:13.810337+00:00,ActiveSG Hockey Village @ Boon Lay Gym,33%
2026-09-19T13:00:13.810337+00:00,ActiveSG Sport Park @ Teck Ghee ActiveSG Gym,63%
2026-09-19T13:00:13.810337+00:00,Bishan ActiveSG Gym,50%
2026-09-19T13:00:13.810337+00:00,Bukit Batok ActiveSG Gym,30%
2026-09-19T13:00:13.810337+00:00,Bukit Canberra ActiveSG Gym,40%
2026-09-19T13:00:13.810337+00:00,Bukit Gombak ActiveSG Gym,20%
2026-09-19T13:00:13.810337+00:00,Choa Chu Kang ActiveSG Gym,43%
2026-09-19T13:00:13.810337+00:00,Clementi ActiveSG Gym,62%
2026-09-19T13:00:13.810337+00:00,Delta ActiveSG Gym,32%
2026-09-19T13:00:13.810337+00:00,Heartbeat @ Bedok ActiveSG Gym,58%
2026-09-19T13:00:13.810337+00:00,Hougang ActiveSG Gym,53%
2026-09-19T13:00:13.810337+00:00,Jalan Besar ActiveSG Gym,51%
2026-09-19T13:00:13.810337+00:00,Jurong East ActiveSG Gym,39%
2026-09-19T13:00:13.810337+00:00,Jurong Lake Gardens ActiveSG Gym,23%
2026-09-19T13:00:13.810337+00:00,Jurong West ActiveSG Gym,27%
2026-09-19T13:00:13.810337+00:00,Katong ActiveSG Gym,42%
2026-09-19T13:00:13.810337+00:00,Pasir Ris ActiveSG Gym,26%
2026-09-19T13:00:13.810337+00:00,Queenstown ActiveSG Gym,29%
2026-09-19T13:00:13.810337+00:00,Sengkang ActiveSG Gym,63%
2026-09-19T13:00:13.810337+00:00,Senja-Cashew ActiveSG Gym,45%
2026-09-19T13:00:13.810337+00:00,Tampines ActiveSG Gym,71%
2026-09-19T13:00:13.810337+00:00,Woodlands ActiveSG Gym,53%
2026-09-19T13:00:13.810337+00:00,Yio Chu Kang ActiveSG Gym,18%
2026-09-19T13:00:13.810337+00:00,Yishun ActiveSG Gym,32%
2026-09-19T13:15:13.860104+00:00,ActiveSG Gym @ Ang Mo Kio Community Centre,28%
2026-09-19T13:15:13.860104+00:00,ActiveSG Gym @ Enabling Village,24%
2026-09-19T13:15:13.860104+00:00,ActiveSG Gym @ Fernvale Square,57%
2026-09-19T13:15:13.860104+00:00,ActiveSG Gym @ Serangoon Central,50%
2026-09-19T13:15:13.860104+00:00,ActiveSG Gym @ Toa Payoh,41%
2026-09-19T13:15:13.860104+00:00,ActiveSG Gym @ Toa Payoh West Community Centre,28%
2026-09-19T13:15:13.860104+00:00,ActiveSG Hockey Village @ Boon Lay Gym,33%
2026-09-19T13:15:13.860104+00:00,ActiveSG Sport Park @ Teck Ghee ActiveSG Gym,62%
2026-09-19T13:15:13.860104+00:00,Bishan ActiveSG Gym,52%
2026-09-19T13:15:13.860104+00:00,Bukit Batok ActiveSG Gym,23%
2026-09-19T13:15:13.860104+00:00,Bukit Canberra ActiveSG Gym,38%
2026-09-19T13:15:13.860104+00:00,Bukit Gombak ActiveSG Gym,18%
2026-09-19T13:15:13.860104+00:00,Choa Chu Kang ActiveSG Gym,41%
2026-09-19T13:15:13.860104+00:00,Clementi ActiveSG Gym,52%
2026-09-19T13:15:13.860104+00:00,Delta ActiveSG Gym,31%
2026-09-19T13:15:13.860104+00:00,Heartbeat @ Bedok ActiveSG Gym,53%
2026-09-19T13:15:13.860104+00:00,Hougang ActiveSG Gym,46%
2026-09-19T13:15:13.860104+00:00,Jalan Besar ActiveSG Gym,56%
2026-09-19T13:15:13.860104+00:00,Jurong East ActiveSG Gym,39%
2026-09-19T13:15:13.860104+00:00,Jurong Lake Gardens ActiveSG Gym,17%
2026-09-19T13:15:13.860104+00:00,Jurong West ActiveSG Gym,27%
2026-09-19T13:15:13.860104+00:00,Katong ActiveSG Gym,32%
2026-09-19T13:15:13.860104+00:00,Pasir Ris ActiveSG Gym,21%
2026-09-19T13:15:13.860104+00:00,Queenstown ActiveSG Gym,30%
2026-09-19T13:15:13.860104+00:00,Sengkang ActiveSG Gym,62%
2026-09-19T13:15:13.860104+00:00,Senja-Cashew ActiveSG Gym,49%
2026-09-19T13:15:13.860104+00:00,Tampines ActiveSG Gym,70%
2026-09-19T13:15:13.860104+00:00,Woodlands ActiveSG Gym,0%
2026-09-19T13:15:13.860104+00:00,Yio Chu Kang ActiveSG Gym,16%
2026-09-19T13:15:13.860104+00:00,Yishun ActiveSG Gym,35%
2026-09-19T13:30:14.279644+00:00,ActiveSG Gym @ Ang Mo Kio Community Centre,32%
2026-09-19T13:30:14.279644+00:00,ActiveSG Gym @ Enabling Village,24%
2026-09-19T13:30:14.279644+00:00,ActiveSG Gym @ Fernvale Square,57%
2026-09-19T13:30:14.279644+00:00,ActiveSG Gym @ Serangoon Central,47%
2026-09-19T13:30:14.279644+00:00,ActiveSG Gym @ Toa Payoh,31%
2026-09-19T13:30:14.279644+00:00,ActiveSG Gym @ Toa Payoh West Community Centre,21%
2026-09-19T13:30:14.279644+00:00,ActiveSG Hockey Village @ Boon Lay Gym,33%
2026-09-19T13:30:14.279644+00:00,ActiveSG Sport Park @ Teck Ghee ActiveSG Gym,62%
2026-09-19T13:30:14.279644+00:00,Bishan ActiveSG Gym,50%
2026-09-19T13:30:14.279644+00:00,Bukit Batok ActiveSG Gym,23%
2026-09-19T13:30:14.279644+00:00,Bukit Canberra ActiveSG Gym,33%
2026-09-19T13:30:14.279644+00:00,Bukit Gombak ActiveSG Gym,17%
2026-09-19T13:30:14.279644+00:00,Choa Chu Kang ActiveSG Gym,32%
2026-09-19T13:30:14.279644+00:00,Clementi ActiveSG Gym,37%
2026-09-19T13:30:14.279644+00:00,Delta ActiveSG Gym,28%
2026-09-19T13:30:14.279644+00:00,Heartbeat @ Bedok ActiveSG Gym,49%
2026-09-19T13:30:14.279644+00:00,Hougang ActiveSG Gym,38%
2026-09-19T13:30:14.279644+00:00,Jalan Besar ActiveSG Gym,42%
2026-09-19T13:30:14.279644+00:00,Jurong East ActiveSG Gym,41%
2026-09-19T13:30:14.279644+00:00,Jurong Lake Gardens ActiveSG Gym,17%
2026-09-19T13:30:14.279644+00:00,Jurong West ActiveSG Gym,27%
2026-09-19T13:30:14.279644+00:00,Katong ActiveSG Gym,26%
2026-09-19T13:30:14.279644+00:00,Pasir Ris ActiveSG Gym,18%
2026-09-19T13:30:14.279644+00:00,Queenstown ActiveSG Gym,29%
2026-09-19T13:30:14.279644+00:00,Sengkang ActiveSG Gym,60%
2026-09-19T13:30:14.279644+00:00,Senja-Cashew ActiveSG Gym,51%
2026-09-19T13:30:14.279644+00:00,Tampines ActiveSG Gym,60%
2026-09-19T13:30:14.279644+00:00,Woodlands ActiveSG Gym,0%
2026-09-19T13:30:14.279644+00:00,Yio Chu Kang ActiveSG Gym,11%
2026-09-19T13:30:14.279644+00:00,Yishun ActiveSG Gym,30%
2026-09-19T13:45:15.312967+00:00,ActiveSG Gym @ Ang Mo Kio Community Centre,30%
2026-09-19T13:45:15.312967+00:00,ActiveSG Gym @ Enabling Village,0%
2026-09-19T13:45:15.312967+00:00,ActiveSG Gym @ Fernvale Square,57%
2026-09-19T13:45:15.312967+00:00,ActiveSG Gym @ Serangoon Central,40%
2026-09-19T13:45:15.312967+00:00,ActiveSG Gym @ Toa Payoh,25%
2026-09-19T13:45:15.312967+00:00,ActiveSG Gym @ Toa Payoh West Community Centre,24%
2026-09-19T13:45:15.312967+00:00,ActiveSG Hockey Village @ Boon Lay Gym,0%
2026-09-19T13:45:15.312967+00:00,ActiveSG Sport Park @ Teck Ghee ActiveSG Gym,59%
2026-09-19T13:45:15.312967+00:00,Bishan ActiveSG Gym,47%
2026-09-19T13:45:15.312967+00:00,Bukit Batok ActiveSG Gym,23%
2026-09-19T13:45:15.312967+00:00,Bukit Canberra ActiveSG Gym,29%
2026-09-19T13:45:15.312967+00:00,Bukit Gombak ActiveSG Gym,13%
2026-09-19T13:45:15.312967+00:00,Choa Chu Kang ActiveSG Gym,27%
2026-09-19T13:45:15.312967+00:00,Clementi ActiveSG Gym,0%
2026-09-19T13:45:15.312967+00:00,Delta ActiveSG Gym,25%
2026-09-19T13:45:15.312967+00:00,Heartbeat @ Bedok ActiveSG Gym,49%
2026-09-19T13:45:15.312967+00:00,Hougang ActiveSG Gym,28%
2026-09-19T13:45:15.312967+00:00,Jalan Besar ActiveSG Gym,32%
2026-09-19T13:45:15.312967+00:00,Jurong East ActiveSG Gym,0%
2026-09-19T13:45:15.312967+00:00,Jurong Lake Gardens ActiveSG Gym,18%
2026-09-19T13:45:15.312967+00:00,Jurong West ActiveSG Gym,27%
2026-09-19T13:45:15.312967+00:00,Katong ActiveSG Gym,12%
2026-09-19T13:45:15.312967+00:00,Pasir Ris ActiveSG Gym,15%
2026-09-19T13:45:15.312967+00:00,Queenstown ActiveSG Gym,27%
2026-09-19T13:45:15.312967+00:00,Sengkang ActiveSG Gym,58%
2026-09-19T13:45:15.312967+00:00,Senja-Cashew ActiveSG Gym,0%
2026-09-19T13:45:15.312967+00:00,Tampines ActiveSG Gym,59%
2026-09-19T13:45:15.312967+00:00,Woodlands ActiveSG Gym,0%
2026-09-19T13:45:15.312967+00:00,Yio Chu Kang ActiveSG Gym,8%
2026-09-19T13:45:15.312967+00:00,Yishun ActiveSG Gym,30%
2026-09-19T23:00:12.693746+00:00,ActiveSG Gym @ Ang Mo Kio Community Centre,0%
2026-09-19T23:00:12.693746+00:00,ActiveSG Gym @ Enabling Village,0%
2026-09-19T23:00:12.693746+00:00,ActiveSG Gym @ Fernvale Square,0%
2026-09-19T23:00:12.693746+00:00,ActiveSG Gym @ Serangoon Central,0%
2026-09-19T23:00:12.693746+00:00,ActiveSG Gym @ Toa Payoh,0%
2026-09-19T23:00:12.693746+00:00,ActiveSG Gym @ Toa Payoh West Community Centre,0%
2026-09-19T23:00:12.693746+00:00,ActiveSG Hockey Village @ Boon Lay Gym,0%
2026-09-19T23:00:12.693746+00:00,ActiveSG Sport Park @ Teck Ghee ActiveSG Gym,0%
2026-09-19T23:00:12.693746+00:00,Bishan ActiveSG Gym,0%
2026-09-19T23:00:12.693746+00:00,Bukit Batok ActiveSG Gym,0%
2026-09-19T23:00:12.693746+00:00,Bukit Canberra ActiveSG Gym,4%
2026-09-19T23:00:12.693746+00:00,Bukit Gombak ActiveSG Gym,0%
2026-09-19T23:00:12.693746+00:00,Choa Chu Kang ActiveSG Gym,0%
2026-09-19T23:00:12.693746+00:00,Clementi ActiveSG Gym,0%
2026-09-19T23:00:12.693746+00:00,Delta ActiveSG Gym,0%
2026-09-19T23:00:12.693746+00:00,Heartbeat @ Bedok ActiveSG Gym,0%
2026-09-19T23:00:12.693746+00:00,Hougang ActiveSG Gym,0%
2026-09-19T23:00:12.693746+00:00,Jalan Besar ActiveSG Gym,0%
2026-09-19T23:00:12.693746+00:00,Jurong East ActiveSG Gym,0%
2026-09-19T23:00:12.693746+00:00,Jurong Lake Gardens ActiveSG Gym,0%
2026-09-19T23:00:12.693746+00:00,Jurong West ActiveSG Gym,4%
2026-09-19T23:00:12.693746+00:00,Katong ActiveSG Gym,0%
2026-09-19T23:00:12.693746+00:00,Pasir Ris ActiveSG Gym,0%
2026-09-19T23:00:12.693746+00:00,Queenstown ActiveSG Gym,0%
2026-09-19T23:00:12.693746+00:00,Sengkang ActiveSG Gym,0%
2026-09-19T23:00:12.693746+00:00,Senja-Cashew ActiveSG Gym,0%
2026-09-19T23:00:12.693746+00:00,Tampines ActiveSG Gym,0%
2026-09-19T23:00:12.693746+00:00,Woodlands ActiveSG Gym,2%
2026-09-19T23:00:12.693746+00:00,Yio Chu Kang ActiveSG Gym,0%
2026-09-19T23:00:12.693746+00:00,Yishun ActiveSG Gym,0%
2026-09-19T23:15:14.312187+00:00,ActiveSG Gym @ Ang Mo Kio Community Centre,15%
2026-09-19T23:15:14.312187+00:00,ActiveSG Gym @ Enabling Village,9%
2026-09-19T23:15:14.312187+00:00,ActiveSG Gym @ Fernvale Square,20%
2026-09-19T23:15:14.312187+00:00,ActiveSG Gym @ Serangoon Central,30%
2026-09-19T23:15:14.312187+00:00,ActiveSG Gym @ Toa Payoh,21%
2026-09-19T23:15:14.312187+00:00,ActiveSG Gym @ Toa Payoh West Community Centre,4%
2026-09-19T23:15:14.312187+00:00,ActiveSG Hockey Village @ Boon Lay Gym,4%
2026-09-19T23:15:14.312187+00:00,ActiveSG Sport Park @ Teck Ghee ActiveSG Gym,6%
2026-09-19T23:15:14.312187+00:00,Bishan ActiveSG Gym,12%
2026-09-19T23:15:14.312187+00:00,Bukit Batok ActiveSG Gym,25%
2026-09-19T23:15:14.312187+00:00,Bukit Canberra ActiveSG Gym,12%
2026-09-19T23:15:14.312187+00:00,Bukit Gombak ActiveSG Gym,14%
2026-09-19T23:15:14.312187+00:00,Choa Chu Kang ActiveSG Gym,23%
2026-09-19T23:15:14.312187+00:00,Clementi ActiveSG Gym,14%
2026-09-19T23:15:14.312187+00:00,Delta ActiveSG Gym,17%
2026-09-19T23:15:14.312187+00:00,Heartbeat @ Bedok ActiveSG Gym,18%
2026-09-19T23:15:14.312187+00:00,Hougang ActiveSG Gym,10%
2026-09-19T23:15:14.312187+00:00,Jalan Besar ActiveSG Gym,19%
2026-09-19T23:15:14.312187+00:00,Jurong East ActiveSG Gym,4%
2026-09-19T23:15:14.312187+00:00,Jurong Lake Gardens ActiveSG Gym,7%
2026-09-19T23:15:14.312187+00:00,Jurong West ActiveSG Gym,6%
2026-09-19T23:15:14.312187+00:00,Katong ActiveSG Gym,8%
2026-09-19T23:15:14.312187+00:00,Pasir Ris ActiveSG Gym,8%
2026-09-19T23:15:14.312187+00:00,Queenstown ActiveSG Gym,8%
2026-09-19T23:15:14.312187+00:00,Sengkang ActiveSG Gym,34%
2026-09-19T23:15:14.312187+00:00,Senja-Cashew ActiveSG Gym,28%
2026-09-19T23:15:14.312187+00:00,Tampines ActiveSG Gym,20%
2026-09-19T23:15:14.312187+00:00,Woodlands ActiveSG Gym,12%
2026-09-19T23:15:14.312187+00:00,Yio Chu Kang ActiveSG Gym,12%
2026-09-19T23:15:14.312187+00:00,Yishun ActiveSG Gym,11%
2026-09-19T23:30:13.681269+00:00,ActiveSG Gym @ Ang Mo Kio Community Centre,22%
2026-09-19T23:30:13.681269+00:00,ActiveSG Gym @ Enabling Village,11%
2026-09-19T23:30:13.681269+00:00,ActiveSG Gym @ Fernvale Square,27%
2026-09-19T23:30:13.681269+00:00,ActiveSG Gym @ Serangoon Central,30%
2026-09-19T23:30:13.681269+00:00,ActiveSG Gym @ Toa Payoh,25%
2026-09-19T23:30:13.681269+00:00,ActiveSG Gym @ Toa Payoh West Community Centre,5%
2026-09-19T23:30:13.681269+00:00,ActiveSG Hockey Village @ Boon Lay Gym,6%
2026-09-19T23:30:13.681269+00:00,ActiveSG Sport Park @ Teck Ghee ActiveSG Gym,8%
2026-09-19T23:30:13.681269+00:00,Bishan ActiveSG Gym,15%
2026-09-19T23:30:13.681269+00:00,Bukit Batok ActiveSG Gym,35%
2026-09-19T23:30:13.681269+00:00,Bukit Canberra ActiveSG Gym,15%
2026-09-19T23:30:13.681269+00:00,Bukit Gombak ActiveSG Gym,22%
2026-09-19T23:30:13.681269+00:00,Choa Chu Kang ActiveSG Gym,28%
2026-09-19T23:30:13.681269+00:00,Clementi ActiveSG Gym,20%
2026-09-19T23:30:13.681269+00:00,Delta ActiveSG Gym,19%
2026-09-19T23:30:13.681269+00:00,Heartbeat @ Bedok ActiveSG Gym,24%
2026-09-19T23:30:13.681269+00:00,Hougang ActiveSG Gym,15%
2026-09-19T23:30:13.681269+00:00,Jalan Besar ActiveSG Gym,25%
2026-09-19T23:30:13.681269+00:00,Jurong East ActiveSG Gym,6%
2026-09-19T23:30:13.681269+00:00,Jurong Lake Gardens ActiveSG Gym,10%
2026-09-19T23:30:13.681269+00:00,Jurong West ActiveSG Gym,8%
2026-09-19T23:30:13.681269+00:00,Katong ActiveSG Gym,17%
2026-09-19T23:30:13.681269+00:00,Pasir Ris ActiveSG Gym,13%
2026-09-19T23:30:13.681269+00:00,Queenstown ActiveSG Gym,10%
2026-09-19T23:30:13.681269+00:00,Sengkang ActiveSG Gym,34%
2026-09-19T23:30:13.681269+00:00,Senja-Cashew ActiveSG Gym,37%
2026-09-19T23:30:13.681269+00:00,Tampines ActiveSG Gym,28%
2026-09-19T23:30:13.681269+00:00,Woodlands ActiveSG Gym,16%
2026-09-19T23:30:13.681269+00:00,Yio Chu Kang ActiveSG Gym,15%
2026-09-19T23:30:13.681269+00:00,Yishun ActiveSG Gym,21%
2026-09-19T23:45:13.558356+00:00,ActiveSG Gym @ Ang Mo Kio Community Centre,27%
2026-09-19T23:45:13.558356+00:00,ActiveSG Gym @ Enabling Village,16%
2026-09-19T23:45:13.558356+00:00,ActiveSG Gym @ Fernvale Square,30%
2026-09-19T23:45:13.558356+00:00,ActiveSG Gym @ Serangoon Central,40%
2026-09-19T23:45:13.558356+00:00,ActiveSG Gym @ Toa Payoh,32%
2026-09-19T23:45:13.558356+00:00,ActiveSG Gym @ Toa Payoh West Community Centre,5%
2026-09-19T23:45:13.558356+00:00,ActiveSG Hockey Village @ Boon Lay Gym,8%
2026-09-19T23:45:13.558356+00:00,ActiveSG Sport Park @ Teck Ghee ActiveSG Gym,14%
2026-09-19T23:45:13.558356+00:00,Bishan ActiveSG Gym,20%
2026-09-19T23:45:13.558356+00:00,Bukit Batok ActiveSG Gym,43%
2026-09-19T23:45:13.558356+00:00,Bukit Canberra ActiveSG Gym,24%
2026-09-19T23:45:13.558356+00:00,Bukit Gombak ActiveSG Gym,22%
2026-09-19T23:45:13.558356+00:00,Choa Chu Kang ActiveSG Gym,30%
2026-09-19T23:45:13.558356+00:00,Clementi ActiveSG Gym,29%
2026-09-19T23:45:13.558356+00:00,Delta ActiveSG Gym,23%
2026-09-19T23:45:13.558356+00:00,Heartbeat @ Bedok ActiveSG Gym,29%
2026-09-19T23:45:13.558356+00:00,Hougang ActiveSG Gym,19%
2026-09-19T23:45:13.558356+00:00,Jalan Besar ActiveSG Gym,28%
2026-09-19T23:45:13.558356+00:00,Jurong East ActiveSG Gym,9%
2026-09-19T23:45:13.558356+00:00,Jurong Lake Gardens ActiveSG Gym,11%
2026-09-19T23:45:13.558356+00:00,Jurong West ActiveSG Gym,8%
2026-09-19T23:45:13.558356+00:00,Katong ActiveSG Gym,18%
2026-09-19T23:45:13.558356+00:00,Pasir Ris ActiveSG Gym,16%
2026-09-19T23:45:13.558356+00:00,Queenstown ActiveSG Gym,16%
2026-09-19T23:45:13.558356+00:00,Sengkang ActiveSG Gym,42%
2026-09-19T23:45:13.558356+00:00,Senja-Cashew ActiveSG Gym,45%
2026-09-19T23:45:13.558356+00:00,Tampines ActiveSG Gym,33%
2026-09-19T23:45:13.558356+00:00,Woodlands ActiveSG Gym,23%
2026-09-19T23:45:13.558356+00:00,Yio Chu Kang ActiveSG Gym,16%
2026-09-19T23:45:13.558356+00:00,Yishun ActiveSG Gym,26%
2026-09-20T00:00:12.664234+00:00,ActiveSG Gym @ Ang Mo Kio Community Centre,30%
2026-09-20T00:00:12.664234+00:00,ActiveSG Gym @ Enabling Village,16%
2026-09-20T00:00:12.664234+00:00,ActiveSG Gym @ Fernvale Square,35%
2026-09-20T00:00:12.664234+00:00,ActiveSG Gym @ Serangoon Central,40%
2026-09-20T00:00:12.664234+00:00,ActiveSG Gym @ Toa Payoh,38%
2026-09-20T00:00:12.664234+00:00,ActiveSG Gym @ Toa Payoh West Community Centre,5%
2026-09-20T00:00:12.664234+00:00,ActiveSG Hockey Village @ Boon Lay Gym,8%
2026-09-20T00:00:12.664234+00:00,ActiveSG Sport Park @ Teck Ghee ActiveSG Gym,17%
2026-09-20T00:00:12.664234+00:00,Bishan ActiveSG Gym,22%
2026-09-20T00:00:12.664234+00:00,Bukit Batok ActiveSG Gym,35%
2026-09-20T00:00:12.664234+00:00,Bukit Canberra ActiveSG Gym,28%
2026-09-20T00:00:12.664234+00:00,Bukit Gombak ActiveSG Gym,32%
2026-09-20T00:00:12.664234+00:00,Choa Chu Kang ActiveSG Gym,36%
2026-09-20T00:00:12.664234+00:00,Clementi ActiveSG Gym,31%
2026-09-20T00:00:12.664234+00:00,Delta ActiveSG Gym,25%
2026-09-20T00:00:12.664234+00:00,Heartbeat @ Bedok ActiveSG Gym,32%
2026-09-20T00:00:12.664234+00:00,Hougang ActiveSG Gym,21%
2026-09-20T00:00:12.664234+00:00,Jalan Besar ActiveSG Gym,36%
2026-09-20T00:00:12.664234+00:00,Jurong East ActiveSG Gym,11%
2026-09-20T00:00:12.664234+00:00,Jurong Lake Gardens ActiveSG Gym,13%
2026-09-20T00:00:12.664234+00:00,Jurong West ActiveSG Gym,9%
2026-09-20T00:00:12.664234+00:00,Katong ActiveSG Gym,18%
2026-09-20T00:00:12.664234+00:00,Pasir Ris ActiveSG Gym,17%
2026-09-20T00:00:12.664234+00:00,Queenstown ActiveSG Gym,16%
2026-09-20T00:00:12.664234+00:00,Sengkang ActiveSG Gym,46%
2026-09-20T00:00:12.664234+00:00,Senja-Cashew ActiveSG Gym,55%
2026-09-20T00:00:12.664234+00:00,Tampines ActiveSG Gym,33%
2026-09-20T00:00:12.664234+00:00,Woodlands ActiveSG Gym,24%
2026-09-20T00:00:12.664234+00:00,Yio Chu Kang ActiveSG Gym,18%
2026-09-20T00:00:12.664234+00:00,Yishun ActiveSG Gym,27%
2026-09-20T00:15:14.727170+00:00,ActiveSG Gym @ Ang Mo Kio Community Centre,35%
2026-09-20T00:15:14.727170+00:00,ActiveSG Gym @ Enabling Village,22%
2026-09-20T00:15:14.727170+00:00,ActiveSG Gym @ Fernvale Square,28%
2026-09-20T00:15:14.727170+00:00,ActiveSG Gym @ Serangoon Central,47%
2026-09-20T00:15:14.727170+00:00,ActiveSG Gym @ Toa Payoh,37%
2026-09-20T00:15:14.727170+00:00,ActiveSG Gym @ Toa Payoh West Community Centre,15%
2026-09-20T00:15:14.727170+00:00,ActiveSG Hockey Village @ Boon Lay Gym,11%
2026-09-20T00:15:14.727170+00:00,ActiveSG Sport Park @ Teck Ghee ActiveSG Gym,18%
2026-09-20T00:15:14.727170+00:00,Bishan ActiveSG Gym,25%
2026-09-20T00:15:14.727170+00:00,Bukit Batok ActiveSG Gym,40%
2026-09-20T00:15:14.727170+00:00,Bukit Canberra ActiveSG Gym,30%
2026-09-20T00:15:14.727170+00:00,Bukit Gombak ActiveSG Gym,34%
2026-09-20T00:15:14.727170+00:00,Choa Chu Kang ActiveSG Gym,41%
2026-09-20T00:15:14.727170+00:00,Clementi ActiveSG Gym,32%
2026-09-20T00:15:14.727170+00:00,Delta ActiveSG Gym,28%
2026-09-20T00:15:14.727170+00:00,Heartbeat @ Bedok ActiveSG Gym,35%
2026-09-20T00:15:14.727170+00:00,Hougang ActiveSG Gym,22%
2026-09-20T00:15:14.727170+00:00,Jalan Besar ActiveSG Gym,35%
2026-09-20T00:15:14.727170+00:00,Jurong East ActiveSG Gym,11%
2026-09-20T00:15:14.727170+00:00,Jurong Lake Gardens ActiveSG Gym,13%
2026-09-20T00:15:14.727170+00:00,Jurong West ActiveSG Gym,12%
2026-09-20T00:15:14.727170+00:00,Katong ActiveSG Gym,20%
2026-09-20T00:15:14.727170+00:00,Pasir Ris ActiveSG Gym,18%
2026-09-20T00:15:14.727170+00:00,Queenstown ActiveSG Gym,18%
2026-09-20T00:15:14.727170+00:00,Sengkang ActiveSG Gym,49%
2026-09-20T00:15:14.727170+00:00,Senja-Cashew ActiveSG Gym,49%
2026-09-20T00:15:14.727170+00:00,Tampines ActiveSG Gym,34%
2026-09-20T00:15:14.727170+00:00,Woodlands ActiveSG Gym,27%
2026-09-20T00:15:14.727170+00:00,Yio Chu Kang ActiveSG Gym,22%
2026-09-20T00:15:14.727170+00:00,Yishun ActiveSG Gym,26%
2026-09-20T00:30:13.887486+00:00,ActiveSG Gym @ Ang Mo Kio Community Centre,33%
2026-09-20T00:30:13.887486+00:00,ActiveSG Gym @ Enabling Village,18%
2026-09-20T00:30:13.887486+00:00,ActiveSG Gym @ Fernvale Square,25%
2026-09-20T00:30:13.887486+00:00,ActiveSG Gym @ Serangoon Central,50%
2026-09-20T00:30:13.887486+00:00,ActiveSG Gym @ Toa Payoh,41%
2026-09-20T00:30:13.887486+00:00,ActiveSG Gym @ Toa Payoh West Community Centre,24%
2026-09-20T00:30:13.887486+00:00,ActiveSG Hockey Village @ Boon Lay Gym,14%
2026-09-20T00:30:13.887486+00:00,ActiveSG Sport Park @ Teck Ghee ActiveSG Gym,22%
2026-09-20T00:30:13.887486+00:00,Bishan ActiveSG Gym,23%
2026-09-20T00:30:13.887486+00:00,Bukit Batok ActiveSG Gym,33%
2026-09-20T00:30:13.887486+00:00,Bukit Canberra ActiveSG Gym,31%
2026-09-20T00:30:13.887486+00:00,Bukit Gombak ActiveSG Gym,42%
2026-09-20T00:30:13.887486+00:00,Choa Chu Kang ActiveSG Gym,43%
2026-09-20T00:30:13.887486+00:00,Clementi ActiveSG Gym,29%
2026-09-20T00:30:13.887486+00:00,Delta ActiveSG Gym,32%
2026-09-20T00:30:13.887486+00:00,Heartbeat @ Bedok ActiveSG Gym,36%
2026-09-20T00:30:13.887486+00:00,Hougang ActiveSG Gym,25%
2026-09-20T00:30:13.887486+00:00,Jalan Besar ActiveSG Gym,39%
2026-09-20T00:30:13.887486+00:00,Jurong East ActiveSG Gym,11%
2026-09-20T00:30:13.887486+00:00,Jurong Lake Gardens ActiveSG Gym,13%
2026-09-20T00:30:13.887486+00:00,Jurong West ActiveSG Gym,16%
2026-09-20T00:30:13.887486+00:00,Katong ActiveSG Gym,28%
2026-09-20T00:30:13.887486+00:00,Pasir Ris ActiveSG Gym,23%
2026-09-20T00:30:13.887486+00:00,Queenstown ActiveSG Gym,23%
2026-09-20T00:30:13.887486+00:00,Sengkang ActiveSG Gym,48%
2026-09-20T00:30:13.887486+00:00,Senja-Cashew ActiveSG Gym,57%
2026-09-20T00:30:13.887486+00:00,Tampines ActiveSG Gym,39%
2026-09-20T00:30:13.887486+00:00,Woodlands ActiveSG Gym,26%
2026-09-20T00:30:13.887486+00:00,Yio Chu Kang ActiveSG Gym,30%
2026-09-20T00:30:13.887486+00:00,Yishun ActiveSG Gym,27%
2026-09-20T00:45:10.444296+00:00,ActiveSG Gym @ Ang Mo Kio Community Centre,38%
2026-09-20T00:45:10.444296+00:00,ActiveSG Gym @ Enabling Village,18%
2026-09-20T00:45:10.444296+00:00,ActiveSG Gym @ Fernvale Square,30%
2026-09-20T00:45:10.444296+00:00,ActiveSG Gym @ Serangoon Central,37%
2026-09-20T00:45:10.444296+00:00,ActiveSG Gym @ Toa Payoh,41%
2026-09-20T00:45:10.444296+00:00,ActiveSG Gym @ Toa Payoh West Community Centre,24%
2026-09-20T00:45:10.444296+00:00,ActiveSG Hockey Village @ Boon Lay Gym,15%
2026-09-20T00:45:10.444296+00:00,ActiveSG Sport Park @ Teck Ghee ActiveSG Gym,27%
2026-09-20T00:45:10.444296+00:00,Bishan ActiveSG Gym,26%
2026-09-20T00:45:10.444296+00:00,Bukit Batok ActiveSG Gym,25%
2026-09-20T00:45:10.444296+00:00,Bukit Canberra ActiveSG Gym,28%
2026-09-20T00:45:10.444296+00:00,Bukit Gombak ActiveSG Gym,53%
2026-09-20T00:45:10.444296+00:00,Choa Chu Kang ActiveSG Gym,47%
2026-09-20T00:45:10.444296+00:00,Clementi ActiveSG Gym,34%
2026-09-20T00:45:10.444296+00:00,Delta ActiveSG Gym,36%
2026-09-20T00:45:10.444296+00:00,Heartbeat @ Bedok ActiveSG Gym,31%
2026-09-20T00:45:10.444296+00:00,Hougang ActiveSG Gym,27%
2026-09-20T00:45:10.444296+00:00,Jalan Besar ActiveSG Gym,36%
2026-09-20T00:45:10.444296+00:00,Jurong East ActiveSG Gym,14%
2026-09-20T00:45:10.444296+00:00,Jurong Lake Gardens ActiveSG Gym,14%
2026-09-20T00:45:10.444296+00:00,Jurong West ActiveSG Gym,17%
2026-09-20T00:45:10.444296+00:00,Katong ActiveSG Gym,29%
2026-09-20T00:45:10.444296+00:00,Pasir Ris ActiveSG Gym,25%
2026-09-20T00:45:10.444296+00:00,Queenstown ActiveSG Gym,25%
2026-09-20T00:45:10.444296+00:00,Sengkang ActiveSG Gym,47%
2026-09-20T00:45:10.444296+00:00,Senja-Cashew ActiveSG Gym,60%
2026-09-20T00:45:10.444296+00:00,Tampines ActiveSG Gym,36%
2026-09-20T00:45:10.444296+00:00,Woodlands ActiveSG Gym,29%
2026-09-20T00:45:10.444296+00:00,Yio Chu Kang ActiveSG Gym,33%
2026-09-20T00:45:10.444296+00:00,Yishun ActiveSG Gym,25%
2026-09-20T01:00:12.536197+00:00,ActiveSG Gym @ Ang Mo Kio Community Centre,42%
2026-09-20T01:00:12.536197+00:00,ActiveSG Gym @ Enabling Village,18%
2026-09-20T01:00:12.536197+00:00,ActiveSG Gym @ Fernvale Square,33%
2026-09-20T01:00:12.536197+00:00,ActiveSG Gym @ Serangoon Central,50%
2026-09-20T01:00:12.536197+00:00,ActiveSG Gym @ Toa Payoh,41%
2026-09-20T01:00:12.536197+00:00,ActiveSG Gym @ Toa Payoh West Community Centre,31%
2026-09-20T01:00:12.536197+00:00,ActiveSG Hockey Village @ Boon Lay Gym,18%
2026-09-20T01:00:12.536197+00:00,ActiveSG Sport Park @ Teck Ghee ActiveSG Gym,31%
2026-09-20T01:00:12.536197+00:00,Bishan ActiveSG Gym,30%
2026-09-20T01:00:12.536197+00:00,Bukit Batok ActiveSG Gym,35%
2026-09-20T01:00:12.536197+00:00,Bukit Canberra ActiveSG Gym,30%
2026-09-20T01:00:12.536197+00:00,Bukit Gombak ActiveSG Gym,54%
2026-09-20T01:00:12.536197+00:00,Choa Chu Kang ActiveSG Gym,49%
2026-09-20T01:00:12.536197+00:00,Clementi ActiveSG Gym,40%
2026-09-20T01:00:12.536197+00:00,Delta ActiveSG Gym,38%
2026-09-20T01:00:12.536197+00:00,Heartbeat @ Bedok ActiveSG Gym,34%
2026-09-20T01:00:12.536197+00:00,Hougang ActiveSG Gym,34%
2026-09-20T01:00:12.536197+00:00,Jalan Besar ActiveSG Gym,39%
2026-09-20T01:00:12.536197+00:00,Jurong East ActiveSG Gym,18%
2026-09-20T01:00:12.536197+00:00,Jurong Lake Gardens ActiveSG Gym,15%
2026-09-20T01:00:12.536197+00:00,Jurong West ActiveSG Gym,18%
2026-09-20T01:00:12.536197+00:00,Katong ActiveSG Gym,43%
2026-09-20T01:00:12.536197+00:00,Pasir Ris ActiveSG Gym,25%
2026-09-20T01:00:12.536197+00:00,Queenstown ActiveSG Gym,32%
2026-09-20T01:00:12.536197+00:00,Sengkang ActiveSG Gym,47%
2026-09-20T01:00:12.536197+00:00,Senja-Cashew ActiveSG Gym,68%
2026-09-20T01:00:12.536197+00:00,Tampines ActiveSG Gym,39%
2026-09-20T01:00:12.536197+00:00,Woodlands ActiveSG Gym,37%
2026-09-20T01:00:12.536197+00:00,Yio Chu Kang ActiveSG Gym,28%
2026-09-20T01:00:12.536197+00:00,Yishun ActiveSG Gym,27%
2026-09-20T01:15:10.468074+00:00,ActiveSG Gym @ Ang Mo Kio Community Centre,40%
2026-09-20T01:15:10.468074+00:00,ActiveSG Gym @ Enabling Village,9%
2026-09-20T01:15:10.468074+00:00,ActiveSG Gym @ Fernvale Square,30%
2026-09-20T01:15:10.468074+00:00,ActiveSG Gym @ Serangoon Central,40%
2026-09-20T01:15:10.468074+00:00,ActiveSG Gym @ Toa Payoh,43%
2026-09-20T01:15:10.468074+00:00,ActiveSG Gym @ Toa Payoh West Community Centre,31%
2026-09-20T01:15:10.468074+00:00,ActiveSG Hockey Village @ Boon Lay Gym,18%
2026-09-20T01:15:10.468074+00:00,ActiveSG Sport Park @ Teck Ghee ActiveSG Gym,32%
2026-09-20T01:15:10.468074+00:00,Bishan ActiveSG Gym,31%
2026-09-20T01:15:10.468074+00:00,Bukit Batok ActiveSG Gym,45%
2026-09-20T01:15:10.468074+00:00,Bukit Canberra ActiveSG Gym,31%
2026-09-20T01:15:10.468074+00:00,Bukit Gombak ActiveSG Gym,53%
2026-09-20T01:15:10.468074+00:00,Choa Chu Kang ActiveSG Gym,51%
2026-09-20T01:15:10.468074+00:00,Clementi ActiveSG Gym,40%
2026-09-20T01:15:10.468074+00:00,Delta ActiveSG Gym,41%
2026-09-20T01:15:10.468074+00:00,Heartbeat @ Bedok ActiveSG Gym,37%
2026-09-20T01:15:10.468074+00:00,Hougang ActiveSG Gym,36%
2026-09-20T01:15:10.468074+00:00,Jalan Besar ActiveSG Gym,44%
2026-09-20T01:15:10.468074+00:00,Jurong East ActiveSG Gym,18%
2026-09-20T01:15:10.468074+00:00,Jurong Lake Gardens ActiveSG Gym,15%
2026-09-20T01:15:10.468074+00:00,Jurong West ActiveSG Gym,20%
2026-09-20T01:15:10.468074+00:00,Katong ActiveSG Gym,51%
2026-09-20T01:15:10.468074+00:00,Pasir Ris ActiveSG Gym,27%
2026-09-20T01:15:10.468074+00:00,Queenstown ActiveSG Gym,36%
2026-09-20T01:15:10.468074+00:00,Sengkang ActiveSG Gym,55%
2026-09-20T01:15:10.468074+00:00,Senja-Cashew ActiveSG Gym,68%
2026-09-20T01:15:10.468074+00:00,Tampines ActiveSG Gym,44%
2026-09-20T01:15:10.468074+00:00,Woodlands ActiveSG Gym,38%
2026-09-20T01:15:10.468074+00:00,Yio Chu Kang ActiveSG Gym,37%
2026-09-20T01:15:10.468074+00:00,Yishun ActiveSG Gym,40%
2026-09-20T01:30:14.620315+00:00,ActiveSG Gym @ Ang Mo Kio Community Centre,43%
2026-09-20T01:30:14.620315+00:00,ActiveSG Gym @ Enabling Village,13%
2026-09-20T01:30:14.620315+00:00,ActiveSG Gym @ Fernvale Square,35%
2026-09-20T01:30:14.620315+00:00,ActiveSG Gym @ Serangoon Central,40%
2026-09-20T01:30:14.620315+00:00,ActiveSG Gym @ Toa Payoh,46%
2026-09-20T01:30:14.620315+00:00,ActiveSG Gym @ Toa Payoh West Community Centre,31%
2026-09-20T01:30:14.620315+00:00,ActiveSG Hockey Village @ Boon Lay Gym,19%
2026-09-20T01:30:14.620315+00:00,ActiveSG Sport Park @ Teck Ghee ActiveSG Gym,31%
2026-09-20T01:30:14.620315+00:00,Bishan ActiveSG Gym,29%
2026-09-20T01:30:14.620315+00:00,Bukit Batok ActiveSG Gym,50%
2026-09-20T01:30:14.620315+00:00,Bukit Canberra ActiveSG Gym,33%
2026-09-20T01:30:14.620315+00:00,Bukit Gombak ActiveSG Gym,51%
2026-09-20T01:30:14.620315+00:00,Choa Chu Kang ActiveSG Gym,47%
2026-09-20T01:30:14.620315+00:00,Clementi ActiveSG Gym,39%
2026-09-20T01:30:14.620315+00:00,Delta ActiveSG Gym,43%
2026-09-20T01:30:14.620315+00:00,Heartbeat @ Bedok ActiveSG Gym,38%
2026-09-20T01:30:14.620315+00:00,Hougang ActiveSG Gym,36%
2026-09-20T01:30:14.620315+00:00,Jalan Besar ActiveSG Gym,49%
2026-09-20T01:30:14.620315+00:00,Jurong East ActiveSG Gym,27%
2026-09-20T01:30:14.620315+00:00,Jurong Lake Gardens ActiveSG Gym,17%
2026-09-20T01:30:14.620315+00:00,Jurong West ActiveSG Gym,26%
2026-09-20T01:30:14.620315+00:00,Katong ActiveSG Gym,52%
2026-09-20T01:30:14.620315+00:00,Pasir Ris ActiveSG Gym,34%
2026-09-20T01:30:14.620315+00:00,Queenstown ActiveSG Gym,39%
2026-09-20T01:30:14.620315+00:00,Sengkang ActiveSG Gym,55%
2026-09-20T01:30:14.620315+00:00,Senja-Cashew ActiveSG Gym,74%
2026-09-20T01:30:14.620315+00:00,Tampines ActiveSG Gym,49%
2026-09-20T01:30:14.620315+00:00,Woodlands ActiveSG Gym,38%
2026-09-20T01:30:14.620315+00:00,Yio Chu Kang ActiveSG Gym,41%
2026-09-20T01:30:14.620315+00:00,Yishun ActiveSG Gym,48%
2026-09-20T01:45:14.160748+00:00,ActiveSG Gym @ Ang Mo Kio Community Centre,42%
2026-09-20T01:45:14.160748+00:00,ActiveSG Gym @ Enabling Village,18%
2026-09-20T01:45:14.160748+00:00,ActiveSG Gym @ Fernvale Square,37%
2026-09-20T01:45:14.160748+00:00,ActiveSG Gym @ Serangoon Central,43%
2026-09-20T01:45:14.160748+00:00,ActiveSG Gym @ Toa Payoh,51%
2026-09-20T01:45:14.160748+00:00,ActiveSG Gym @ Toa Payoh West Community Centre,25%
2026-09-20T01:45:14.160748+00:00,ActiveSG Hockey Village @ Boon Lay Gym,21%
2026-09-20T01:45:14.160748+00:00,ActiveSG Sport Park @ Teck Ghee ActiveSG Gym,35%
2026-09-20T01:45:14.160748+00:00,Bishan ActiveSG Gym,23%
2026-09-20T01:45:14.160748+00:00,Bukit Batok ActiveSG Gym,50%
2026-09-20T01:45:14.160748+00:00,Bukit Canberra ActiveSG Gym,34%
2026-09-20T01:45:14.160748+00:00,Bukit Gombak ActiveSG Gym,54%
2026-09-20T01:45:14.160748+00:00,Choa Chu Kang ActiveSG Gym,49%
2026-09-20T01:45:14.160748+00:00,Clementi ActiveSG Gym,43%
2026-09-20T01:45:14.160748+00:00,Delta ActiveSG Gym,40%
2026-09-20T01:45:14.160748+00:00,Heartbeat @ Bedok ActiveSG Gym,38%
2026-09-20T01:45:14.160748+00:00,Hougang ActiveSG Gym,46%
2026-09-20T01:45:14.160748+00:00,Jalan Besar ActiveSG Gym,49%
2026-09-20T01:45:14.160748+00:00,Jurong East ActiveSG Gym,36%
2026-09-20T01:45:14.160748+00:00,Jurong Lake Gardens ActiveSG Gym,25%
2026-09-20T01:45:14.160748+00:00,Jurong West ActiveSG Gym,26%
2026-09-20T01:45:14.160748+00:00,Katong ActiveSG Gym,51%
2026-09-20T01:45:14.160748+00:00,Pasir Ris ActiveSG Gym,41%
2026-09-20T01:45:14.160748+00:00,Queenstown ActiveSG Gym,36%
2026-09-20T01:45:14.160748+00:00,Sengkang ActiveSG Gym,48%
2026-09-20T01:45:14.160748+00:00,Senja-Cashew ActiveSG Gym,72%
2026-09-20T01:45:14.160748+00:00,Tampines ActiveSG Gym,60%
2026-09-20T01:45:14.160748+00:00,Woodlands ActiveSG Gym,39%
2026-09-20T01:45:14.160748+00:00,Yio Chu Kang ActiveSG Gym,44%
2026-09-20T01:45:14.160748+00:00,Yishun ActiveSG Gym,47%
2026-09-20T02:00:12.396375+00:00,ActiveSG Gym @ Ang Mo Kio Community Centre,45%
2026-09-20T02:00:12.396375+00:00,ActiveSG Gym @ Enabling Village,20%
2026-09-20T02:00:12.396375+00:00,ActiveSG Gym @ Fernvale Square,40%
2026-09-20T02:00:12.396375+00:00,ActiveSG Gym @ Serangoon Central,43%
2026-09-20T02:00:12.396375+00:00,ActiveSG Gym @ Toa Payoh,49%
2026-09-20T02:00:12.396375+00:00,ActiveSG Gym @ Toa Payoh West Community Centre,25%
2026-09-20T02:00:12.396375+00:00,ActiveSG Hockey Village @ Boon Lay Gym,19%
2026-09-20T02:00:12.396375+00:00,ActiveSG Sport Park @ Teck Ghee ActiveSG Gym,35%
2026-09-20T02:00:12.396375+00:00,Bishan ActiveSG Gym,25%
2026-09-20T02:00:12.396375+00:00,Bukit Batok ActiveSG Gym,65%
2026-09-20T02:00:12.396375+00:00,Bukit Canberra ActiveSG Gym,37%
2026-09-20T02:00:12.396375+00:00,Bukit Gombak ActiveSG Gym,56%
2026-09-20T02:00:12.396375+00:00,Choa Chu Kang ActiveSG Gym,49%
2026-09-20T02:00:12.396375+00:00,Clementi ActiveSG Gym,51%
2026-09-20T02:00:12.396375+00:00,Delta ActiveSG Gym,36%
2026-09-20T02:00:12.396375+00:00,Heartbeat @ Bedok ActiveSG Gym,43%
2026-09-20T02:00:12.396375+00:00,Hougang ActiveSG Gym,46%
2026-09-20T02:00:12.396375+00:00,Jalan Besar ActiveSG Gym,55%
2026-09-20T02:00:12.396375+00:00,Jurong East ActiveSG Gym,43%
2026-09-20T02:00:12.396375+00:00,Jurong Lake Gardens ActiveSG Gym,26%
2026-09-20T02:00:12.396375+00:00,Jurong West ActiveSG Gym,29%
2026-09-20T02:00:12.396375+00:00,Katong ActiveSG Gym,49%
2026-09-20T02:00:12.396375+00:00,Pasir Ris ActiveSG Gym,40%
2026-09-20T02:00:12.396375+00:00,Queenstown ActiveSG Gym,38%
2026-09-20T02:00:12.396375+00:00,Sengkang ActiveSG Gym,63%
2026-09-20T02:00:12.396375+00:00,Senja-Cashew ActiveSG Gym,71%
2026-09-20T02:00:12.396375+00:00,Tampines ActiveSG Gym,61%
2026-09-20T02:00:12.396375+00:00,Woodlands ActiveSG Gym,34%
2026-09-20T02:00:12.396375+00:00,Yio Chu Kang ActiveSG Gym,43%
2026-09-20T02:00:12.396375+00:00,Yishun ActiveSG Gym,44%
2026-09-20T02:15:10.858896+00:00,ActiveSG Gym @ Ang Mo Kio Community Centre,50%
2026-09-20T02:15:10.858896+00:00,ActiveSG Gym @ Enabling Village,13%
2026-09-20T02:15:10.858896+00:00,ActiveSG Gym @ Fernvale Square,37%
2026-09-20T02:15:10.858896+00:00,ActiveSG Gym @ Serangoon Central,53%
2026-09-20T02:15:10.858896+00:00,ActiveSG Gym @ Toa Payoh,48%
2026-09-20T02:15:10.858896+00:00,ActiveSG Gym @ Toa Payoh West Community Centre,23%
2026-09-20T02:15:10.858896+00:00,ActiveSG Hockey Village @ Boon Lay Gym,19%
2026-09-20T02:15:10.858896+00:00,ActiveSG Sport Park @ Teck Ghee ActiveSG Gym,40%
2026-09-20T02:15:10.858896+00:00,Bishan ActiveSG Gym,22%
2026-09-20T02:15:10.858896+00:00,Bukit Batok ActiveSG Gym,57%
2026-09-20T02:15:10.858896+00:00,Bukit Canberra ActiveSG Gym,41%
2026-09-20T02:15:10.858896+00:00,Bukit Gombak ActiveSG Gym,61%
2026-09-20T02:15:10.858896+00:00,Choa Chu Kang ActiveSG Gym,52%
2026-09-20T02:15:10.858896+00:00,Clementi ActiveSG Gym,61%
2026-09-20T02:15:10.858896+00:00,Delta ActiveSG Gym,40%
2026-09-20T02:15:10.858896+00:00,Heartbeat @ Bedok ActiveSG Gym,43%
2026-09-20T02:15:10.858896+00:00,Hougang ActiveSG Gym,57%
2026-09-20T02:15:10.858896+00:00,Jalan Besar ActiveSG Gym,54%
2026-09-20T02:15:10.858896+00:00,Jurong East ActiveSG Gym,44%
2026-09-20T02:15:10.858896+00:00,Jurong Lake Gardens ActiveSG Gym,27%
2026-09-20T02:15:10.858896+00:00,Jurong West ActiveSG Gym,30%
2026-09-20T02:15:10.858896+00:00,Katong ActiveSG Gym,62%
2026-09-20T02:15:10.858896+00:00,Pasir Ris ActiveSG Gym,45%
2026-09-20T02:15:10.858896+00:00,Queenstown ActiveSG Gym,37%
2026-09-20T02:15:10.858896+00:00,Sengkang ActiveSG Gym,69%
2026-09-20T02:15:10.858896+00:00,Senja-Cashew ActiveSG Gym,68%
2026-09-20T02:15:10.858896+00:00,Tampines ActiveSG Gym,61%
2026-09-20T02:15:10.858896+00:00,Woodlands ActiveSG Gym,32%
2026-09-20T02:15:10.858896+00:00,Yio Chu Kang ActiveSG Gym,41%
2026-09-20T02:15:10.858896+00:00,Yishun ActiveSG Gym,40%
2026-09-20T02:30:14.371854+00:00,ActiveSG Gym @ Ang Mo Kio Community Centre,48%
2026-09-20T02:30:14.371854+00:00,ActiveSG Gym @ Enabling Village,20%
2026-09-20T02:30:14.371854+00:00,ActiveSG Gym @ Fernvale Square,43%
2026-09-20T02:30:14.371854+00:00,ActiveSG Gym @ Serangoon Central,50%
2026-09-20T02:30:14.371854+00:00,ActiveSG Gym @ Toa Payoh,45%
2026-09-20T02:30:14.371854+00:00,ActiveSG Gym @ Toa Payoh West Community Centre,23%
2026-09-20T02:30:14.371854+00:00,ActiveSG Hockey Village @ Boon Lay Gym,21%
2026-09-20T02:30:14.371854+00:00,ActiveSG Sport Park @ Teck Ghee ActiveSG Gym,44%
2026-09-20T02:30:14.371854+00:00,Bishan ActiveSG Gym,30%
2026-09-20T02:30:14.371854+00:00,Bukit Batok ActiveSG Gym,60%
2026-09-20T02:30:14.371854+00:00,Bukit Canberra ActiveSG Gym,41%
2026-09-20T02:30:14.371854+00:00,Bukit Gombak ActiveSG Gym,68%
2026-09-20T02:30:14.371854+00:00,Choa Chu Kang ActiveSG Gym,56%
2026-09-20T02:30:14.371854+00:00,Clementi ActiveSG Gym,67%
2026-09-20T02:30:14.371854+00:00,Delta ActiveSG Gym,48%
2026-09-20T02:30:14.371854+00:00,Heartbeat @ Bedok ActiveSG Gym,41%
2026-09-20T02:30:14.371854+00:00,Hougang ActiveSG Gym,55%
2026-09-20T02:30:14.371854+00:00,Jalan Besar ActiveSG Gym,53%
2026-09-20T02:30:14.371854+00:00,Jurong East ActiveSG Gym,35%
2026-09-20T02:30:14.371854+00:00,Jurong Lake Gardens ActiveSG Gym,29%
2026-09-20T02:30:14.371854+00:00,Jurong West ActiveSG Gym,31%
2026-09-20T02:30:14.371854+00:00,Katong ActiveSG Gym,57%
2026-09-20T02:30:14.371854+00:00,Pasir Ris ActiveSG Gym,40%
2026-09-20T02:30:14.371854+00:00,Queenstown ActiveSG Gym,37%
2026-09-20T02:30:14.371854+00:00,Sengkang ActiveSG Gym,75%
2026-09-20T02:30:14.371854+00:00,Senja-Cashew ActiveSG Gym,66%
2026-09-20T02:30:14.371854+00:00,Tampines ActiveSG Gym,59%
2026-09-20T02:30:14.371854+00:00,Woodlands ActiveSG Gym,33%
2026-09-20T02:30:14.371854+00:00,Yio Chu Kang ActiveSG Gym,39%
2026-09-20T02:30:14.371854+00:00,Yishun ActiveSG Gym,42%
2026-09-20T02:45:10.497087+00:00,ActiveSG Gym @ Ang Mo Kio Community Centre,55%
2026-09-20T02:45:10.497087+00:00,ActiveSG Gym @ Enabling Village,20%
2026-09-20T02:45:10.497087+00:00,ActiveSG Gym @ Fernvale Square,40%
2026-09-20T02:45:10.497087+00:00,ActiveSG Gym @ Serangoon Central,53%
2026-09-20T02:45:10.497087+00:00,ActiveSG Gym @ Toa Payoh,44%
2026-09-20T02:45:10.497087+00:00,ActiveSG Gym @ Toa Payoh West Community Centre,23%
2026-09-20T02:45:10.497087+00:00,ActiveSG Hockey Village @ Boon Lay Gym,21%
2026-09-20T02:45:10.497087+00:00,ActiveSG Sport Park @ Teck Ghee ActiveSG Gym,45%
2026-09-20T02:45:10.497087+00:00,Bishan ActiveSG Gym,31%
2026-09-20T02:45:10.497087+00:00,Bukit Batok ActiveSG Gym,57%
2026-09-20T02:45:10.497087+00:00,Bukit Canberra ActiveSG Gym,39%
2026-09-20T02:45:10.497087+00:00,Bukit Gombak ActiveSG Gym,64%
2026-09-20T02:45:10.497087+00:00,Choa Chu Kang ActiveSG Gym,57%
2026-09-20T02:45:10.497087+00:00,Clementi ActiveSG Gym,86%
2026-09-20T02:45:10.497087+00:00,Delta ActiveSG Gym,52%
2026-09-20T02:45:10.497087+00:00,Heartbeat @ Bedok ActiveSG Gym,45%
2026-09-20T02:45:10.497087+00:00,Hougang ActiveSG Gym,60%
2026-09-20T02:45:10.497087+00:00,Jalan Besar ActiveSG Gym,52%
2026-09-20T02:45:10.497087+00:00,Jurong East ActiveSG Gym,36%
2026-09-20T02:45:10.497087+00:00,Jurong Lake Gardens ActiveSG Gym,31%
2026-09-20T02:45:10.497087+00:00,Jurong West ActiveSG Gym,30%
2026-09-20T02:45:10.497087+00:00,Katong ActiveSG Gym,54%
2026-09-20T02:45:10.497087+00:00,Pasir Ris ActiveSG Gym,42%
2026-09-20T02:45:10.497087+00:00,Queenstown ActiveSG Gym,37%
2026-09-20T02:45:10.497087+00:00,Sengkang ActiveSG Gym,77%
2026-09-20T02:45:10.497087+00:00,Senja-Cashew ActiveSG Gym,65%
2026-09-20T02:45:10.497087+00:00,Tampines ActiveSG Gym,64%
2026-09-20T02:45:10.497087+00:00,Woodlands ActiveSG Gym,34%
2026-09-20T02:45:10.497087+00:00,Yio Chu Kang ActiveSG Gym,33%
2026-09-20T02:45:10.497087+00:00,Yishun ActiveSG Gym,48%
2026-09-20T03:00:13.231737+00:00,ActiveSG Gym @ Ang Mo Kio Community Centre,47%
2026-09-20T03:00:13.231737+00:00,ActiveSG Gym @ Enabling Village,22%
2026-09-20T03:00:13.231737+00:00,ActiveSG Gym @ Fernvale Square,40%
2026-09-20T03:00:13.231737+00:00,ActiveSG Gym @ Serangoon Central,33%
2026-09-20T03:00:13.231737+00:00,ActiveSG Gym @ Toa Payoh,41%
2026-09-20T03:00:13.231737+00:00,ActiveSG Gym @ Toa Payoh West Community Centre,23%
2026-09-20T03:00:13.231737+00:00,ActiveSG Hockey Village @ Boon Lay Gym,21%
2026-09-20T03:00:13.231737+00:00,ActiveSG Sport Park @ Teck Ghee ActiveSG Gym,46%
2026-09-20T03:00:13.231737+00:00,Bishan ActiveSG Gym,38%
2026-09-20T03:00:13.231737+00:00,Bukit Batok ActiveSG Gym,63%
2026-09-20T03:00:13.231737+00:00,Bukit Canberra ActiveSG Gym,44%
2026-09-20T03:00:13.231737+00:00,Bukit Gombak ActiveSG Gym,69%
2026-09-20T03:00:13.231737+00:00,Choa Chu Kang ActiveSG Gym,55%
2026-09-20T03:00:13.231737+00:00,Clementi ActiveSG Gym,92%
2026-09-20T03:00:13.231737+00:00,Delta ActiveSG Gym,53%
2026-09-20T03:00:13.231737+00:00,Heartbeat @ Bedok ActiveSG Gym,46%
2026-09-20T03:00:13.231737+00:00,Hougang ActiveSG Gym,56%
2026-09-20T03:00:13.231737+00:00,Jalan Besar ActiveSG Gym,56%
2026-09-20T03:00:13.231737+00:00,Jurong East ActiveSG Gym,35%
2026-09-20T03:00:13.231737+00:00,Jurong Lake Gardens ActiveSG Gym,30%
2026-09-20T03:00:13.231737+00:00,Jurong West ActiveSG Gym,29%
2026-09-20T03:00:13.231737+00:00,Katong ActiveSG Gym,62%
2026-09-20T03:00:13.231737+00:00,Pasir Ris ActiveSG Gym,48%
2026-09-20T03:00:13.231737+00:00,Queenstown ActiveSG Gym,37%
2026-09-20T03:00:13.231737+00:00,Sengkang ActiveSG Gym,75%
2026-09-20T03:00:13.231737+00:00,Senja-Cashew ActiveSG Gym,57%
2026-09-20T03:00:13.231737+00:00,Tampines ActiveSG Gym,57%
2026-09-20T03:00:13.231737+00:00,Woodlands ActiveSG Gym,34%
2026-09-20T03:00:13.231737+00:00,Yio Chu Kang ActiveSG Gym,34%
2026-09-20T03:00:13.231737+00:00,Yishun ActiveSG Gym,47%
2026-09-20T03:15:10.375515+00:00,ActiveSG Gym @ Ang Mo Kio Community Centre,45%
2026-09-20T03:15:10.375515+00:00,ActiveSG Gym @ Enabling Village,20%
2026-09-20T03:15:10.375515+00:00,ActiveSG Gym @ Fernvale Square,52%
2026-09-20T03:15:10.375515+00:00,ActiveSG Gym @ Serangoon Central,33%
2026-09-20T03:15:10.375515+00:00,ActiveSG Gym @ Toa Payoh,52%
2026-09-20T03:15:10.375515+00:00,ActiveSG Gym @ Toa Payoh West Community Centre,23%
2026-09-20T03:15:10.375515+00:00,ActiveSG Hockey Village @ Boon Lay Gym,22%
2026-09-20T03:15:10.375515+00:00,ActiveSG Sport Park @ Teck Ghee ActiveSG Gym,46%
2026-09-20T03:15:10.375515+00:00,Bishan ActiveSG Gym,35%
2026-09-20T03:15:10.375515+00:00,Bukit Batok ActiveSG Gym,68%
2026-09-20T03:15:10.375515+00:00,Bukit Canberra ActiveSG Gym,48%
2026-09-20T03:15:10.375515+00:00,Bukit Gombak ActiveSG Gym,57%
2026-09-20T03:15:10.375515+00:00,Choa Chu Kang ActiveSG Gym,55%
2026-09-20T03:15:10.375515+00:00,Clementi ActiveSG Gym,82%
2026-09-20T03:15:10.375515+00:00,Delta ActiveSG Gym,49%
2026-09-20T03:15:10.375515+00:00,Heartbeat @ Bedok ActiveSG Gym,46%
2026-09-20T03:15:10.375515+00:00,Hougang ActiveSG Gym,57%
2026-09-20T03:15:10.375515+00:00,Jalan Besar ActiveSG Gym,76%
2026-09-20T03:15:10.375515+00:00,Jurong East ActiveSG Gym,26%
2026-09-20T03:15:10.375515+00:00,Jurong Lake Gardens ActiveSG Gym,29%
2026-09-20T03:15:10.375515+00:00,Jurong West ActiveSG Gym,32%
2026-09-20T03:15:10.375515+00:00,Katong ActiveSG Gym,74%
2026-09-20T03:15:10.375515+00:00,Pasir Ris ActiveSG Gym,49%
2026-09-20T03:15:10.375515+00:00,Queenstown ActiveSG Gym,41%
2026-09-20T03:15:10.375515+00:00,Sengkang ActiveSG Gym,71%
2026-09-20T03:15:10.375515+00:00,Senja-Cashew ActiveSG Gym,57%
2026-09-20T03:15:10.375515+00:00,Tampines ActiveSG Gym,59%
2026-09-20T03:15:10.375515+00:00,Woodlands ActiveSG Gym,39%
2026-09-20T03:15:10.375515+00:00,Yio Chu Kang ActiveSG Gym,39%
2026-09-20T03:15:10.375515+00:00,Yishun ActiveSG Gym,48%
2026-09-20T03:30:14.276502+00:00,ActiveSG Gym @ Ang Mo Kio Community Centre,50%
2026-09-20T03:30:14.276502+00:00,ActiveSG Gym @ Enabling Village,18%
2026-09-20T03:30:14.276502+00:00,ActiveSG Gym @ Fernvale Square,52%
2026-09-20T03:30:14.276502+00:00,ActiveSG Gym @ Serangoon Central,50%
2026-09-20T03:30:14.276502+00:00,ActiveSG Gym @ Toa Payoh,46%
2026-09-20T03:30:14.276502+00:00,ActiveSG Gym @ Toa Payoh West Community Centre,23%
2026-09-20T03:30:14.276502+00:00,ActiveSG Hockey Village @ Boon Lay Gym,24%
2026-09-20T03:30:14.276502+00:00,ActiveSG Sport Park @ Teck Ghee ActiveSG Gym,55%
2026-09-20T03:30:14.276502+00:00,Bishan ActiveSG Gym,34%
2026-09-20T03:30:14.276502+00:00,Bukit Batok ActiveSG Gym,63%
2026-09-20T03:30:14.276502+00:00,Bukit Canberra ActiveSG Gym,53%
2026-09-20T03:30:14.276502+00:00,Bukit Gombak ActiveSG Gym,61%
2026-09-20T03:30:14.276502+00:00,Choa Chu Kang ActiveSG Gym,54%
2026-09-20T03:30:14.276502+00:00,Clementi ActiveSG Gym,77%
2026-09-20T03:30:14.276502+00:00,Delta ActiveSG Gym,51%
2026-09-20T03:30:14.276502+00:00,Heartbeat @ Bedok ActiveSG Gym,44%
2026-09-20T03:30:14.276502+00:00,Hougang ActiveSG Gym,56%
2026-09-20T03:30:14.276502+00:00,Jalan Besar ActiveSG Gym,80%
2026-09-20T03:30:14.276502+00:00,Jurong East ActiveSG Gym,31%
2026-09-20T03:30:14.276502+00:00,Jurong Lake Gardens ActiveSG Gym,30%
2026-09-20T03:30:14.276502+00:00,Jurong West ActiveSG Gym,32%
2026-09-20T03:30:14.276502+00:00,Katong ActiveSG Gym,75%
2026-09-20T03:30:14.276502+00:00,Pasir Ris ActiveSG Gym,47%
2026-09-20T03:30:14.276502+00:00,Queenstown ActiveSG Gym,42%
2026-09-20T03:30:14.276502+00:00,Sengkang ActiveSG Gym,73%
2026-09-20T03:30:14.276502+00:00,Senja-Cashew ActiveSG Gym,63%
2026-09-20T03:30:14.276502+00:00,Tampines ActiveSG Gym,61%
2026-09-20T03:30:14.276502+00:00,Woodlands ActiveSG Gym,37%
2026-09-20T03:30:14.276502+00:00,Yio Chu Kang ActiveSG Gym,42%
2026-09-20T03:30:14.276502+00:00,Yishun ActiveSG Gym,49%
2026-09-20T03:45:13.764128+00:00,ActiveSG Gym @ Ang Mo Kio Community Centre,50%
2026-09-20T03:45:13.764128+00:00,ActiveSG Gym @ Enabling Village,24%
2026-09-20T03:45:13.764128+00:00,ActiveSG Gym @ Fernvale Square,48%
2026-09-20T03:45:13.764128+00:00,ActiveSG Gym @ Serangoon Central,50%
2026-09-20T03:45:13.764128+00:00,ActiveSG Gym @ Toa Payoh,47%
2026-09-20T03:45:13.764128+00:00,ActiveSG Gym @ Toa Payoh West Community Centre,23%
2026-09-20T03:45:13.764128+00:00,ActiveSG Hockey Village @ Boon Lay Gym,26%
2026-09-20T03:45:13.764128+00:00,ActiveSG Sport Park @ Teck Ghee ActiveSG Gym,60%
2026-09-20T03:45:13.764128+00:00,Bishan ActiveSG Gym,33%
2026-09-20T03:45:13.764128+00:00,Bukit Batok ActiveSG Gym,57%
2026-09-20T03:45:13.764128+00:00,Bukit Canberra ActiveSG Gym,52%
2026-09-20T03:45:13.764128+00:00,Bukit Gombak ActiveSG Gym,63%
2026-09-20T03:45:13.764128+00:00,Choa Chu Kang ActiveSG Gym,53%
2026-09-20T03:45:13.764128+00:00,Clementi ActiveSG Gym,78%
2026-09-20T03:45:13.764128+00:00,Delta ActiveSG Gym,46%
2026-09-20T03:45:13.764128+00:00,Heartbeat @ Bedok ActiveSG Gym,45%
2026-09-20T03:45:13.764128+00:00,Hougang ActiveSG Gym,56%
2026-09-20T03:45:13.764128+00:00,Jalan Besar ActiveSG Gym,76%
2026-09-20T03:45:13.764128+00:00,Jurong East ActiveSG Gym,32%
2026-09-20T03:45:13.764128+00:00,Jurong Lake Gardens ActiveSG Gym,30%
2026-09-20T03:45:13.764128+00:00,Jurong West ActiveSG Gym,32%
2026-09-20T03:45:13.764128+00:00,Katong ActiveSG Gym,72%
2026-09-20T03:45:13.764128+00:00,Pasir Ris ActiveSG Gym,44%
2026-09-20T03:45:13.764128+00:00,Queenstown ActiveSG Gym,45%
2026-09-20T03:45:13.764128+00:00,Sengkang ActiveSG Gym,69%
2026-09-20T03:45:13.764128+00:00,Senja-Cashew ActiveSG Gym,63%
2026-09-20T03:45:13.764128+00:00,Tampines ActiveSG Gym,66%
2026-09-20T03:45:13.764128+00:00,Woodlands ActiveSG Gym,38%
2026-09-20T03:45:13.764128+00:00,Yio Chu Kang ActiveSG Gym,45%
2026-09-20T03:45:13.764128+00:00,Yishun ActiveSG Gym,44%
2026-09-20T04:00:12.403025+00:00,ActiveSG Gym @ Ang Mo Kio Community Centre,47%
2026-09-20T04:00:12.403025+00:00,ActiveSG Gym @ Enabling Village,24%
2026-09-20T04:00:12.403025+00:00,ActiveSG Gym @ Fernvale Square,43%
2026-09-20T04:00:12.403025+00:00,ActiveSG Gym @ Serangoon Central,50%
2026-09-20T04:00:12.403025+00:00,ActiveSG Gym @ Toa Payoh,45%
2026-09-20T04:00:12.403025+00:00,ActiveSG Gym @ Toa Payoh West Community Centre,23%
2026-09-20T04:00:12.403025+00:00,ActiveSG Hockey Village @ Boon Lay Gym,26%
2026-09-20T04:00:12.403025+00:00,ActiveSG Sport Park @ Teck Ghee ActiveSG Gym,65%
2026-09-20T04:00:12.403025+00:00,Bishan ActiveSG Gym,35%
2026-09-20T04:00:12.403025+00:00,Bukit Batok ActiveSG Gym,50%
2026-09-20T04:00:12.403025+00:00,Bukit Canberra ActiveSG Gym,52%
2026-09-20T04:00:12.403025+00:00,Bukit Gombak ActiveSG Gym,68%
2026-09-20T04:00:12.403025+00:00,Choa Chu Kang ActiveSG Gym,49%
2026-09-20T04:00:12.403025+00:00,Clementi ActiveSG Gym,77%
2026-09-20T04:00:12.403025+00:00,Delta ActiveSG Gym,41%
2026-09-20T04:00:12.403025+00:00,Heartbeat @ Bedok ActiveSG Gym,42%
2026-09-20T04:00:12.403025+00:00,Hougang ActiveSG Gym,56%
2026-09-20T04:00:12.403025+00:00,Jalan Besar ActiveSG Gym,71%
2026-09-20T04:00:12.403025+00:00,Jurong East ActiveSG Gym,31%
2026-09-20T04:00:12.403025+00:00,Jurong Lake Gardens ActiveSG Gym,30%
2026-09-20T04:00:12.403025+00:00,Jurong West ActiveSG Gym,30%
2026-09-20T04:00:12.403025+00:00,Katong ActiveSG Gym,65%
2026-09-20T04:00:12.403025+00:00,Pasir Ris ActiveSG Gym,32%
2026-09-20T04:00:12.403025+00:00,Queenstown ActiveSG Gym,46%
2026-09-20T04:00:12.403025+00:00,Sengkang ActiveSG Gym,62%
2026-09-20T04:00:12.403025+00:00,Senja-Cashew ActiveSG Gym,72%
2026-09-20T04:00:12.403025+00:00,Tampines ActiveSG Gym,70%
2026-09-20T04:00:12.403025+00:00,Woodlands ActiveSG Gym,42%
2026-09-20T04:00:12.403025+00:00,Yio Chu Kang ActiveSG Gym,46%
2026-09-20T04:00:12.403025+00:00,Yishun ActiveSG Gym,41%
2026-09-20T04:15:10.530010+00:00,ActiveSG Gym @ Ang Mo Kio Community Centre,40%
2026-09-20T04:15:10.530010+00:00,ActiveSG Gym @ Enabling Village,11%
2026-09-20T04:15:10.530010+00:00,ActiveSG Gym @ Fernvale Square,37%
2026-09-20T04:15:10.530010+00:00,ActiveSG Gym @ Serangoon Central,37%
2026-09-20T04:15:10.530010+00:00,ActiveSG Gym @ Toa Payoh,39%
2026-09-20T04:15:10.530010+00:00,ActiveSG Gym @ Toa Payoh West Community Centre,35%
2026-09-20T04:15:10.530010+00:00,ActiveSG Hockey Village @ Boon Lay Gym,26%
2026-09-20T04:15:10.530010+00:00,ActiveSG Sport Park @ Teck Ghee ActiveSG Gym,68%
2026-09-20T04:15:10.530010+00:00,Bishan ActiveSG Gym,33%
2026-09-20T04:15:10.530010+00:00,Bukit Batok ActiveSG Gym,40%
2026-09-20T04:15:10.530010+00:00,Bukit Canberra ActiveSG Gym,49%
2026-09-20T04:15:10.530010+00:00,Bukit Gombak ActiveSG Gym,59%
2026-09-20T04:15:10.530010+00:00,Choa Chu Kang ActiveSG Gym,46%
2026-09-20T04:15:10.530010+00:00,Clementi ActiveSG Gym,75%
2026-09-20T04:15:10.530010+00:00,Delta ActiveSG Gym,31%
2026-09-20T04:15:10.530010+00:00,Heartbeat @ Bedok ActiveSG Gym,41%
2026-09-20T04:15:10.530010+00:00,Hougang ActiveSG Gym,55%
2026-09-20T04:15:10.530010+00:00,Jalan Besar ActiveSG Gym,71%
2026-09-20T04:15:10.530010+00:00,Jurong East ActiveSG Gym,28%
2026-09-20T04:15:10.530010+00:00,Jurong Lake Gardens ActiveSG Gym,31%
2026-09-20T04:15:10.530010+00:00,Jurong West ActiveSG Gym,26%
2026-09-20T04:15:10.530010+00:00,Katong ActiveSG Gym,55%
2026-09-20T04:15:10.530010+00:00,Pasir Ris ActiveSG Gym,25%
2026-09-20T04:15:10.530010+00:00,Queenstown ActiveSG Gym,43%
2026-09-20T04:15:10.530010+00:00,Sengkang ActiveSG Gym,55%
2026-09-20T04:15:10.530010+00:00,Senja-Cashew ActiveSG Gym,72%
2026-09-20T04:15:10.530010+00:00,Tampines ActiveSG Gym,67%
2026-09-20T04:15:10.530010+00:00,Woodlands ActiveSG Gym,42%
2026-09-20T04:15:10.530010+00:00,Yio Chu Kang ActiveSG Gym,49%
2026-09-20T04:15:10.530010+00:00,Yishun ActiveSG Gym,44%
2026-09-20T04:30:14.233821+00:00,ActiveSG Gym @ Ang Mo Kio Community Centre,28%
2026-09-20T04:30:14.233821+00:00,ActiveSG Gym @ Enabling Village,16%
2026-09-20T04:30:14.233821+00:00,ActiveSG Gym @ Fernvale Square,42%
2026-09-20T04:30:14.233821+00:00,ActiveSG Gym @ Serangoon Central,43%
2026-09-20T04:30:14.233821+00:00,ActiveSG Gym @ Toa Payoh,34%
2026-09-20T04:30:14.233821+00:00,ActiveSG Gym @ Toa Payoh West Community Centre,36%
2026-09-20T04:30:14.233821+00:00,ActiveSG Hockey Village @ Boon Lay Gym,27%
2026-09-20T04:30:14.233821+00:00,ActiveSG Sport Park @ Teck Ghee ActiveSG Gym,73%
2026-09-20T04:30:14.233821+00:00,Bishan ActiveSG Gym,28%
2026-09-20T04:30:14.233821+00:00,Bukit Batok ActiveSG Gym,38%
2026-09-20T04:30:14.233821+00:00,Bukit Canberra ActiveSG Gym,47%
2026-09-20T04:30:14.233821+00:00,Bukit Gombak ActiveSG Gym,40%
2026-09-20T04:30:14.233821+00:00,Choa Chu Kang ActiveSG Gym,43%
2026-09-20T04:30:14.233821+00:00,Clementi ActiveSG Gym,74%
2026-09-20T04:30:14.233821+00:00,Delta ActiveSG Gym,32%
2026-09-20T04:30:14.233821+00:00,Heartbeat @ Bedok ActiveSG Gym,36%
2026-09-20T04:30:14.233821+00:00,Hougang ActiveSG Gym,55%
2026-09-20T04:30:14.233821+00:00,Jalan Besar ActiveSG Gym,64%
2026-09-20T04:30:14.233821+00:00,Jurong East ActiveSG Gym,24%
2026-09-20T04:30:14.233821+00:00,Jurong Lake Gardens ActiveSG Gym,33%
2026-09-20T04:30:14.233821+00:00,Jurong West ActiveSG Gym,25%
2026-09-20T04:30:14.233821+00:00,Katong ActiveSG Gym,54%
2026-09-20T04:30:14.233821+00:00,Pasir Ris ActiveSG Gym,29%
2026-09-20T04:30:14.233821+00:00,Queenstown ActiveSG Gym,26%
2026-09-20T04:30:14.233821+00:00,Sengkang ActiveSG Gym,53%
2026-09-20T04:30:14.233821+00:00,Senja-Cashew ActiveSG Gym,71%
2026-09-20T04:30:14.233821+00:00,Tampines ActiveSG Gym,61%
2026-09-20T04:30:14.233821+00:00,Woodlands ActiveSG Gym,39%
2026-09-20T04:30:14.233821+00:00,Yio Chu Kang ActiveSG Gym,48%
2026-09-20T04:30:14.233821+00:00,Yishun ActiveSG Gym,44%
2026-09-20T04:45:13.758503+00:00,ActiveSG Gym @ Ang Mo Kio Community Centre,12%
2026-09-20T04:45:13.758503+00:00,ActiveSG Gym @ Enabling Village,18%
2026-09-20T04:45:13.758503+00:00,ActiveSG Gym @ Fernvale Square,40%
2026-09-20T04:45:13.758503+00:00,ActiveSG Gym @ Serangoon Central,30%
2026-09-20T04:45:13.758503+00:00,ActiveSG Gym @ Toa Payoh,28%
2026-09-20T04:45:13.758503+00:00,ActiveSG Gym @ Toa Payoh West Community Centre,36%
2026-09-20T04:45:13.758503+00:00,ActiveSG Hockey Village @ Boon Lay Gym,27%
2026-09-20T04:45:13.758503+00:00,ActiveSG Sport Park @ Teck Ghee ActiveSG Gym,68%
2026-09-20T04:45:13.758503+00:00,Bishan ActiveSG Gym,25%
2026-09-20T04:45:13.758503+00:00,Bukit Batok ActiveSG Gym,23%
2026-09-20T04:45:13.758503+00:00,Bukit Canberra ActiveSG Gym,45%
2026-09-20T04:45:13.758503+00:00,Bukit Gombak ActiveSG Gym,49%
2026-09-20T04:45:13.758503+00:00,Choa Chu Kang ActiveSG Gym,42%
2026-09-20T04:45:13.758503+00:00,Clementi ActiveSG Gym,79%
2026-09-20T04:45:13.758503+00:00,Delta ActiveSG Gym,34%
2026-09-20T04:45:13.758503+00:00,Heartbeat @ Bedok ActiveSG Gym,36%
2026-09-20T04:45:13.758503+00:00,Hougang ActiveSG Gym,52%
2026-09-20T04:45:13.758503+00:00,Jalan Besar ActiveSG Gym,56%
2026-09-20T04:45:13.758503+00:00,Jurong East ActiveSG Gym,24%
2026-09-20T04:45:13.758503+00:00,Jurong Lake Gardens ActiveSG Gym,35%
2026-09-20T04:45:13.758503+00:00,Jurong West ActiveSG Gym,24%
2026-09-20T04:45:13.758503+00:00,Katong ActiveSG Gym,55%
2026-09-20T04:45:13.758503+00:00,Pasir Ris ActiveSG Gym,29%
2026-09-20T04:45:13.758503+00:00,Queenstown ActiveSG Gym,23%
2026-09-20T04:45:13.758503+00:00,Sengkang ActiveSG Gym,61%
2026-09-20T04:45:13.758503+00:00,Senja-Cashew ActiveSG Gym,71%
2026-09-20T04:45:13.758503+00:00,Tampines ActiveSG Gym,53%
2026-09-20T04:45:13.758503+00:00,Woodlands ActiveSG Gym,36%
2026-09-20T04:45:13.758503+00:00,Yio Chu Kang ActiveSG Gym,38%
2026-09-20T04:45:13.758503+00:00,Yishun ActiveSG Gym,45%
2026-09-20T05:00:12.814020+00:00,ActiveSG Gym @ Ang Mo Kio Community Centre,17%
2026-09-20T05:00:12.814020+00:00,ActiveSG Gym @ Enabling Village,20%
2026-09-20T05:00:12.814020+00:00,ActiveSG Gym @ Fernvale Square,37%
2026-09-20T05:00:12.814020+00:00,ActiveSG Gym @ Serangoon Central,33%
2026-09-20T05:00:12.814020+00:00,ActiveSG Gym @ Toa Payoh,33%
2026-09-20T05:00:12.814020+00:00,ActiveSG Gym @ Toa Payoh West Community Centre,33%
2026-09-20T05:00:12.814020+00:00,ActiveSG Hockey Village @ Boon Lay Gym,28%
2026-09-20T05:00:12.814020+00:00,ActiveSG Sport Park @ Teck Ghee ActiveSG Gym,52%
2026-09-20T05:00:12.814020+00:00,Bishan ActiveSG Gym,27%
2026-09-20T05:00:12.814020+00:00,Bukit Batok ActiveSG Gym,28%
2026-09-20T05:00:12.814020+00:00,Bukit Canberra ActiveSG Gym,44%
2026-09-20T05:00:12.814020+00:00,Bukit Gombak ActiveSG Gym,49%
2026-09-20T05:00:12.814020+00:00,Choa Chu Kang ActiveSG Gym,40%
2026-09-20T05:00:12.814020+00:00,Clementi ActiveSG Gym,82%
2026-09-20T05:00:12.814020+00:00,Delta ActiveSG Gym,32%
2026-09-20T05:00:12.814020+00:00,Heartbeat @ Bedok ActiveSG Gym,38%
2026-09-20T05:00:12.814020+00:00,Hougang ActiveSG Gym,45%
2026-09-20T05:00:12.814020+00:00,Jalan Besar ActiveSG Gym,52%
2026-09-20T05:00:12.814020+00:00,Jurong East ActiveSG Gym,24%
2026-09-20T05:00:12.814020+00:00,Jurong Lake Gardens ActiveSG Gym,37%
2026-09-20T05:00:12.814020+00:00,Jurong West ActiveSG Gym,23%
2026-09-20T05:00:12.814020+00:00,Katong ActiveSG Gym,49%
2026-09-20T05:00:12.814020+00:00,Pasir Ris ActiveSG Gym,25%
2026-09-20T05:00:12.814020+00:00,Queenstown ActiveSG Gym,22%
2026-09-20T05:00:12.814020+00:00,Sengkang ActiveSG Gym,57%
2026-09-20T05:00:12.814020+00:00,Senja-Cashew ActiveSG Gym,37%
2026-09-20T05:00:12.814020+00:00,Tampines ActiveSG Gym,50%
2026-09-20T05:00:12.814020+00:00,Woodlands ActiveSG Gym,32%
2026-09-20T05:00:12.814020+00:00,Yio Chu Kang ActiveSG Gym,45%
2026-09-20T05:00:12.814020+00:00,Yishun ActiveSG Gym,39%
2026-09-20T05:15:10.445327+00:00,ActiveSG Gym @ Ang Mo Kio Community Centre,23%
2026-09-20T05:15:10.445327+00:00,ActiveSG Gym @ Enabling Village,18%
2026-09-20T05:15:10.445327+00:00,ActiveSG Gym @ Fernvale Square,27%
2026-09-20T05:15:10.445327+00:00,ActiveSG Gym @ Serangoon Central,37%
2026-09-20T05:15:10.445327+00:00,ActiveSG Gym @ Toa Payoh,31%
2026-09-20T05:15:10.445327+00:00,ActiveSG Gym @ Toa Payoh West Community Centre,36%
2026-09-20T05:15:10.445327+00:00,ActiveSG Hockey Village @ Boon Lay Gym,30%
2026-09-20T05:15:10.445327+00:00,ActiveSG Sport Park @ Teck Ghee ActiveSG Gym,34%
2026-09-20T05:15:10.445327+00:00,Bishan ActiveSG Gym,26%
2026-09-20T05:15:10.445327+00:00,Bukit Batok ActiveSG Gym,28%
2026-09-20T05:15:10.445327+00:00,Bukit Canberra ActiveSG Gym,40%
2026-09-20T05:15:10.445327+00:00,Bukit Gombak ActiveSG Gym,52%
2026-09-20T05:15:10.445327+00:00,Choa Chu Kang ActiveSG Gym,45%
2026-09-20T05:15:10.445327+00:00,Clementi ActiveSG Gym,83%
2026-09-20T05:15:10.445327+00:00,Delta ActiveSG Gym,28%
2026-09-20T05:15:10.445327+00:00,Heartbeat @ Bedok ActiveSG Gym,35%
2026-09-20T05:15:10.445327+00:00,Hougang ActiveSG Gym,44%
2026-09-20T05:15:10.445327+00:00,Jalan Besar ActiveSG Gym,47%
2026-09-20T05:15:10.445327+00:00,Jurong East ActiveSG Gym,20%
2026-09-20T05:15:10.445327+00:00,Jurong Lake Gardens ActiveSG Gym,30%
2026-09-20T05:15:10.445327+00:00,Jurong West ActiveSG Gym,24%
2026-09-20T05:15:10.445327+00:00,Katong ActiveSG Gym,48%
2026-09-20T05:15:10.445327+00:00,Pasir Ris ActiveSG Gym,26%
2026-09-20T05:15:10.445327+00:00,Queenstown ActiveSG Gym,26%
2026-09-20T05:15:10.445327+00:00,Sengkang ActiveSG Gym,66%
2026-09-20T05:15:10.445327+00:00,Senja-Cashew ActiveSG Gym,35%
2026-09-20T05:15:10.445327+00:00,Tampines ActiveSG Gym,42%
2026-09-20T05:15:10.445327+00:00,Woodlands ActiveSG Gym,29%
2026-09-20T05:15:10.445327+00:00,Yio Chu Kang ActiveSG Gym,49%
2026-09-20T05:15:10.445327+00:00,Yishun ActiveSG Gym,38%
2026-09-20T05:30:14.465471+00:00,ActiveSG Gym @ Ang Mo Kio Community Centre,23%
2026-09-20T05:30:14.465471+00:00,ActiveSG Gym @ Enabling Village,22%
2026-09-20T05:30:14.465471+00:00,ActiveSG Gym @ Fernvale Square,27%
2026-09-20T05:30:14.465471+00:00,ActiveSG Gym @ Serangoon Central,43%
2026-09-20T05:30:14.465471+00:00,ActiveSG Gym @ Toa Payoh,37%
2026-09-20T05:30:14.465471+00:00,ActiveSG Gym @ Toa Payoh West Community Centre,36%
2026-09-20T05:30:14.465471+00:00,ActiveSG Hockey Village @ Boon Lay Gym,30%
2026-09-20T05:30:14.465471+00:00,ActiveSG Sport Park @ Teck Ghee ActiveSG Gym,31%
2026-09-20T05:30:14.465471+00:00,Bishan ActiveSG Gym,22%
2026-09-20T05:30:14.465471+00:00,Bukit Batok ActiveSG Gym,35%
2026-09-20T05:30:14.465471+00:00,Bukit Canberra ActiveSG Gym,39%
2026-09-20T05:30:14.465471+00:00,Bukit Gombak ActiveSG Gym,53%
2026-09-20T05:30:14.465471+00:00,Choa Chu Kang ActiveSG Gym,45%
2026-09-20T05:30:14.465471+00:00,Clementi ActiveSG Gym,80%
2026-09-20T05:30:14.465471+00:00,Delta ActiveSG Gym,25%
2026-09-20T05:30:14.465471+00:00,Heartbeat @ Bedok ActiveSG Gym,34%
2026-09-20T05:30:14.465471+00:00,Hougang ActiveSG Gym,47%
2026-09-20T05:30:14.465471+00:00,Jalan Besar ActiveSG Gym,44%
2026-09-20T05:30:14.465471+00:00,Jurong East ActiveSG Gym,21%
2026-09-20T05:30:14.465471+00:00,Jurong Lake Gardens ActiveSG Gym,30%
2026-09-20T05:30:14.465471+00:00,Jurong West ActiveSG Gym,26%
2026-09-20T05:30:14.465471+00:00,Katong ActiveSG Gym,48%
2026-09-20T05:30:14.465471+00:00,Pasir Ris ActiveSG Gym,34%
2026-09-20T05:30:14.465471+00:00,Queenstown ActiveSG Gym,26%
2026-09-20T05:30:14.465471+00:00,Sengkang ActiveSG Gym,66%
2026-09-20T05:30:14.465471+00:00,Senja-Cashew ActiveSG Gym,32%
2026-09-20T05:30:14.465471+00:00,Tampines ActiveSG Gym,39%
2026-09-20T05:30:14.465471+00:00,Woodlands ActiveSG Gym,38%
2026-09-20T05:30:14.465471+00:00,Yio Chu Kang ActiveSG Gym,46%
2026-09-20T05:30:14.465471+00:00,Yishun ActiveSG Gym,31%
2026-09-20T05:45:10.300129+00:00,ActiveSG Gym @ Ang Mo Kio Community Centre,27%
2026-09-20T05:45:10.300129+00:00,ActiveSG Gym @ Enabling Village,22%
2026-09-20T05:45:10.300129+00:00,ActiveSG Gym @ Fernvale Square,28%
2026-09-20T05:45:10.300129+00:00,ActiveSG Gym @ Serangoon Central,37%
2026-09-20T05:45:10.300129+00:00,ActiveSG Gym @ Toa Payoh,39%
2026-09-20T05:45:10.300129+00:00,ActiveSG Gym @ Toa Payoh West Community Centre,33%
2026-09-20T05:45:10.300129+00:00,ActiveSG Hockey Village @ Boon Lay Gym,28%
2026-09-20T05:45:10.300129+00:00,ActiveSG Sport Park @ Teck Ghee ActiveSG Gym,28%
2026-09-20T05:45:10.300129+00:00,Bishan ActiveSG Gym,25%
2026-09-20T05:45:10.300129+00:00,Bukit Batok ActiveSG Gym,48%
2026-09-20T05:45:10.300129+00:00,Bukit Canberra ActiveSG Gym,37%
2026-09-20T05:45:10.300129+00:00,Bukit Gombak ActiveSG Gym,54%
2026-09-20T05:45:10.300129+00:00,Choa Chu Kang ActiveSG Gym,46%
2026-09-20T05:45:10.300129+00:00,Clementi ActiveSG Gym,81%
2026-09-20T05:45:10.300129+00:00,Delta ActiveSG Gym,27%
2026-09-20T05:45:10.300129+00:00,Heartbeat @ Bedok ActiveSG Gym,35%
2026-09-20T05:45:10.300129+00:00,Hougang ActiveSG Gym,45%
2026-09-20T05:45:10.300129+00:00,Jalan Besar ActiveSG Gym,39%
2026-09-20T05:45:10.300129+00:00,Jurong East ActiveSG Gym,21%
2026-09-20T05:45:10.300129+00:00,Jurong Lake Gardens ActiveSG Gym,27%
2026-09-20T05:45:10.300129+00:00,Jurong West ActiveSG Gym,26%
2026-09-20T05:45:10.300129+00:00,Katong ActiveSG Gym,43%
2026-09-20T05:45:10.300129+00:00,Pasir Ris ActiveSG Gym,33%
2026-09-20T05:45:10.300129+00:00,Queenstown ActiveSG Gym,28%
2026-09-20T05:45:10.300129+00:00,Sengkang ActiveSG Gym,68%
2026-09-20T05:45:10.300129+00:00,Senja-Cashew ActiveSG Gym,42%
2026-09-20T05:45:10.300129+00:00,Tampines ActiveSG Gym,41%
2026-09-20T05:45:10.300129+00:00,Woodlands ActiveSG Gym,39%
2026-09-20T05:45:10.300129+00:00,Yio Chu Kang ActiveSG Gym,45%
2026-09-20T05:45:10.300129+00:00,Yishun ActiveSG Gym,28%
2026-09-20T06:00:12.696390+00:00,ActiveSG Gym @ Ang Mo Kio Community Centre,35%
2026-09-20T06:00:12.696390+00:00,ActiveSG Gym @ Enabling Village,22%
2026-09-20T06:00:12.696390+00:00,ActiveSG Gym @ Fernvale Square,37%
2026-09-20T06:00:12.696390+00:00,ActiveSG Gym @ Serangoon Central,33%
2026-09-20T06:00:12.696390+00:00,ActiveSG Gym @ Toa Payoh,42%
2026-09-20T06:00:12.696390+00:00,ActiveSG Gym @ Toa Payoh West Community Centre,33%
2026-09-20T06:00:12.696390+00:00,ActiveSG Hockey Village @ Boon Lay Gym,29%
2026-09-20T06:00:12.696390+00:00,ActiveSG Sport Park @ Teck Ghee ActiveSG Gym,25%
2026-09-20T06:00:12.696390+00:00,Bishan ActiveSG Gym,29%
2026-09-20T06:00:12.696390+00:00,Bukit Batok ActiveSG Gym,40%
2026-09-20T06:00:12.696390+00:00,Bukit Canberra ActiveSG Gym,37%
2026-09-20T06:00:12.696390+00:00,Bukit Gombak ActiveSG Gym,50%
2026-09-20T06:00:12.696390+00:00,Choa Chu Kang ActiveSG Gym,51%
2026-09-20T06:00:12.696390+00:00,Clementi ActiveSG Gym,84%
2026-09-20T06:00:12.696390+00:00,Delta ActiveSG Gym,28%
2026-09-20T06:00:12.696390+00:00,Heartbeat @ Bedok ActiveSG Gym,32%
2026-09-20T06:00:12.696390+00:00,Hougang ActiveSG Gym,45%
2026-09-20T06:00:12.696390+00:00,Jalan Besar ActiveSG Gym,33%
2026-09-20T06:00:12.696390+00:00,Jurong East ActiveSG Gym,23%
2026-09-20T06:00:12.696390+00:00,Jurong Lake Gardens ActiveSG Gym,27%
2026-09-20T06:00:12.696390+00:00,Jurong West ActiveSG Gym,24%
2026-09-20T06:00:12.696390+00:00,Katong ActiveSG Gym,49%
2026-09-20T06:00:12.696390+00:00,Pasir Ris ActiveSG Gym,35%
2026-09-20T06:00:12.696390+00:00,Queenstown ActiveSG Gym,30%
2026-09-20T06:00:12.696390+00:00,Sengkang ActiveSG Gym,63%
2026-09-20T06:00:12.696390+00:00,Senja-Cashew ActiveSG Gym,45%
2026-09-20T06:00:12.696390+00:00,Tampines ActiveSG Gym,47%
2026-09-20T06:00:12.696390+00:00,Woodlands ActiveSG Gym,42%
2026-09-20T06:00:12.696390+00:00,Yio Chu Kang ActiveSG Gym,43%
2026-09-20T06:00:12.696390+00:00,Yishun ActiveSG Gym,27%
2026-09-20T06:15:11.056891+00:00,ActiveSG Gym @ Ang Mo Kio Community Centre,33%
2026-09-20T06:15:11.056891+00:00,ActiveSG Gym @ Enabling Village,13%
2026-09-20T06:15:11.056891+00:00,ActiveSG Gym @ Fernvale Square,47%
2026-09-20T06:15:11.056891+00:00,ActiveSG Gym @ Serangoon Central,33%
2026-09-20T06:15:11.056891+00:00,ActiveSG Gym @ Toa Payoh,42%
2026-09-20T06:15:11.056891+00:00,ActiveSG Gym @ Toa Payoh West Community Centre,35%
2026-09-20T06:15:11.056891+00:00,ActiveSG Hockey Village @ Boon Lay Gym,29%
2026-09-20T06:15:11.056891+00:00,ActiveSG Sport Park @ Teck Ghee ActiveSG Gym,24%
2026-09-20T06:15:11.056891+00:00,Bishan ActiveSG Gym,30%
2026-09-20T06:15:11.056891+00:00,Bukit Batok ActiveSG Gym,45%
2026-09-20T06:15:11.056891+00:00,Bukit Canberra ActiveSG Gym,37%
2026-09-20T06:15:11.056891+00:00,Bukit Gombak ActiveSG Gym,58%
2026-09-20T06:15:11.056891+00:00,Choa Chu Kang ActiveSG Gym,56%
2026-09-20T06:15:11.056891+00:00,Clementi ActiveSG Gym,72%
2026-09-20T06:15:11.056891+00:00,Delta ActiveSG Gym,31%
2026-09-20T06:15:11.056891+00:00,Heartbeat @ Bedok ActiveSG Gym,31%
2026-09-20T06:15:11.056891+00:00,Hougang ActiveSG Gym,46%
2026-09-20T06:15:11.056891+00:00,Jalan Besar ActiveSG Gym,39%
2026-09-20T06:15:11.056891+00:00,Jurong East ActiveSG Gym,22%
2026-09-20T06:15:11.056891+00:00,Jurong Lake Gardens ActiveSG Gym,29%
2026-09-20T06:15:11.056891+00:00,Jurong West ActiveSG Gym,23%
2026-09-20T06:15:11.056891+00:00,Katong ActiveSG Gym,46%
2026-09-20T06:15:11.056891+00:00,Pasir Ris ActiveSG Gym,36%
2026-09-20T06:15:11.056891+00:00,Queenstown ActiveSG Gym,39%
2026-09-20T06:15:11.056891+00:00,Sengkang ActiveSG Gym,67%
2026-09-20T06:15:11.056891+00:00,Senja-Cashew ActiveSG Gym,54%
2026-09-20T06:15:11.056891+00:00,Tampines ActiveSG Gym,49%
2026-09-20T06:15:11.056891+00:00,Woodlands ActiveSG Gym,46%
2026-09-20T06:15:11.056891+00:00,Yio Chu Kang ActiveSG Gym,48%
2026-09-20T06:15:11.056891+00:00,Yishun ActiveSG Gym,33%
2026-09-20T06:30:14.948437+00:00,ActiveSG Gym @ Ang Mo Kio Community Centre,35%
2026-09-20T06:30:14.948437+00:00,ActiveSG Gym @ Enabling Village,16%
2026-09-20T06:30:14.948437+00:00,ActiveSG Gym @ Fernvale Square,52%
2026-09-20T06:30:14.948437+00:00,ActiveSG Gym @ Serangoon Central,30%
2026-09-20T06:30:14.948437+00:00,ActiveSG Gym @ Toa Payoh,45%
2026-09-20T06:30:14.948437+00:00,ActiveSG Gym @ Toa Payoh West Community Centre,23%
2026-09-20T06:30:14.948437+00:00,ActiveSG Hockey Village @ Boon Lay Gym,21%
2026-09-20T06:30:14.948437+00:00,ActiveSG Sport Park @ Teck Ghee ActiveSG Gym,27%
2026-09-20T06:30:14.948437+00:00,Bishan ActiveSG Gym,30%
2026-09-20T06:30:14.948437+00:00,Bukit Batok ActiveSG Gym,50%
2026-09-20T06:30:14.948437+00:00,Bukit Canberra ActiveSG Gym,39%
2026-09-20T06:30:14.948437+00:00,Bukit Gombak ActiveSG Gym,56%
2026-09-20T06:30:14.948437+00:00,Choa Chu Kang ActiveSG Gym,57%
2026-09-20T06:30:14.948437+00:00,Clementi ActiveSG Gym,42%
2026-09-20T06:30:14.948437+00:00,Delta ActiveSG Gym,30%
2026-09-20T06:30:14.948437+00:00,Heartbeat @ Bedok ActiveSG Gym,35%
2026-09-20T06:30:14.948437+00:00,Hougang ActiveSG Gym,47%
2026-09-20T06:30:14.948437+00:00,Jalan Besar ActiveSG Gym,42%
2026-09-20T06:30:14.948437+00:00,Jurong East ActiveSG Gym,24%
2026-09-20T06:30:14.948437+00:00,Jurong Lake Gardens ActiveSG Gym,27%
2026-09-20T06:30:14.948437+00:00,Jurong West ActiveSG Gym,24%
2026-09-20T06:30:14.948437+00:00,Katong ActiveSG Gym,43%
2026-09-20T06:30:14.948437+00:00,Pasir Ris ActiveSG Gym,37%
2026-09-20T06:30:14.948437+00:00,Queenstown ActiveSG Gym,39%
2026-09-20T06:30:14.948437+00:00,Sengkang ActiveSG Gym,70%
2026-09-20T06:30:14.948437+00:00,Senja-Cashew ActiveSG Gym,60%
2026-09-20T06:30:14.948437+00:00,Tampines ActiveSG Gym,50%
2026-09-20T06:30:14.948437+00:00,Woodlands ActiveSG Gym,43%
2026-09-20T06:30:14.948437+00:00,Yio Chu Kang ActiveSG Gym,53%
2026-09-20T06:30:14.948437+00:00,Yishun ActiveSG Gym,38%
2026-09-20T06:45:10.656728+00:00,ActiveSG Gym @ Ang Mo Kio Community Centre,25%
2026-09-20T06:45:10.656728+00:00,ActiveSG Gym @ Enabling Village,18%
2026-09-20T06:45:10.656728+00:00,ActiveSG Gym @ Fernvale Square,40%
2026-09-20T06:45:10.656728+00:00,ActiveSG Gym @ Serangoon Central,27%
2026-09-20T06:45:10.656728+00:00,ActiveSG Gym @ Toa Payoh,44%
2026-09-20T06:45:10.656728+00:00,ActiveSG Gym @ Toa Payoh West Community Centre,21%
2026-09-20T06:45:10.656728+00:00,ActiveSG Hockey Village @ Boon Lay Gym,21%
2026-09-20T06:45:10.656728+00:00,ActiveSG Sport Park @ Teck Ghee ActiveSG Gym,28%
2026-09-20T06:45:10.656728+00:00,Bishan ActiveSG Gym,30%
2026-09-20T06:45:10.656728+00:00,Bukit Batok ActiveSG Gym,48%
2026-09-20T06:45:10.656728+00:00,Bukit Canberra ActiveSG Gym,38%
2026-09-20T06:45:10.656728+00:00,Bukit Gombak ActiveSG Gym,59%
2026-09-20T06:45:10.656728+00:00,Choa Chu Kang ActiveSG Gym,58%
2026-09-20T06:45:10.656728+00:00,Clementi ActiveSG Gym,44%
2026-09-20T06:45:10.656728+00:00,Delta ActiveSG Gym,34%
2026-09-20T06:45:10.656728+00:00,Heartbeat @ Bedok ActiveSG Gym,33%
2026-09-20T06:45:10.656728+00:00,Hougang ActiveSG Gym,47%
2026-09-20T06:45:10.656728+00:00,Jalan Besar ActiveSG Gym,44%
2026-09-20T06:45:10.656728+00:00,Jurong East ActiveSG Gym,35%
2026-09-20T06:45:10.656728+00:00,Jurong Lake Gardens ActiveSG Gym,27%
2026-09-20T06:45:10.656728+00:00,Jurong West ActiveSG Gym,24%
2026-09-20T06:45:10.656728+00:00,Katong ActiveSG Gym,48%
2026-09-20T06:45:10.656728+00:00,Pasir Ris ActiveSG Gym,35%
2026-09-20T06:45:10.656728+00:00,Queenstown ActiveSG Gym,39%
2026-09-20T06:45:10.656728+00:00,Sengkang ActiveSG Gym,72%
2026-09-20T06:45:10.656728+00:00,Senja-Cashew ActiveSG Gym,63%
2026-09-20T06:45:10.656728+00:00,Tampines ActiveSG Gym,59%
2026-09-20T06:45:10.656728+00:00,Woodlands ActiveSG Gym,37%
2026-09-20T06:45:10.656728+00:00,Yio Chu Kang ActiveSG Gym,43%
2026-09-20T06:45:10.656728+00:00,Yishun ActiveSG Gym,38%
2026-09-20T07:00:14.406471+00:00,ActiveSG Gym @ Ang Mo Kio Community Centre,25%
2026-09-20T07:00:14.406471+00:00,ActiveSG Gym @ Enabling Village,16%
2026-09-20T07:00:14.406471+00:00,ActiveSG Gym @ Fernvale Square,45%
2026-09-20T07:00:14.406471+00:00,ActiveSG Gym @ Serangoon Central,40%
2026-09-20T07:00:14.406471+00:00,ActiveSG Gym @ Toa Payoh,51%
2026-09-20T07:00:14.406471+00:00,ActiveSG Gym @ Toa Payoh West Community Centre,24%
2026-09-20T07:00:14.406471+00:00,ActiveSG Hockey Village @ Boon Lay Gym,21%
2026-09-20T07:00:14.406471+00:00,ActiveSG Sport Park @ Teck Ghee ActiveSG Gym,26%
2026-09-20T07:00:14.406471+00:00,Bishan ActiveSG Gym,30%
2026-09-20T07:00:14.406471+00:00,Bukit Batok ActiveSG Gym,38%
2026-09-20T07:00:14.406471+00:00,Bukit Canberra ActiveSG Gym,39%
2026-09-20T07:00:14.406471+00:00,Bukit Gombak ActiveSG Gym,54%
2026-09-20T07:00:14.406471+00:00,Choa Chu Kang ActiveSG Gym,52%
2026-09-20T07:00:14.406471+00:00,Clementi ActiveSG Gym,53%
2026-09-20T07:00:14.406471+00:00,Delta ActiveSG Gym,36%
2026-09-20T07:00:14.406471+00:00,Heartbeat @ Bedok ActiveSG Gym,36%
2026-09-20T07:00:14.406471+00:00,Hougang ActiveSG Gym,47%
2026-09-20T07:00:14.406471+00:00,Jalan Besar ActiveSG Gym,49%
2026-09-20T07:00:14.406471+00:00,Jurong East ActiveSG Gym,37%
2026-09-20T07:00:14.406471+00:00,Jurong Lake Gardens ActiveSG Gym,32%
2026-09-20T07:00:14.406471+00:00,Jurong West ActiveSG Gym,28%
2026-09-20T07:00:14.406471+00:00,Katong ActiveSG Gym,46%
2026-09-20T07:00:14.406471+00:00,Pasir Ris ActiveSG Gym,40%
2026-09-20T07:00:14.406471+00:00,Queenstown ActiveSG Gym,34%
2026-09-20T07:00:14.406471+00:00,Sengkang ActiveSG Gym,74%
2026-09-20T07:00:14.406471+00:00,Senja-Cashew ActiveSG Gym,65%
2026-09-20T07:00:14.406471+00:00,Tampines ActiveSG Gym,58%
2026-09-20T07:00:14.406471+00:00,Woodlands ActiveSG Gym,44%
2026-09-20T07:00:14.406471+00:00,Yio Chu Kang ActiveSG Gym,45%
2026-09-20T07:00:14.406471+00:00,Yishun ActiveSG Gym,40%
2026-09-20T07:15:14.005946+00:00,ActiveSG Gym @ Ang Mo Kio Community Centre,35%
2026-09-20T07:15:14.005946+00:00,ActiveSG Gym @ Enabling Village,22%
2026-09-20T07:15:14.005946+00:00,ActiveSG Gym @ Fernvale Square,43%
2026-09-20T07:15:14.005946+00:00,ActiveSG Gym @ Serangoon Central,40%
2026-09-20T07:15:14.005946+00:00,ActiveSG Gym @ Toa Payoh,51%
2026-09-20T07:15:14.005946+00:00,ActiveSG Gym @ Toa Payoh West Community Centre,23%
2026-09-20T07:15:14.005946+00:00,ActiveSG Hockey Village @ Boon Lay Gym,24%
2026-09-20T07:15:14.005946+00:00,ActiveSG Sport Park @ Teck Ghee ActiveSG Gym,29%
2026-09-20T07:15:14.005946+00:00,Bishan ActiveSG Gym,30%
2026-09-20T07:15:14.005946+00:00,Bukit Batok ActiveSG Gym,43%
2026-09-20T07:15:14.005946+00:00,Bukit Canberra ActiveSG Gym,38%
2026-09-20T07:15:14.005946+00:00,Bukit Gombak ActiveSG Gym,62%
2026-09-20T07:15:14.005946+00:00,Choa Chu Kang ActiveSG Gym,43%
2026-09-20T07:15:14.005946+00:00,Clementi ActiveSG Gym,55%
2026-09-20T07:15:14.005946+00:00,Delta ActiveSG Gym,37%
2026-09-20T07:15:14.005946+00:00,Heartbeat @ Bedok ActiveSG Gym,38%
2026-09-20T07:15:14.005946+00:00,Hougang ActiveSG Gym,50%
2026-09-20T07:15:14.005946+00:00,Jalan Besar ActiveSG Gym,49%
2026-09-20T07:15:14.005946+00:00,Jurong East ActiveSG Gym,37%
2026-09-20T07:15:14.005946+00:00,Jurong Lake Gardens ActiveSG Gym,31%
2026-09-20T07:15:14.005946+00:00,Jurong West ActiveSG Gym,32%
2026-09-20T07:15:14.005946+00:00,Katong ActiveSG Gym,48%
2026-09-20T07:15:14.005946+00:00,Pasir Ris ActiveSG Gym,38%
2026-09-20T07:15:14.005946+00:00,Queenstown ActiveSG Gym,36%
2026-09-20T07:15:14.005946+00:00,Sengkang ActiveSG Gym,70%
2026-09-20T07:15:14.005946+00:00,Senja-Cashew ActiveSG Gym,62%
2026-09-20T07:15:14.005946+00:00,Tampines ActiveSG Gym,58%
2026-09-20T07:15:14.005946+00:00,Woodlands ActiveSG Gym,43%
2026-09-20T07:15:14.005946+00:00,Yio Chu Kang ActiveSG Gym,48%
2026-09-20T07:15:14.005946+00:00,Yishun ActiveSG Gym,40%
2026-09-20T07:30:13.750227+00:00,ActiveSG Gym @ Ang Mo Kio Community Centre,35%
2026-09-20T07:30:13.750227+00:00,ActiveSG Gym @ Enabling Village,29%
2026-09-20T07:30:13.750227+00:00,ActiveSG Gym @ Fernvale Square,47%
2026-09-20T07:30:13.750227+00:00,ActiveSG Gym @ Serangoon Central,40%
2026-09-20T07:30:13.750227+00:00,ActiveSG Gym @ Toa Payoh,52%
2026-09-20T07:30:13.750227+00:00,ActiveSG Gym @ Toa Payoh West Community Centre,21%
2026-09-20T07:30:13.750227+00:00,ActiveSG Hockey Village @ Boon Lay Gym,27%
2026-09-20T07:30:13.750227+00:00,ActiveSG Sport Park @ Teck Ghee ActiveSG Gym,30%
2026-09-20T07:30:13.750227+00:00,Bishan ActiveSG Gym,30%
2026-09-20T07:30:13.750227+00:00,Bukit Batok ActiveSG Gym,33%
2026-09-20T07:30:13.750227+00:00,Bukit Canberra ActiveSG Gym,40%
2026-09-20T07:30:13.750227+00:00,Bukit Gombak ActiveSG Gym,68%
2026-09-20T07:30:13.750227+00:00,Choa Chu Kang ActiveSG Gym,40%
2026-09-20T07:30:13.750227+00:00,Clementi ActiveSG Gym,55%
2026-09-20T07:30:13.750227+00:00,Delta ActiveSG Gym,35%
2026-09-20T07:30:13.750227+00:00,Heartbeat @ Bedok ActiveSG Gym,37%
2026-09-20T07:30:13.750227+00:00,Hougang ActiveSG Gym,51%
2026-09-20T07:30:13.750227+00:00,Jalan Besar ActiveSG Gym,58%
2026-09-20T07:30:13.750227+00:00,Jurong East ActiveSG Gym,38%
2026-09-20T07:30:13.750227+00:00,Jurong Lake Gardens ActiveSG Gym,34%
2026-09-20T07:30:13.750227+00:00,Jurong West ActiveSG Gym,32%
2026-09-20T07:30:13.750227+00:00,Katong ActiveSG Gym,48%
2026-09-20T07:30:13.750227+00:00,Pasir Ris ActiveSG Gym,42%
2026-09-20T07:30:13.750227+00:00,Queenstown ActiveSG Gym,40%
2026-09-20T07:30:13.750227+00:00,Sengkang ActiveSG Gym,74%
2026-09-20T07:30:13.750227+00:00,Senja-Cashew ActiveSG Gym,72%
2026-09-20T07:30:13.750227+00:00,Tampines ActiveSG Gym,56%
2026-09-20T07:30:13.750227+00:00,Woodlands ActiveSG Gym,43%
2026-09-20T07:30:13.750227+00:00,Yio Chu Kang ActiveSG Gym,43%
2026-09-20T07:30:13.750227+00:00,Yishun ActiveSG Gym,41%
2026-09-20T07:45:13.839284+00:00,ActiveSG Gym @ Ang Mo Kio Community Centre,35%
2026-09-20T07:45:13.839284+00:00,ActiveSG Gym @ Enabling Village,27%
2026-09-20T07:45:13.839284+00:00,ActiveSG Gym @ Fernvale Square,43%
2026-09-20T07:45:13.839284+00:00,ActiveSG Gym @ Serangoon Central,50%
2026-09-20T07:45:13.839284+00:00,ActiveSG Gym @ Toa Payoh,52%
2026-09-20T07:45:13.839284+00:00,ActiveSG Gym @ Toa Payoh West Community Centre,28%
2026-09-20T07:45:13.839284+00:00,ActiveSG Hockey Village @ Boon Lay Gym,29%
2026-09-20T07:45:13.839284+00:00,ActiveSG Sport Park @ Teck Ghee ActiveSG Gym,31%
2026-09-20T07:45:13.839284+00:00,Bishan ActiveSG Gym,34%
2026-09-20T07:45:13.839284+00:00,Bukit Batok ActiveSG Gym,30%
2026-09-20T07:45:13.839284+00:00,Bukit Canberra ActiveSG Gym,42%
2026-09-20T07:45:13.839284+00:00,Bukit Gombak ActiveSG Gym,63%
2026-09-20T07:45:13.839284+00:00,Choa Chu Kang ActiveSG Gym,41%
2026-09-20T07:45:13.839284+00:00,Clementi ActiveSG Gym,54%
2026-09-20T07:45:13.839284+00:00,Delta ActiveSG Gym,39%
2026-09-20T07:45:13.839284+00:00,Heartbeat @ Bedok ActiveSG Gym,37%
2026-09-20T07:45:13.839284+00:00,Hougang ActiveSG Gym,52%
2026-09-20T07:45:13.839284+00:00,Jalan Besar ActiveSG Gym,58%
2026-09-20T07:45:13.839284+00:00,Jurong East ActiveSG Gym,39%
2026-09-20T07:45:13.839284+00:00,Jurong Lake Gardens ActiveSG Gym,35%
2026-09-20T07:45:13.839284+00:00,Jurong West ActiveSG Gym,35%
2026-09-20T07:45:13.839284+00:00,Katong ActiveSG Gym,49%
2026-09-20T07:45:13.839284+00:00,Pasir Ris ActiveSG Gym,38%
2026-09-20T07:45:13.839284+00:00,Queenstown ActiveSG Gym,41%
2026-09-20T07:45:13.839284+00:00,Sengkang ActiveSG Gym,67%
2026-09-20T07:45:13.839284+00:00,Senja-Cashew ActiveSG Gym,71%
2026-09-20T07:45:13.839284+00:00,Tampines ActiveSG Gym,69%
2026-09-20T07:45:13.839284+00:00,Woodlands ActiveSG Gym,43%
2026-09-20T07:45:13.839284+00:00,Yio Chu Kang ActiveSG Gym,38%
2026-09-20T07:45:13.839284+00:00,Yishun ActiveSG Gym,40%
2026-09-20T09:09:18.864816+00:00,ActiveSG Gym @ Ang Mo Kio Community Centre,42%
2026-09-20T09:09:18.864816+00:00,ActiveSG Gym @ Enabling Village,40%
2026-09-20T09:09:18.864816+00:00,ActiveSG Gym @ Fernvale Square,48%
2026-09-20T09:09:18.864816+00:00,ActiveSG Gym @ Serangoon Central,43%
2026-09-20T09:09:18.864816+00:00,ActiveSG Gym @ Toa Payoh,46%
2026-09-20T09:09:18.864816+00:00,ActiveSG Gym @ Toa Payoh West Community Centre,33%
2026-09-20T09:09:18.864816+00:00,ActiveSG Hockey Village @ Boon Lay Gym,38%
2026-09-20T09:09:18.864816+00:00,ActiveSG Sport Park @ Teck Ghee ActiveSG Gym,40%
2026-09-20T09:09:18.864816+00:00,Bishan ActiveSG Gym,47%
2026-09-20T09:09:18.864816+00:00,Bukit Batok ActiveSG Gym,88%
2026-09-20T09:09:18.864816+00:00,Bukit Canberra ActiveSG Gym,57%
2026-09-20T09:09:18.864816+00:00,Bukit Gombak ActiveSG Gym,73%
2026-09-20T09:09:18.864816+00:00,Choa Chu Kang ActiveSG Gym,79%
2026-09-20T09:09:18.864816+00:00,Clementi ActiveSG Gym,53%
2026-09-20T09:09:18.864816+00:00,Delta ActiveSG Gym,69%
2026-09-20T09:09:18.864816+00:00,Heartbeat @ Bedok ActiveSG Gym,43%
2026-09-20T09:09:18.864816+00:00,Hougang ActiveSG Gym,56%
2026-09-20T09:09:18.864816+00:00,Jalan Besar ActiveSG Gym,69%
2026-09-20T09:09:18.864816+00:00,Jurong East ActiveSG Gym,41%
2026-09-20T09:09:18.864816+00:00,Jurong Lake Gardens ActiveSG Gym,40%
2026-09-20T09:09:18.864816+00:00,Jurong West ActiveSG Gym,46%
2026-09-20T09:09:18.864816+00:00,Katong ActiveSG Gym,63%
2026-09-20T09:09:18.864816+00:00,Pasir Ris ActiveSG Gym,51%
2026-09-20T09:09:18.864816+00:00,Queenstown ActiveSG Gym,4%
2026-09-20T09:09:18.864816+00:00,Sengkang ActiveSG Gym,80%
2026-09-20T09:09:18.864816+00:00,Senja-Cashew ActiveSG Gym,97%
2026-09-20T09:09:18.864816+00:00,Tampines ActiveSG Gym,59%
2026-09-20T09:09:18.864816+00:00,Woodlands ActiveSG Gym,51%
2026-09-20T09:09:18.864816+00:00,Yio Chu Kang ActiveSG Gym,38%
2026-09-20T09:09:18.864816+00:00,Yishun ActiveSG Gym,63%
2026-09-20T09:12:18.337562+00:00,ActiveSG Gym @ Ang Mo Kio Community Centre,42%
2026-09-20T09:12:18.337562+00:00,ActiveSG Gym @ Enabling Village,42%
2026-09-20T09:12:18.337562+00:00,ActiveSG Gym @ Fernvale Square,52%
2026-09-20T09:12:18.337562+00:00,ActiveSG Gym @ Serangoon Central,43%
2026-09-20T09:12:18.337562+00:00,ActiveSG Gym @ Toa Payoh,48%
2026-09-20T09:12:18.337562+00:00,ActiveSG Gym @ Toa Payoh West Community Centre,35%
2026-09-20T09:12:18.337562+00:00,ActiveSG Hockey Village @ Boon Lay Gym,37%
2026-09-20T09:12:18.337562+00:00,ActiveSG Sport Park @ Teck Ghee ActiveSG Gym,41%
2026-09-20T09:12:18.337562+00:00,Bishan ActiveSG Gym,47%
2026-09-20T09:12:18.337562+00:00,Bukit Batok ActiveSG Gym,93%
2026-09-20T09:12:18.337562+00:00,Bukit Canberra ActiveSG Gym,56%
2026-09-20T09:12:18.337562+00:00,Bukit Gombak ActiveSG Gym,73%
2026-09-20T09:12:18.337562+00:00,Choa Chu Kang ActiveSG Gym,81%
2026-09-20T09:12:18.337562+00:00,Clementi ActiveSG Gym,54%
2026-09-20T09:12:18.337562+00:00,Delta ActiveSG Gym,69%
2026-09-20T09:12:18.337562+00:00,Heartbeat @ Bedok ActiveSG Gym,44%
2026-09-20T09:12:18.337562+00:00,Hougang ActiveSG Gym,57%
2026-09-20T09:12:18.337562+00:00,Jalan Besar ActiveSG Gym,58%
2026-09-20T09:12:18.337562+00:00,Jurong East ActiveSG Gym,41%
2026-09-20T09:12:18.337562+00:00,Jurong Lake Gardens ActiveSG Gym,40%
2026-09-20T09:12:18.337562+00:00,Jurong West ActiveSG Gym,46%
2026-09-20T09:12:18.337562+00:00,Katong ActiveSG Gym,63%
2026-09-20T09:12:18.337562+00:00,Pasir Ris ActiveSG Gym,51%
2026-09-20T09:12:18.337562+00:00,Queenstown ActiveSG Gym,39%
2026-09-20T09:12:18.337562+00:00,Sengkang ActiveSG Gym,77%
2026-09-20T09:12:18.337562+00:00,Senja-Cashew ActiveSG Gym,98%
2026-09-20T09:12:18.337562+00:00,Tampines ActiveSG Gym,60%
2026-09-20T09:12:18.337562+00:00,Woodlands ActiveSG Gym,48%
2026-09-20T09:12:18.337562+00:00,Yio Chu Kang ActiveSG Gym,38%
2026-09-20T09:12:18.337562+00:00,Yishun ActiveSG Gym,63%
2026-09-22T06:44:23.348333+00:00,ActiveSG Gym @ Ang Mo Kio Community Centre,32%
2026-09-22T06:44:23.348333+00:00,ActiveSG Gym @ Enabling Village,20%
2026-09-22T06:44:23.348333+00:00,ActiveSG Gym @ Fernvale Square,22%
2026-09-22T06:44:23.348333+00:00,ActiveSG Gym @ Serangoon Central,40%
2026-09-22T06:44:23.348333+00:00,ActiveSG Gym @ Toa Payoh,45%
2026-09-22T06:44:23.348333+00:00,ActiveSG Gym @ Toa Payoh West Community Centre,20%
2026-09-22T06:44:23.348333+00:00,ActiveSG Hockey Village @ Boon Lay Gym,0%
2026-09-22T06:44:23.348333+00:00,ActiveSG Sport Park @ Teck Ghee ActiveSG Gym,18%
2026-09-22T06:44:23.348333+00:00,Bishan ActiveSG Gym,37%
2026-09-22T06:44:23.348333+00:00,Bukit Batok ActiveSG Gym,25%
2026-09-22T06:44:23.348333+00:00,Bukit Canberra ActiveSG Gym,61%
2026-09-22T06:44:23.348333+00:00,Bukit Gombak ActiveSG Gym,37%
2026-09-22T06:44:23.348333+00:00,Choa Chu Kang ActiveSG Gym,35%
2026-09-22T06:44:23.348333+00:00,Clementi ActiveSG Gym,42%
2026-09-22T06:44:23.348333+00:00,Delta ActiveSG Gym,33%
2026-09-22T06:44:23.348333+00:00,Heartbeat @ Bedok ActiveSG Gym,33%
2026-09-22T06:44:23.348333+00:00,Hougang ActiveSG Gym,38%
2026-09-22T06:44:23.348333+00:00,Jalan Besar ActiveSG Gym,38%
2026-09-22T06:44:23.348333+00:00,Jurong East ActiveSG Gym,32%
2026-09-22T06:44:23.348333+00:00,Jurong Lake Gardens ActiveSG Gym,31%
2026-09-22T06:44:23.348333+00:00,Jurong West ActiveSG Gym,0%
2026-09-22T06:44:23.348333+00:00,Katong ActiveSG Gym,42%
2026-09-22T06:44:23.348333+00:00,Pasir Ris ActiveSG Gym,29%
2026-09-22T06:44:23.348333+00:00,Queenstown ActiveSG Gym,31%
2026-09-22T06:44:23.348333+00:00,Sengkang ActiveSG Gym,66%
2026-09-22T06:44:23.348333+00:00,Senja-Cashew ActiveSG Gym,43%
2026-09-22T06:44:23.348333+00:00,Tampines ActiveSG Gym,35%
2026-09-22T06:44:23.348333+00:00,Woodlands ActiveSG Gym,40%
2026-09-22T06:44:23.348333+00:00,Yio Chu Kang ActiveSG Gym,33%
2026-09-22T06:44:23.348333+00:00,Yishun ActiveSG Gym,28%
2026-09-22T12:05:22.805143+00:00,ActiveSG Gym @ Ang Mo Kio Community Centre,47%
2026-09-22T12:05:22.805143+00:00,ActiveSG Gym @ Enabling Village,47%
2026-09-22T12:05:22.805143+00:00,ActiveSG Gym @ Fernvale Square,48%
2026-09-22T12:05:22.805143+00:00,ActiveSG Gym @ Serangoon Central,53%
2026-09-22T12:05:22.805143+00:00,ActiveSG Gym @ Toa Payoh,76%
2026-09-22T12:05:22.805143+00:00,ActiveSG Gym @ Toa Payoh West Community Centre,51%
2026-09-22T12:05:22.805143+00:00,ActiveSG Hockey Village @ Boon Lay Gym,0%
2026-09-22T12:05:22.805143+00:00,ActiveSG Sport Park @ Teck Ghee ActiveSG Gym,34%
2026-09-22T12:05:22.805143+00:00,Bishan ActiveSG Gym,64%
2026-09-22T12:05:22.805143+00:00,Bukit Batok ActiveSG Gym,80%
2026-09-22T12:05:22.805143+00:00,Bukit Canberra ActiveSG Gym,85%
2026-09-22T12:05:22.805143+00:00,Bukit Gombak ActiveSG Gym,76%
2026-09-22T12:05:22.805143+00:00,Choa Chu Kang ActiveSG Gym,49%
2026-09-22T12:05:22.805143+00:00,Clementi ActiveSG Gym,80%
2026-09-22T12:05:22.805143+00:00,Delta ActiveSG Gym,72%
2026-09-22T12:05:22.805143+00:00,Heartbeat @ Bedok ActiveSG Gym,47%
2026-09-22T12:05:22.805143+00:00,Hougang ActiveSG Gym,58%
2026-09-22T12:05:22.805143+00:00,Jalan Besar ActiveSG Gym,61%
2026-09-22T12:05:22.805143+00:00,Jurong East ActiveSG Gym,53%
2026-09-22T12:05:22.805143+00:00,Jurong Lake Gardens ActiveSG Gym,59%
2026-09-22T12:05:22.805143+00:00,Jurong West ActiveSG Gym,0%
2026-09-22T12:05:22.805143+00:00,Katong ActiveSG Gym,45%
2026-09-22T12:05:22.805143+00:00,Pasir Ris ActiveSG Gym,49%
2026-09-22T12:05:22.805143+00:00,Queenstown ActiveSG Gym,60%
2026-09-22T12:05:22.805143+00:00,Sengkang ActiveSG Gym,92%
2026-09-22T12:05:22.805143+00:00,Senja-Cashew ActiveSG Gym,91%
2026-09-22T12:05:22.805143+00:00,Tampines ActiveSG Gym,69%
2026-09-22T12:05:22.805143+00:00,Woodlands ActiveSG Gym,58%
2026-09-22T12:05:22.805143+00:00,Yio Chu Kang ActiveSG Gym,34%
2026-09-22T12:05:22.805143+00:00,Yishun ActiveSG Gym,55%
2026-09-23T12:00:45.423558+00:00,ActiveSG Gym @ Ang Mo Kio Community Centre,52%
2026-09-23T12:00:45.423558+00:00,ActiveSG Gym @ Enabling Village,42%
2026-09-23T12:00:45.423558+00:00,ActiveSG Gym @ Fernvale Square,63%
2026-09-23T12:00:45.423558+00:00,ActiveSG Gym @ Serangoon Central,97%
2026-09-23T12:00:45.423558+00:00,ActiveSG Gym @ Toa Payoh,78%
2026-09-23T12:00:45.423558+00:00,ActiveSG Gym @ Toa Payoh West Community Centre,44%
2026-09-23T12:00:45.423558+00:00,ActiveSG Hockey Village @ Boon Lay Gym,44%
2026-09-23T12:00:45.423558+00:00,ActiveSG Sport Park @ Teck Ghee ActiveSG Gym,45%
2026-09-23T12:00:45.423558+00:00,Bishan ActiveSG Gym,82%
2026-09-23T12:00:45.423558+00:00,Bukit Batok ActiveSG Gym,88%
2026-09-23T12:00:45.423558+00:00,Bukit Canberra ActiveSG Gym,67%
2026-09-23T12:00:45.423558+00:00,Bukit Gombak ActiveSG Gym,59%
2026-09-23T12:00:45.423558+00:00,Choa Chu Kang ActiveSG Gym,86%
2026-09-23T12:00:45.423558+00:00,Clementi ActiveSG Gym,89%
2026-09-23T12:00:45.423558+00:00,Delta ActiveSG Gym,68%
2026-09-23T12:00:45.423558+00:00,Heartbeat @ Bedok ActiveSG Gym,63%
2026-09-23T12:00:45.423558+00:00,Hougang ActiveSG Gym,46%
2026-09-23T12:00:45.423558+00:00,Jalan Besar ActiveSG Gym,94%
2026-09-23T12:00:45.423558+00:00,Jurong East ActiveSG Gym,56%
2026-09-23T12:00:45.423558+00:00,Jurong Lake Gardens ActiveSG Gym,51%
2026-09-23T12:00:45.423558+00:00,Jurong West ActiveSG Gym,34%
2026-09-23T12:00:45.423558+00:00,Katong ActiveSG Gym,65%
2026-09-23T12:00:45.423558+00:00,Pasir Ris ActiveSG Gym,56%
2026-09-23T12:00:45.423558+00:00,Queenstown ActiveSG Gym,62%
2026-09-23T12:00:45.423558+00:00,Sengkang ActiveSG Gym,78%
2026-09-23T12:00:45.423558+00:00,Senja-Cashew ActiveSG Gym,72%
2026-09-23T12:00:45.423558+00:00,Tampines ActiveSG Gym,72%
2026-09-23T12:00:45.423558+00:00,Woodlands ActiveSG Gym,47%
2026-09-23T12:00:45.423558+00:00,Yio Chu Kang ActiveSG Gym,0%
2026-09-23T12:00:45.423558+00:00,Yishun ActiveSG Gym,71%
2026-09-24T01:13:49.981967+00:00,ActiveSG Gym @ Ang Mo Kio Community Centre,33%
2026-09-24T01:13:49.981967+00:00,ActiveSG Gym @ Enabling Village,20%
2026-09-24T01:13:49.981967+00:00,ActiveSG Gym @ Fernvale Square,43%
2026-09-24T01:13:49.981967+00:00,ActiveSG Gym @ Serangoon Central,40%
2026-09-24T01:13:49.981967+00:00,ActiveSG Gym @ Toa Payoh,38%
2026-09-24T01:13:49.981967+00:00,ActiveSG Gym @ Toa Payoh West Community Centre,23%
2026-09-24T01:13:49.981967+00:00,ActiveSG Hockey Village @ Boon Lay Gym,18%
2026-09-24T01:13:49.981967+00:00,ActiveSG Sport Park @ Teck Ghee ActiveSG Gym,26%
2026-09-24T01:13:49.981967+00:00,Bishan ActiveSG Gym,44%
2026-09-24T01:13:49.981967+00:00,Bukit Batok ActiveSG Gym,60%
2026-09-24T01:13:49.981967+00:00,Bukit Canberra ActiveSG Gym,37%
2026-09-24T01:13:49.981967+00:00,Bukit Gombak ActiveSG Gym,50%
2026-09-24T01:13:49.981967+00:00,Choa Chu Kang ActiveSG Gym,42%
2026-09-24T01:13:49.981967+00:00,Clementi ActiveSG Gym,39%
2026-09-24T01:13:49.981967+00:00,Delta ActiveSG Gym,36%
2026-09-24T01:13:49.981967+00:00,Heartbeat @ Bedok ActiveSG Gym,41%
2026-09-24T01:13:49.981967+00:00,Hougang ActiveSG Gym,31%
2026-09-24T01:13:49.981967+00:00,Jalan Besar ActiveSG Gym,44%
2026-09-24T01:13:49.981967+00:00,Jurong East ActiveSG Gym,28%
2026-09-24T01:13:49.981967+00:00,Jurong Lake Gardens ActiveSG Gym,16%
2026-09-24T01:13:49.981967+00:00,Jurong West ActiveSG Gym,19%
2026-09-24T01:13:49.981967+00:00,Katong ActiveSG Gym,49%
2026-09-24T01:13:49.981967+00:00,Pasir Ris ActiveSG Gym,24%
2026-09-24T01:13:49.981967+00:00,Queenstown ActiveSG Gym,30%
2026-09-24T01:13:49.981967+00:00,Sengkang ActiveSG Gym,57%
2026-09-24T01:13:49.981967+00:00,Senja-Cashew ActiveSG Gym,57%
2026-09-24T01:13:49.981967+00:00,Tampines ActiveSG Gym,36%
2026-09-24T01:13:49.981967+00:00,Woodlands ActiveSG Gym,27%
2026-09-24T01:13:49.981967+00:00,Yio Chu Kang ActiveSG Gym,24%
2026-09-24T01:13:49.981967+00:00,Yishun ActiveSG Gym,31%
2026-09-24T06:14:01.273184+00:00,ActiveSG Gym @ Ang Mo Kio Community Centre,35%
2026-09-24T06:14:01.273184+00:00,ActiveSG Gym @ Enabling Village,18%
2026-09-24T06:14:01.273184+00:00,ActiveSG Gym @ Fernvale Square,28%
2026-09-24T06:14:01.273184+00:00,ActiveSG Gym @ Serangoon Central,47%
2026-09-24T06:14:01.273184+00:00,ActiveSG Gym @ Toa Payoh,49%
2026-09-24T06:14:01.273184+00:00,ActiveSG Gym @ Toa Payoh West Community Centre,24%
2026-09-24T06:14:01.273184+00:00,ActiveSG Hockey Village @ Boon Lay Gym,28%
2026-09-24T06:14:01.273184+00:00,ActiveSG Sport Park @ Teck Ghee ActiveSG Gym,31%
2026-09-24T06:14:01.273184+00:00,Bishan ActiveSG Gym,25%
2026-09-24T06:14:01.273184+00:00,Bukit Batok ActiveSG Gym,45%
2026-09-24T06:14:01.273184+00:00,Bukit Canberra ActiveSG Gym,34%
2026-09-24T06:14:01.273184+00:00,Bukit Gombak ActiveSG Gym,38%
2026-09-24T06:14:01.273184+00:00,Choa Chu Kang ActiveSG Gym,35%
2026-09-24T06:14:01.273184+00:00,Clementi ActiveSG Gym,35%
2026-09-24T06:14:01.273184+00:00,Delta ActiveSG Gym,27%
2026-09-24T06:14:01.273184+00:00,Heartbeat @ Bedok ActiveSG Gym,58%
2026-09-24T06:14:01.273184+00:00,Hougang ActiveSG Gym,36%
2026-09-24T06:14:01.273184+00:00,Jalan Besar ActiveSG Gym,42%
2026-09-24T06:14:01.273184+00:00,Jurong East ActiveSG Gym,25%
2026-09-24T06:14:01.273184+00:00,Jurong Lake Gardens ActiveSG Gym,19%
2026-09-24T06:14:01.273184+00:00,Jurong West ActiveSG Gym,14%
2026-09-24T06:14:01.273184+00:00,Katong ActiveSG Gym,43%
2026-09-24T06:14:01.273184+00:00,Pasir Ris ActiveSG Gym,18%
2026-09-24T06:14:01.273184+00:00,Queenstown ActiveSG Gym,25%
2026-09-24T06:14:01.273184+00:00,Sengkang ActiveSG Gym,54%
2026-09-24T06:14:01.273184+00:00,Senja-Cashew ActiveSG Gym,71%
2026-09-24T06:14:01.273184+00:00,Tampines ActiveSG Gym,42%
2026-09-24T06:14:01.273184+00:00,Woodlands ActiveSG Gym,33%
2026-09-24T06:14:01.273184+00:00,Yio Chu Kang ActiveSG Gym,28%
2026-09-24T06:14:01.273184+00:00,Yishun ActiveSG Gym,43%
2026-09-25T01:14:26.903645+00:00,ActiveSG Gym @ Ang Mo Kio Community Centre,42%
2026-09-25T01:14:26.903645+00:00,ActiveSG Gym @ Enabling Village,16%
2026-09-25T01:14:26.903645+00:00,ActiveSG Gym @ Fernvale Square,53%
2026-09-25T01:14:26.903645+00:00,ActiveSG Gym @ Serangoon Central,60%
2026-09-25T01:14:26.903645+00:00,ActiveSG Gym @ Toa Payoh,44%
2026-09-25T01:14:26.903645+00:00,ActiveSG Gym @ Toa Payoh West Community Centre,21%
2026-09-25T01:14:26.903645+00:00,ActiveSG Hockey Village @ Boon Lay Gym,16%
2026-09-25T01:14:26.903645+00:00,ActiveSG Sport Park @ Teck Ghee ActiveSG Gym,21%
2026-09-25T01:14:26.903645+00:00,Bishan ActiveSG Gym,38%
2026-09-25T01:14:26.903645+00:00,Bukit Batok ActiveSG Gym,40%
2026-09-25T01:14:26.903645+00:00,Bukit Canberra ActiveSG Gym,37%
2026-09-25T01:14:26.903645+00:00,Bukit Gombak ActiveSG Gym,32%
2026-09-25T01:14:26.903645+00:00,Choa Chu Kang ActiveSG Gym,49%
2026-09-25T01:14:26.903645+00:00,Clementi ActiveSG Gym,56%
2026-09-25T01:14:26.903645+00:00,Delta ActiveSG Gym,33%
2026-09-25T01:14:26.903645+00:00,Heartbeat @ Bedok ActiveSG Gym,44%
2026-09-25T01:14:26.903645+00:00,Hougang ActiveSG Gym,43%
2026-09-25T01:14:26.903645+00:00,Jalan Besar ActiveSG Gym,51%
2026-09-25T01:14:26.903645+00:00,Jurong East ActiveSG Gym,35%
2026-09-25T01:14:26.903645+00:00,Jurong Lake Gardens ActiveSG Gym,22%
2026-09-25T01:14:26.903645+00:00,Jurong West ActiveSG Gym,24%
2026-09-25T01:14:26.903645+00:00,Katong ActiveSG Gym,49%
2026-09-25T01:14:26.903645+00:00,Pasir Ris ActiveSG Gym,27%
2026-09-25T01:14:26.903645+00:00,Queenstown ActiveSG Gym,31%
2026-09-25T01:14:26.903645+00:00,Sengkang ActiveSG Gym,61%
2026-09-25T01:14:26.903645+00:00,Senja-Cashew ActiveSG Gym,60%
2026-09-25T01:14:26.903645+00:00,Tampines ActiveSG Gym,31%
2026-09-25T01:14:26.903645+00:00,Woodlands ActiveSG Gym,37%
2026-09-25T01:14:26.903645+00:00,Yio Chu Kang ActiveSG Gym,33%
2026-09-25T01:14:26.903645+00:00,Yishun ActiveSG Gym,26%
